speaker,call,codec,attack,length_s,whole_call_ber,max_window_ber,conclusive_windows,share_over_sender_speech,max_window_ber_nopause,conclusive_windows_nopause
1462,3,g711u,full_natural,60.0,0.6577107907383136,1.0,271,1.0,0.5390625,202
1462,3,g711u,full_synthetic,60.0,0.665948275862069,1.0,280,1.0,0.5242537313432836,202
1462,3,g711u,splice_natural,0.5,0.09883162612035852,0.27232142857142855,202,0.76,0.21634615384615385,202
1462,3,g711u,splice_synthetic,0.5,0.09609826589595376,0.27163461538461536,202,1.0,0.27163461538461536,202
1462,3,g711u,splice_natural,1.0,0.10457724094087731,0.6453488372093024,204,0.48,0.28058510638297873,202
1462,3,g711u,splice_synthetic,1.0,0.09995183044315992,0.36666666666666664,202,0.82,0.36666666666666664,202
1462,3,g711u,splice_natural,2.0,0.11875,0.748641304347826,205,0.61,0.49888392857142855,202
1462,3,g711u,splice_synthetic,2.0,0.13090642371834466,1.0,211,0.19,0.22340425531914893,202
1462,3,g711u,splice_natural,3.0,0.12496011486917677,0.5704113924050633,202,0.7533333333333333,0.5151785714285714,202
1462,3,g711u,splice_synthetic,3.0,0.13579616834170855,0.6400602409638554,203,0.6333333333333333,0.49360795454545453,202
1462,3,g711u,splice_natural,5.0,0.18731585150265173,1.0,217,0.352,0.5271739130434783,202
1462,3,g711u,splice_synthetic,5.0,0.15903774173424828,0.7308823529411764,202,0.656,0.5514705882352942,202
1462,3,g711u,pause_inject_natural,3.0,0.15606420927467302,1.0,219,0.0,0.1323529411764706,202
1462,3,g711u,pause_inject_synthetic,3.0,0.15732630641330167,1.0,219,0.0,0.13490853658536586,202
1462,3,g711a,full_natural,60.0,0.657917760279965,1.0,271,1.0,0.536144578313253,202
1462,3,g711a,full_synthetic,60.0,0.6674107142857143,1.0,279,1.0,0.5326492537313433,202
1462,3,g711a,splice_natural,0.5,0.10616708780795957,0.13970588235294118,202,0.0,0.13970588235294118,202
1462,3,g711a,splice_synthetic,0.5,0.09348908156711624,0.26802884615384615,202,1.0,0.26802884615384615,202
1462,3,g711a,splice_natural,1.0,0.1059974342527261,0.38786764705882354,202,0.84,0.3693181818181818,202
1462,3,g711a,splice_synthetic,1.0,0.10280186255619782,0.3287671232876712,202,0.92,0.3287671232876712,202
1462,3,g711a,splice_natural,2.0,0.11782334384858044,0.6596385542168675,202,0.55,0.4863636363636364,202
1462,3,g711a,splice_synthetic,2.0,0.12872724419334589,0.6910511363636364,202,0.54,0.47716346153846156,202
1462,3,g711a,splice_natural,3.0,0.13340435606060605,0.6968085106382979,204,0.74,0.5205882352941177,202
1462,3,g711a,splice_synthetic,3.0,0.12867647058823528,0.6310240963855421,202,0.6466666666666666,0.5280797101449275,202
1462,3,g711a,splice_natural,5.0,0.17309717208182912,1.0,215,0.38,0.5065298507462687,202
1462,3,g711a,splice_synthetic,5.0,0.19503697383390217,1.0,232,0.0,0.15931372549019607,202
1462,3,g711a,pause_inject_natural,3.0,0.16002090800477897,1.0,217,0.0,0.16789215686274508,202
1462,3,g711a,pause_inject_synthetic,3.0,0.16059233966745842,1.0,218,0.0,0.14939024390243902,202
1462,3,opus16,full_natural,60.0,0.6591991341991342,1.0,273,1.0,0.5340909090909091,202
1462,3,opus16,full_synthetic,60.0,0.666252116850127,1.0,278,1.0,0.5441810344827587,202
1462,3,opus16,splice_natural,0.5,0.15960179833012203,0.3229166666666667,202,0.92,0.3229166666666667,202
1462,3,opus16,splice_synthetic,0.5,0.16371328224776502,0.33766233766233766,202,0.56,0.25,202
1462,3,opus16,splice_natural,1.0,0.16972257653061223,0.4701923076923077,202,0.7,0.36226851851851855,202
1462,3,opus16,splice_synthetic,1.0,0.16613418530351437,0.439365671641791,202,0.74,0.3633474576271186,202
1462,3,opus16,splice_natural,2.0,0.17462291399229782,0.5123626373626373,202,0.9,0.5069444444444444,202
1462,3,opus16,splice_synthetic,2.0,0.17735518777848505,0.6053082191780822,202,0.74,0.5116525423728814,202
1462,3,opus16,splice_natural,3.0,0.18526927979604843,0.5746753246753247,202,0.8466666666666667,0.5055555555555555,202
1462,3,opus16,splice_synthetic,3.0,0.1894370651486401,0.74375,205,0.6266666666666667,0.540719696969697,202
1462,3,opus16,splice_natural,5.0,0.2485730593607306,1.0,228,0.024,0.2056451612903226,202
1462,3,opus16,splice_synthetic,5.0,0.20810832274459976,0.6022058823529411,202,0.824,0.509963768115942,202
1462,3,opus16,pause_inject_natural,3.0,0.21585475194261805,1.0,218,0.0,0.197265625,202
1462,3,opus16,pause_inject_synthetic,3.0,0.21173698384201078,1.0,219,0.0,0.1951923076923077,202
1462,3,amr122,full_natural,60.0,0.6602989130434782,1.0,274,1.0,0.538563829787234,202
1462,3,amr122,full_synthetic,60.0,0.6652484143763213,1.0,278,1.0,0.5287356321839081,202
1462,3,amr122,splice_natural,0.5,0.2784054993678888,0.3179347826086957,202,0.0,0.3179347826086957,202
1462,3,amr122,splice_synthetic,0.5,0.27852402022756007,0.6486111111111111,205,0.0,0.3180147058823529,202
1462,3,amr122,splice_natural,1.0,0.28933457711442784,1.0,208,0.0,0.3165322580645161,202
1462,3,amr122,splice_synthetic,1.0,0.2892668119551681,1.0,210,0.0,0.3185483870967742,202
1462,3,amr122,splice_natural,2.0,0.28020833333333334,0.5213235294117647,202,0.82,0.5038109756097561,202
1462,3,amr122,splice_synthetic,2.0,0.3106106408706167,1.0,214,0.0,0.3314732142857143,202
1462,3,amr122,splice_natural,3.0,0.30186170212765956,0.7394662921348315,202,0.62,0.5169270833333334,202
1462,3,amr122,splice_synthetic,3.0,0.32435344827586204,1.0,215,0.03333333333333333,0.32589285714285715,202
1462,3,amr122,splice_natural,5.0,0.3403099652375435,1.0,225,0.092,0.3695652173913043,202
1462,3,amr122,splice_synthetic,5.0,0.31171580928481807,0.6910919540229885,202,0.768,0.5023148148148148,202
1462,3,amr122,pause_inject_natural,3.0,0.3146797955502105,1.0,219,0.0,0.3245967741935484,202
1462,3,amr122,pause_inject_synthetic,3.0,0.30619684082624543,1.0,216,0.0,0.3278985507246377,202
1462,3,amr475,full_natural,60.0,0.6573529411764706,1.0,271,1.0,0.5338541666666666,202
1462,3,amr475,full_synthetic,60.0,0.6623553984575835,1.0,277,1.0,0.5389150943396226,202
1462,3,amr475,splice_natural,0.5,0.36465571699305116,0.7544642857142857,205,0.0,0.4212962962962963,202
1462,3,amr475,splice_synthetic,0.5,0.3581622835150738,0.4153645833333333,202,0.68,0.4131944444444444,202
1462,3,amr475,splice_natural,1.0,0.3727845149253731,1.0,212,0.0,0.40625,202
1462,3,amr475,splice_synthetic,1.0,0.36299775208734747,0.47708333333333336,202,0.74,0.47708333333333336,202
1462,3,amr475,splice_natural,2.0,0.37343358395989973,0.709478021978022,202,0.52,0.49158653846153844,202
1462,3,amr475,splice_synthetic,2.0,0.39067220543806647,1.0,214,0.0,0.40848214285714285,202
1462,3,amr475,splice_natural,3.0,0.38035490931832394,0.7478197674418605,202,0.6266666666666667,0.5071022727272727,202
1462,3,amr475,splice_synthetic,3.0,0.3697418738049713,0.5817307692307693,202,0.78,0.5074013157894737,202
1462,3,amr475,splice_natural,5.0,0.42053004043905257,1.0,222,0.096,0.40848214285714285,202
1462,3,amr475,splice_synthetic,5.0,0.3834692597239649,0.6216216216216216,202,0.764,0.5185185185185185,202
1462,3,amr475,pause_inject_natural,3.0,0.4033214709371293,1.0,218,0.0,0.4166666666666667,202
1462,3,amr475,pause_inject_synthetic,3.0,0.399589552238806,1.0,217,0.0,0.4112903225806452,202
1462,3,amr122_g711u,full_natural,60.0,0.6610284535186794,1.0,274,1.0,0.53125,202
1462,3,amr122_g711u,full_synthetic,60.0,0.6707471506964964,1.0,279,1.0,0.5428921568627451,202
1462,3,amr122_g711u,splice_natural,0.5,0.28087157425111536,0.4605263157894737,202,0.48,0.32472826086956524,202
1462,3,amr122_g711u,splice_synthetic,0.5,0.28697850821744625,0.328804347826087,202,0.0,0.328804347826087,202
1462,3,amr122_g711u,splice_natural,1.0,0.2813899552143314,0.4710820895522388,202,0.74,0.4258474576271186,202
1462,3,amr122_g711u,splice_synthetic,1.0,0.28655735107731306,0.5555555555555556,202,0.38,0.37611607142857145,202
1462,3,amr122_g711u,splice_natural,2.0,0.3117373398413667,1.0,213,0.01,0.3353658536585366,202
1462,3,amr122_g711u,splice_synthetic,2.0,0.2916666666666667,0.4966755319148936,202,0.88,0.46235795454545453,202
1462,3,amr122_g711u,splice_natural,3.0,0.3009920634920635,0.6038135593220338,203,0.76,0.5176282051282052,202
1462,3,amr122_g711u,splice_synthetic,3.0,0.3063871473354232,0.6985677083333334,202,0.7133333333333334,0.5010775862068966,202
1462,3,amr122_g711u,splice_natural,5.0,0.3513688760806916,1.0,223,0.112,0.4320652173913043,202
1462,3,amr122_g711u,splice_synthetic,5.0,0.32803846153846156,0.9082446808510638,206,0.62,0.5301724137931034,202
1462,3,amr122_g711u,pause_inject_natural,3.0,0.32214135654261705,1.0,219,0.0,0.33003048780487804,202
1462,3,amr122_g711u,pause_inject_synthetic,3.0,0.3234767025089606,1.0,218,0.0,0.3239329268292683,202
1462,4,g711u,full_natural,60.0,0.587310606060606,1.0,237,1.0,0.5726744186046512,209
1462,4,g711u,full_synthetic,60.0,0.6686962750716332,1.0,286,1.0,0.553125,209
1462,4,g711u,splice_natural,0.5,0.11316950699939135,0.6041666666666666,213,0.0,0.17005813953488372,209
1462,4,g711u,splice_synthetic,0.5,0.10451453308596166,0.22478070175438597,209,0.68,0.22478070175438597,209
1462,4,g711u,splice_natural,1.0,0.12301408872901679,1.0,216,0.0,0.16185897435897437,209
1462,4,g711u,splice_synthetic,1.0,0.12436109440769694,1.0,219,0.0,0.16666666666666666,209
1462,4,g711u,splice_natural,2.0,0.11924443757725588,0.4698529411764706,209,0.9,0.46875,209
1462,4,g711u,splice_synthetic,2.0,0.15270882009345793,1.0,220,0.0,0.18441358024691357,209
1462,4,g711u,splice_natural,3.0,0.13009888751545118,0.5205882352941177,209,0.76,0.5148809523809523,209
1462,4,g711u,splice_synthetic,3.0,0.1520310633213859,1.0,215,0.56,0.53875,209
1462,4,g711u,splice_natural,5.0,0.19624860022396418,1.0,232,0.144,0.3979591836734694,209
1462,4,g711u,splice_synthetic,5.0,0.1743904230317274,1.0,217,0.5,0.5009057971014492,209
1462,4,g711u,pause_inject_natural,3.0,0.15875649163300634,1.0,222,0.0,0.16987179487179488,209
1462,4,g711u,pause_inject_synthetic,3.0,0.1664522584333905,1.0,225,0.0,0.1794871794871795,209
1462,4,g711a,full_natural,60.0,0.587316641375822,1.0,236,1.0,0.5450819672131147,209
1462,4,g711a,full_synthetic,60.0,0.6670338114754099,1.0,286,1.0,0.5578125,209
1462,4,g711a,splice_natural,0.5,0.10424397031539889,0.288265306122449,209,0.84,0.288265306122449,209
1462,4,g711a,splice_synthetic,0.5,0.1149954351795496,0.6224489795918368,212,0.0,0.16442307692307692,209
1462,4,g711a,splice_natural,1.0,0.11267006802721088,0.39889705882352944,209,1.0,0.39889705882352944,209
1462,4,g711a,splice_synthetic,1.0,0.11133415688696727,0.4125,210,0.62,0.3880208333333333,209
1462,4,g711a,splice_natural,2.0,0.12239742804654011,0.6863425925925926,212,0.46,0.5221354166666666,209
1462,4,g711a,splice_synthetic,2.0,0.13074800735744943,0.5658244680851063,209,0.8,0.48984375,209
1462,4,g711a,splice_natural,3.0,0.1335279655808236,0.5523097826086957,209,0.8533333333333334,0.5050287356321839,209
1462,4,g711a,splice_synthetic,3.0,0.13973515003061848,0.5947802197802198,209,0.7666666666666667,0.5083333333333333,209
1462,4,g711a,splice_natural,5.0,0.17282142857142857,1.0,224,0.06,0.2359375,209
1462,4,g711a,splice_synthetic,5.0,0.1575274557657108,0.6221910112359551,212,0.692,0.53203125,209
1462,4,g711a,pause_inject_natural,3.0,0.16053921568627452,1.0,222,0.0,0.15677966101694915,209
1462,4,g711a,pause_inject_synthetic,3.0,0.15887073452862926,1.0,225,0.0,0.1555232558139535,209
1462,4,opus16,full_natural,60.0,0.6434114927344782,1.0,277,1.0,0.5428921568627451,209
1462,4,opus16,full_synthetic,60.0,0.6669973544973545,1.0,285,1.0,0.528125,209
1462,4,opus16,splice_natural,0.5,0.16055967841682128,0.3069029850746269,209,1.0,0.3069029850746269,209
1462,4,opus16,splice_synthetic,0.5,0.1556895485466914,0.285958904109589,209,0.92,0.285958904109589,209
1462,4,opus16,splice_natural,1.0,0.15924551638837353,0.20546875,209,0.0,0.20546875,209
1462,4,opus16,splice_synthetic,1.0,0.1728413962033068,0.7247023809523809,211,0.52,0.375,209
1462,4,opus16,splice_natural,2.0,0.20256988934187536,1.0,221,0.0,0.19279661016949154,209
1462,4,opus16,splice_synthetic,2.0,0.19495106761565836,1.0,216,0.19,0.309375,209
1462,4,opus16,splice_natural,3.0,0.22275,1.0,226,0.0,0.19270833333333334,209
1462,4,opus16,splice_synthetic,3.0,0.18511391625615764,0.5391483516483516,209,0.8266666666666667,0.5123546511627907,209
1462,4,opus16,splice_natural,5.0,0.22426909307875895,0.7895833333333333,210,0.704,0.559593023255814,209
1462,4,opus16,splice_synthetic,5.0,0.2080913814180929,0.6338141025641025,209,0.792,0.534375,209
1462,4,opus16,pause_inject_natural,3.0,0.1953537874339401,1.0,222,0.0,0.18055555555555555,209
1462,4,opus16,pause_inject_synthetic,3.0,0.20673356602675974,1.0,224,0.0,0.19809322033898305,209
1462,4,amr122,full_natural,60.0,0.6345703125,1.0,277,1.0,0.5234375,209
1462,4,amr122,full_synthetic,60.0,0.6655211325400082,1.0,285,1.0,0.5286016949152542,209
1462,4,amr122,splice_natural,0.5,0.2649196042053185,0.3572916666666667,209,1.0,0.3572916666666667,209
1462,4,amr122,splice_synthetic,0.5,0.2714951130116066,0.3230932203389831,209,0.0,0.3230932203389831,209
1462,4,amr122,splice_natural,1.0,0.270717377860235,0.40189873417721517,209,0.94,0.40189873417721517,209
1462,4,amr122,splice_synthetic,1.0,0.2822242206235012,1.0,218,0.0,0.298728813559322,209
1462,4,amr122,splice_natural,2.0,0.29480780691299163,1.0,216,0.32,0.4758522727272727,209
1462,4,amr122,splice_synthetic,2.0,0.28100273889227023,0.7245762711864406,212,0.38,0.46875,209
1462,4,amr122,splice_natural,3.0,0.27986793611793614,0.5918367346938775,212,0.64,0.4715909090909091,209
1462,4,amr122,splice_synthetic,3.0,0.2864678899082569,0.6111111111111112,209,0.74,0.5,209
1462,4,amr122,splice_natural,5.0,0.2970245215311005,1.0,216,0.384,0.49906716417910446,209
1462,4,amr122,splice_synthetic,5.0,0.3337066069428891,1.0,232,0.136,0.4260204081632653,209
1462,4,amr122,pause_inject_natural,3.0,0.30471478463329454,1.0,223,0.0,0.3146186440677966,209
1462,4,amr122,pause_inject_synthetic,3.0,0.3181007420091324,1.0,225,0.0,0.3167372881355932,209
1462,4,amr475,full_natural,60.0,0.6400099513489607,1.0,277,1.0,0.538135593220339,209
1462,4,amr475,full_synthetic,60.0,0.6595367278797997,1.0,285,1.0,0.534375,209
1462,4,amr475,splice_natural,0.5,0.3674496644295302,0.41369047619047616,209,0.0,0.41369047619047616,209
1462,4,amr475,splice_synthetic,0.5,0.36023500309214596,0.41875,209,0.88,0.41875,209
1462,4,amr475,splice_natural,1.0,0.3794294294294294,1.0,217,0.0,0.41443452380952384,209
1462,4,amr475,splice_synthetic,1.0,0.3596552257266543,0.4892578125,209,1.0,0.4892578125,209
1462,4,amr475,splice_natural,2.0,0.37310376213592233,0.8295454545454546,213,0.63,0.4872448979591837,209
1462,4,amr475,splice_synthetic,2.0,0.39028671737858395,1.0,224,0.0,0.41550925925925924,209
1462,4,amr475,splice_natural,3.0,0.37629415347137635,0.6311141304347826,209,0.7266666666666667,0.5255102040816326,209
1462,4,amr475,splice_synthetic,3.0,0.3733662613981763,0.6036931818181818,209,0.72,0.5192307692307693,209
1462,4,amr475,splice_natural,5.0,0.41101088201603664,1.0,221,0.376,0.50875,209
1462,4,amr475,splice_synthetic,5.0,0.40781519861830745,1.0,226,0.34,0.49744897959183676,209
1462,4,amr475,pause_inject_natural,3.0,0.40305459272097055,1.0,225,0.0,0.41964285714285715,209
1462,4,amr475,pause_inject_synthetic,3.0,0.40714387871853547,1.0,225,0.0,0.41369047619047616,209
1462,4,amr122_g711u,full_natural,60.0,0.6286831368993654,1.0,275,1.0,0.5329861111111112,209
1462,4,amr122_g711u,full_synthetic,60.0,0.6636410788381742,1.0,285,1.0,0.5509259259259259,209
1462,4,amr122_g711u,splice_natural,0.5,0.2799551638837353,0.38392857142857145,209,0.84,0.38392857142857145,209
1462,4,amr122_g711u,splice_synthetic,0.5,0.27902752009894866,0.36015625,209,1.0,0.36015625,209
1462,4,amr122_g711u,splice_natural,1.0,0.28793954349167183,0.4357394366197183,209,0.82,0.40205223880597013,209
1462,4,amr122_g711u,splice_synthetic,1.0,0.2811147186147186,0.3830882352941177,209,1.0,0.3830882352941177,209
1462,4,amr122_g711u,splice_natural,2.0,0.294,0.5414402173913043,209,0.91,0.49776785714285715,209
1462,4,amr122_g711u,splice_synthetic,2.0,0.290984239802225,0.5117647058823529,209,0.84,0.5059523809523809,209
1462,4,amr122_g711u,splice_natural,3.0,0.2980976586568084,0.5225290697674418,209,0.8666666666666667,0.4940159574468085,209
1462,4,amr122_g711u,splice_synthetic,3.0,0.3323684962835906,1.0,224,0.0,0.3261217948717949,209
1462,4,amr122_g711u,splice_natural,5.0,0.31478658536585363,0.6088235294117647,209,0.784,0.5202702702702703,209
1462,4,amr122_g711u,splice_synthetic,5.0,0.33805668016194335,1.0,223,0.356,0.51875,209
1462,4,amr122_g711u,pause_inject_natural,3.0,0.3199941792782305,1.0,224,0.0,0.3317307692307692,209
1462,4,amr122_g711u,pause_inject_synthetic,3.0,0.3312751292360712,1.0,225,0.0,0.327724358974359,209
1462,5,g711u,full_natural,60.0,0.6102975360297536,1.0,252,1.0,0.5316455696202531,209
1462,5,g711u,full_synthetic,60.0,0.6657684630738523,1.0,290,1.0,0.5491071428571429,209
1462,5,g711u,splice_natural,0.5,0.10362927414517097,0.26325757575757575,209,0.76,0.2519230769230769,209
1462,5,g711u,splice_synthetic,0.5,0.11162034299231224,0.15760869565217392,209,0.0,0.15760869565217392,209
1462,5,g711u,splice_natural,1.0,0.11953671328671328,1.0,216,0.0,0.1453804347826087,209
1462,5,g711u,splice_synthetic,1.0,0.12445398951659872,1.0,216,0.0,0.1453804347826087,209
1462,5,g711u,splice_natural,2.0,0.12596899224806202,0.5759943181818182,209,0.77,0.515422077922078,209
1462,5,g711u,splice_synthetic,2.0,0.11777843954734961,0.5498417721518988,209,0.66,0.46117424242424243,209
1462,5,g711u,splice_natural,3.0,0.15334757834757834,1.0,219,0.32,0.48777173913043476,209
1462,5,g711u,splice_synthetic,3.0,0.14182968929804374,1.0,217,0.25333333333333335,0.4361111111111111,209
1462,5,g711u,splice_natural,5.0,0.16033245459871118,0.7684859154929577,214,0.704,0.5165816326530612,209
1462,5,g711u,splice_synthetic,5.0,0.17250987584650113,1.0,221,0.424,0.5025,209
1462,5,g711u,pause_inject_natural,3.0,0.15878851540616246,1.0,222,0.0,0.1453804347826087,209
1462,5,g711u,pause_inject_synthetic,3.0,0.1527621195039459,1.0,221,0.0,0.15896739130434784,209
1462,5,g711a,full_natural,60.0,0.6077245230339693,1.0,252,1.0,0.5286458333333334,209
1462,5,g711a,full_synthetic,60.0,0.6643028365960847,1.0,290,1.0,0.5396634615384616,209
1462,5,g711a,splice_natural,0.5,0.10929084380610413,0.2787828947368421,209,0.6,0.22799295774647887,209
1462,5,g711a,splice_synthetic,0.5,0.10703031212484994,0.2532051282051282,209,1.0,0.2532051282051282,209
1462,5,g711a,splice_natural,1.0,0.11123199279711884,0.34546703296703296,209,1.0,0.34546703296703296,209
1462,5,g711a,splice_synthetic,1.0,0.12715140023337224,0.6129518072289156,214,0.0,0.15423387096774194,209
1462,5,g711a,splice_natural,2.0,0.15100909607731666,1.0,220,0.0,0.14919354838709678,209
1462,5,g711a,splice_synthetic,2.0,0.125,0.6317307692307692,209,0.69,0.5064655172413793,209
1462,5,g711a,splice_natural,3.0,0.14638741134751773,0.6964285714285714,214,0.7266666666666667,0.521875,209
1462,5,g711a,splice_synthetic,3.0,0.15318696883852692,1.0,224,0.013333333333333334,0.17338709677419356,209
1462,5,g711a,splice_natural,5.0,0.18470201454952434,1.0,224,0.392,0.5184659090909091,209
1462,5,g711a,splice_synthetic,5.0,0.16584967320261437,0.5993055555555555,209,0.844,0.5316558441558441,209
1462,5,g711a,pause_inject_natural,3.0,0.16116573033707865,1.0,224,0.0,0.18125,209
1462,5,g711a,pause_inject_synthetic,3.0,0.1619683827644096,1.0,222,0.0,0.1625,209
1462,5,opus16,full_natural,60.0,0.6123900971772328,1.0,252,1.0,0.5438218390804598,209
1462,5,opus16,full_synthetic,60.0,0.6666417165668662,1.0,290,1.0,0.5505952380952381,209
1462,5,opus16,splice_natural,0.5,0.1716686674669868,0.40922619047619047,209,1.0,0.40922619047619047,209
1462,5,opus16,splice_synthetic,0.5,0.164390756302521,0.2545180722891566,209,1.0,0.2545180722891566,209
1462,5,opus16,splice_natural,1.0,0.1789890467732386,0.7321428571428571,211,0.52,0.34103260869565216,209
1462,5,opus16,splice_synthetic,1.0,0.17494054696789535,0.5770089285714286,209,0.58,0.4078125,209
1462,5,opus16,splice_natural,2.0,0.18189197166469895,0.7092391304347826,209,0.41,0.510670731707317,209
1462,5,opus16,splice_synthetic,2.0,0.1847630473905219,0.5120967741935484,209,0.93,0.5067934782608695,209
1462,5,opus16,splice_natural,3.0,0.1995389344262295,0.8017857142857143,214,0.5533333333333333,0.5140625,209
1462,5,opus16,splice_synthetic,3.0,0.20498251748251747,1.0,214,0.6066666666666667,0.5086805555555556,209
1462,5,opus16,splice_natural,5.0,0.21705341506129597,0.8851744186046512,213,0.652,0.5108695652173914,209
1462,5,opus16,splice_synthetic,5.0,0.2181465769455822,0.7323943661971831,209,0.676,0.5365853658536586,209
1462,5,opus16,pause_inject_natural,3.0,0.21360005605381166,1.0,224,0.0,0.2015625,209
1462,5,opus16,pause_inject_synthetic,3.0,0.22258893829905502,1.0,224,0.0,0.20625,209
1462,5,amr122,full_natural,60.0,0.6091430890538033,1.0,253,1.0,0.555,209
1462,5,amr122,full_synthetic,60.0,0.6658778397768035,1.0,290,1.0,0.5833333333333334,209
1462,5,amr122,splice_natural,0.5,0.27641056422569027,0.4015625,209,1.0,0.4015625,209
1462,5,amr122,splice_synthetic,0.5,0.27412214885954383,0.378125,209,0.76,0.378125,209
1462,5,amr122,splice_natural,1.0,0.2833904109589041,0.4883241758241758,209,0.62,0.4030448717948718,209
1462,5,amr122,splice_synthetic,1.0,0.2850573866980577,0.6936475409836066,214,0.08,0.3153409090909091,209
1462,5,amr122,splice_natural,2.0,0.29144424673784103,0.6222426470588235,209,0.78,0.47435897435897434,209
1462,5,amr122,splice_synthetic,2.0,0.29050381903642775,0.7118506493506493,209,0.41,0.45884146341463417,209
1462,5,amr122,splice_natural,3.0,0.3064973806752037,0.7720170454545454,209,0.6066666666666667,0.5440340909090909,209
1462,5,amr122,splice_synthetic,3.0,0.29244011976047907,0.5420918367346939,209,0.8866666666666667,0.5173192771084337,209
1462,5,amr122,splice_natural,5.0,0.32052023121387285,1.0,214,0.628,0.5166015625,209
1462,5,amr122,splice_synthetic,5.0,0.3393151815181518,1.0,231,0.252,0.478515625,209
1462,5,amr122,pause_inject_natural,3.0,0.31974384098544234,1.0,224,0.0,0.3234375,209
1462,5,amr122,pause_inject_synthetic,3.0,0.32157314349525407,1.0,223,0.0,0.3234375,209
1462,5,amr475,full_natural,60.0,0.6093895619757689,1.0,250,1.0,0.5287162162162162,209
1462,5,amr475,full_synthetic,60.0,0.6613057005218788,1.0,290,1.0,0.5446428571428571,209
1462,5,amr475,splice_natural,0.5,0.35841836734693877,0.4494047619047619,209,1.0,0.4494047619047619,209
1462,5,amr475,splice_synthetic,0.5,0.36093187274909966,0.44375,209,1.0,0.44375,209
1462,5,amr475,splice_natural,1.0,0.36151079136690645,0.44926470588235295,209,0.8,0.43599397590361444,209
1462,5,amr475,splice_synthetic,1.0,0.35864345738295317,0.46439873417721517,209,0.9,0.46439873417721517,209
1462,5,amr475,splice_natural,2.0,0.3691429418742586,0.6398809523809523,209,0.66,0.4817708333333333,209
1462,5,amr475,splice_synthetic,2.0,0.37704798127559974,0.9900568181818182,214,0.42,0.4986413043478261,209
1462,5,amr475,splice_natural,3.0,0.3835011675423234,1.0,214,0.64,0.5176282051282052,209
1462,5,amr475,splice_synthetic,3.0,0.3722371565113501,0.6069444444444444,211,0.8133333333333334,0.5234375,209
1462,5,amr475,splice_natural,5.0,0.4073155394074902,1.0,223,0.376,0.5,209
1462,5,amr475,splice_synthetic,5.0,0.3807390402843602,0.6541193181818182,209,0.796,0.5388257575757576,209
1462,5,amr475,pause_inject_natural,3.0,0.39838483146067416,1.0,224,0.0,0.4109375,209
1462,5,amr475,pause_inject_synthetic,3.0,0.4009078212290503,1.0,222,0.0,0.4140625,209
1462,5,amr122_g711u,full_natural,60.0,0.6082615277130881,1.0,252,1.0,0.5484375,209
1462,5,amr122_g711u,full_synthetic,60.0,0.6668909489633174,1.0,290,1.0,0.5758928571428571,209
1462,5,amr122_g711u,splice_natural,0.5,0.28312575030012005,0.33428030303030304,209,1.0,0.33428030303030304,209
1462,5,amr122_g711u,splice_synthetic,0.5,0.28762755102040816,0.41964285714285715,209,0.92,0.41964285714285715,209
1462,5,amr122_g711u,splice_natural,1.0,0.28779244151169764,0.40202702702702703,209,0.82,0.3938356164383562,209
1462,5,amr122_g711u,splice_synthetic,1.0,0.30019829612220916,0.8802083333333334,212,0.26,0.37202380952380953,209
1462,5,amr122_g711u,splice_natural,2.0,0.30566520467836256,0.7332848837209303,209,0.42,0.4538690476190476,209
1462,5,amr122_g711u,splice_synthetic,2.0,0.2977919383521043,0.6364942528735632,209,0.66,0.5208333333333334,209
1462,5,amr122_g711u,splice_natural,3.0,0.3232337736932797,1.0,217,0.47333333333333333,0.5075757575757576,209
1462,5,amr122_g711u,splice_synthetic,3.0,0.30814125295508277,0.6907327586206896,213,0.7533333333333333,0.4875,209
1462,5,amr122_g711u,splice_natural,5.0,0.3269790454016298,0.7995426829268293,214,0.704,0.5227272727272727,209
1462,5,amr122_g711u,splice_synthetic,5.0,0.3543922577152139,1.0,231,0.036,0.3458333333333333,209
1462,5,amr122_g711u,pause_inject_natural,3.0,0.3319941307993292,1.0,224,0.0,0.3291139240506329,209
1462,5,amr122_g711u,pause_inject_synthetic,3.0,0.3370598099496926,1.0,223,0.0,0.353125,209
1988,15,g711u,full_natural,60.0,0.7058630640083945,1.0,263,1.0,0.5594512195121951,111
1988,15,g711u,full_synthetic,60.0,0.735610465116279,1.0,281,1.0,0.53515625,111
1988,15,g711u,splice_natural,0.5,0.09061379928315412,0.1875,111,0.28,0.1875,111
1988,15,g711u,splice_synthetic,0.5,0.09785746003552398,0.3943452380952381,118,0.44,0.17073170731707318,111
1988,15,g711u,splice_natural,1.0,0.0973150623885918,0.375,114,0.3,0.22560975609756098,111
1988,15,g711u,splice_synthetic,1.0,0.10692239858906526,0.5706521739130435,118,0.34,0.1676829268292683,111
1988,15,g711u,splice_natural,2.0,0.11001525719267655,0.18597560975609756,111,0.0,0.18597560975609756,111
1988,15,g711u,splice_synthetic,2.0,0.12505468066491687,0.7420212765957447,114,0.47,0.5,111
1988,15,g711u,splice_natural,3.0,0.11852302922940655,0.6466346153846154,117,0.41333333333333333,0.5404411764705882,111
1988,15,g711u,splice_synthetic,3.0,0.14092813051146386,0.5698529411764706,115,0.76,0.4991438356164384,111
1988,15,g711u,splice_natural,5.0,0.20233224222585924,0.9559659090909091,131,0.396,0.4857456140350877,111
1988,15,g711u,splice_synthetic,5.0,0.21185192458758836,1.0,130,0.2,0.47794117647058826,111
1988,15,g711u,pause_inject_natural,3.0,0.117389896373057,0.5828804347826086,114,0.0,0.1676829268292683,111
1988,15,g711u,pause_inject_synthetic,3.0,0.12366567036720752,1.0,118,0.0,0.1676829268292683,111
1988,15,g711a,full_natural,60.0,0.7052444794952681,1.0,262,1.0,0.5420918367346939,111
1988,15,g711a,full_synthetic,60.0,0.7345276872964169,1.0,282,1.0,0.5286458333333334,111
1988,15,g711a,splice_natural,0.5,0.09462719298245614,0.13517441860465115,111,0.0,0.13517441860465115,111
1988,15,g711a,splice_synthetic,0.5,0.09662576687116564,0.5771276595744681,115,0.0,0.13166666666666665,111
1988,15,g711a,splice_natural,1.0,0.08148521505376344,0.29796511627906974,111,0.4,0.29796511627906974,111
1988,15,g711a,splice_synthetic,1.0,0.09685576077396658,0.592391304347826,120,0.2,0.17154255319148937,111
1988,15,g711a,splice_natural,2.0,0.10308083038869258,0.65375,122,0.34,0.1800595238095238,111
1988,15,g711a,splice_synthetic,2.0,0.1079393398751115,0.5362654320987654,112,0.86,0.5057565789473685,111
1988,15,g711a,splice_natural,3.0,0.11195652173913044,0.7267441860465116,116,0.16,0.26222826086956524,111
1988,15,g711a,splice_synthetic,3.0,0.1520850796311819,0.7727272727272727,130,0.36,0.5111111111111111,111
1988,15,g711a,splice_natural,5.0,0.15158662092624356,0.7932692307692307,126,0.372,0.49069148936170215,111
1988,15,g711a,splice_synthetic,5.0,0.1808968058968059,1.0,132,0.232,0.5104166666666666,111
1988,15,g711a,pause_inject_natural,3.0,0.10681131260794473,0.23660714285714285,112,0.0,0.1325,111
1988,15,g711a,pause_inject_synthetic,3.0,0.162794237012987,1.0,126,0.0,0.12916666666666668,111
1988,15,opus16,full_natural,60.0,0.7140180386178862,1.0,266,1.0,0.5289634146341463,111
1988,15,opus16,full_synthetic,60.0,0.7375,1.0,281,1.0,0.54296875,111
1988,15,opus16,splice_natural,0.5,0.25708201267828845,0.6721698113207547,165,0.48,0.24542682926829268,111
1988,15,opus16,splice_synthetic,0.5,0.2558980967486122,0.7436224489795918,165,0.44,0.21,111
1988,15,opus16,splice_natural,1.0,0.2685402029664325,0.6306818181818182,164,0.34,0.28638059701492535,111
1988,15,opus16,splice_synthetic,1.0,0.24451930812550282,0.5232558139534884,154,0.3,0.20625,111
1988,15,opus16,splice_natural,2.0,0.29646718866517524,1.0,172,0.02,0.2136627906976744,111
1988,15,opus16,splice_synthetic,2.0,0.27934362934362933,0.884963768115942,170,0.25,0.2033898305084746,111
1988,15,opus16,splice_natural,3.0,0.293295543393276,0.6306818181818182,164,0.78,0.49720149253731344,111
1988,15,opus16,splice_synthetic,3.0,0.2957920792079208,1.0,172,0.3,0.5228658536585366,111
1988,15,opus16,splice_natural,5.0,0.33120404411764703,1.0,181,0.34,0.49399038461538464,111
1988,15,opus16,splice_synthetic,5.0,0.3296762589928058,1.0,179,0.1,0.20877659574468085,111
1988,15,opus16,pause_inject_natural,3.0,0.2832416540212443,1.0,174,0.0,0.21189024390243902,111
1988,15,opus16,pause_inject_synthetic,3.0,0.3231806661839247,1.0,180,0.0,0.2125,111
1988,15,amr122,full_natural,60.0,0.715482233502538,1.0,266,1.0,0.5361111111111111,111
1988,15,amr122,full_synthetic,60.0,0.738770207852194,1.0,282,1.0,0.5472560975609756,111
1988,15,amr122,splice_natural,0.5,0.33052507836990597,0.7644230769230769,168,0.28,0.3175,111
1988,15,amr122,splice_synthetic,0.5,0.3245967741935484,0.6901041666666666,167,0.36,0.30833333333333335,111
1988,15,amr122,splice_natural,1.0,0.3294649881982691,0.7057291666666666,169,0.44,0.34183673469387754,111
1988,15,amr122,splice_synthetic,1.0,0.34195736434108526,0.7646276595744681,174,0.32,0.32142857142857145,111
1988,15,amr122,splice_natural,2.0,0.34817262830482115,0.69140625,171,0.78,0.476027397260274,111
1988,15,amr122,splice_synthetic,2.0,0.34657350689127103,0.8834876543209876,170,0.19,0.3175,111
1988,15,amr122,splice_natural,3.0,0.3383418167580266,0.8511904761904762,168,0.29333333333333333,0.4148936170212766,111
1988,15,amr122,splice_synthetic,3.0,0.3503239329268293,0.9314024390243902,173,0.15333333333333332,0.3075,111
1988,15,amr122,splice_natural,5.0,0.4016779119318182,1.0,185,0.308,0.4695121951219512,111
1988,15,amr122,splice_synthetic,5.0,0.3819599109131403,0.8677884615384616,173,0.376,0.5223214285714286,111
1988,15,amr122,pause_inject_natural,3.0,0.3630269970414201,1.0,179,0.0,0.31583333333333335,111
1988,15,amr122,pause_inject_synthetic,3.0,0.34859422492401215,1.0,173,0.0,0.3075,111
1988,15,amr475,full_natural,60.0,0.7191063460585028,1.0,270,1.0,0.5236742424242424,111
1988,15,amr475,full_synthetic,60.0,0.7364370353159851,1.0,282,1.0,0.5327380952380952,111
1988,15,amr475,splice_natural,0.5,0.42208043310131477,0.7700892857142857,178,1.0,0.49142156862745096,111
1988,15,amr475,splice_synthetic,0.5,0.41979489164086686,0.7700892857142857,177,0.84,0.4421875,111
1988,15,amr475,splice_natural,1.0,0.4405806572068708,1.0,186,0.0,0.434375,111
1988,15,amr475,splice_synthetic,1.0,0.44111915367483295,1.0,185,0.0,0.434375,111
1988,15,amr475,splice_natural,2.0,0.4442704495210022,1.0,188,0.0,0.43140243902439024,111
1988,15,amr475,splice_synthetic,2.0,0.44050751879699246,0.8972222222222223,182,0.44,0.5015243902439024,111
1988,15,amr475,splice_natural,3.0,0.44636194029850745,0.8389084507042254,186,0.35333333333333333,0.5056818181818182,111
1988,15,amr475,splice_synthetic,3.0,0.43546401515151517,0.7700892857142857,181,0.43333333333333335,0.5355113636363636,111
1988,15,amr475,splice_natural,5.0,0.451222927557879,0.7767857142857143,185,0.372,0.510670731707317,111
1988,15,amr475,splice_synthetic,5.0,0.4591542750929368,0.8186619718309859,180,0.44,0.5535714285714286,111
1988,15,amr475,pause_inject_natural,3.0,0.45263778100072516,1.0,190,0.0,0.434375,111
1988,15,amr475,pause_inject_synthetic,3.0,0.459094982078853,1.0,192,0.0,0.434375,111
1988,15,amr122_g711u,full_natural,60.0,0.7110697793740379,1.0,264,1.0,0.5347222222222222,111
1988,15,amr122_g711u,full_synthetic,60.0,0.73974609375,1.0,283,1.0,0.528125,111
1988,15,amr122_g711u,splice_natural,0.5,0.32916337025316456,0.6802325581395349,168,1.0,0.35,111
1988,15,amr122_g711u,splice_synthetic,0.5,0.33474076983503537,0.6656976744186046,172,0.48,0.33384146341463417,111
1988,15,amr122_g711u,splice_natural,1.0,0.33808823529411763,0.6928191489361702,168,0.62,0.4418604651162791,111
1988,15,amr122_g711u,splice_synthetic,1.0,0.3524067732115677,1.0,179,0.0,0.30625,111
1988,15,amr122_g711u,splice_natural,2.0,0.33482847003154576,0.7978723404255319,167,0.35,0.4295212765957447,111
1988,15,amr122_g711u,splice_synthetic,2.0,0.35263457164518575,1.0,177,0.0,0.31,111
1988,15,amr122_g711u,splice_natural,3.0,0.34693377742946707,0.7557870370370371,173,0.3466666666666667,0.3871951219512195,111
1988,15,amr122_g711u,splice_synthetic,3.0,0.3644668158090977,1.0,175,0.006666666666666667,0.3328125,111
1988,15,amr122_g711u,splice_natural,5.0,0.37250575594781277,0.6979166666666666,171,0.588,0.503731343283582,111
1988,15,amr122_g711u,splice_synthetic,5.0,0.3952272727272727,1.0,185,0.292,0.5067934782608695,111
1988,15,amr122_g711u,pause_inject_natural,3.0,0.36995370370370373,1.0,183,0.0,0.325,111
1988,15,amr122_g711u,pause_inject_synthetic,3.0,0.38763489208633095,1.0,183,0.0,0.30333333333333334,111
1988,16,g711u,full_natural,60.0,0.6407198014340871,1.0,232,1.0,0.5237068965517241,143
1988,16,g711u,full_synthetic,60.0,0.7080240665766981,1.0,288,1.0,0.5267857142857143,143
1988,16,g711u,splice_natural,0.5,0.09683372183372184,0.31994047619047616,144,0.52,0.2073170731707317,143
1988,16,g711u,splice_synthetic,0.5,0.10561830015313936,0.16310975609756098,143,0.0,0.16310975609756098,143
1988,16,g711u,splice_natural,1.0,0.1028272656855151,0.5386904761904762,151,0.46,0.28869047619047616,143
1988,16,g711u,splice_synthetic,1.0,0.10280054644808743,0.3096590909090909,143,0.78,0.3096590909090909,143
1988,16,g711u,splice_natural,2.0,0.15170123726346435,1.0,152,0.05,0.18902439024390244,143
1988,16,g711u,splice_synthetic,2.0,0.10896445131375579,0.6143617021276596,146,0.34,0.28396739130434784,143
1988,16,g711u,splice_natural,3.0,0.12719131097560976,0.7037037037037037,158,0.32666666666666666,0.36160714285714285,143
1988,16,g711u,splice_synthetic,3.0,0.1543490356083086,0.8285256410256411,166,0.36,0.34970238095238093,143
1988,16,g711u,splice_natural,5.0,0.18672161172161172,0.9344512195121951,159,0.488,0.5226063829787234,143
1988,16,g711u,splice_synthetic,5.0,0.1779237601776462,0.811698717948718,152,0.564,0.4942434210526316,143
1988,16,g711u,pause_inject_natural,3.0,0.11867447129909366,0.71875,146,0.0,0.17530487804878048,143
1988,16,g711u,pause_inject_synthetic,3.0,0.14254224834680382,1.0,158,0.0,0.1951219512195122,143
1988,16,g711a,full_natural,60.0,0.6472146739130434,1.0,243,1.0,0.5514705882352942,143
1988,16,g711a,full_synthetic,60.0,0.7054497294860235,1.0,288,1.0,0.5230769230769231,143
1988,16,g711a,splice_natural,0.5,0.07440707620528772,0.20386904761904762,144,0.2,0.14176829268292682,143
1988,16,g711a,splice_synthetic,0.5,0.08697552447552448,0.3096590909090909,144,0.6,0.18459302325581395,143
1988,16,g711a,splice_natural,1.0,0.08747090768037238,0.3804347826086957,146,0.36,0.14176829268292682,143
1988,16,g711a,splice_synthetic,1.0,0.08684875583203733,0.45790816326530615,144,0.7,0.3963068181818182,143
1988,16,g711a,splice_natural,2.0,0.14190536620739666,1.0,153,0.0,0.15701219512195122,143
1988,16,g711a,splice_synthetic,2.0,0.10403816499614495,0.6981382978723404,150,0.48,0.5382653061224489,143
1988,16,g711a,splice_natural,3.0,0.11428979436405179,0.7834051724137931,149,0.4066666666666667,0.47674418604651164,143
1988,16,g711a,splice_synthetic,3.0,0.14609375,0.8558333333333333,166,0.36666666666666664,0.3005952380952381,143
1988,16,g711a,splice_natural,5.0,0.14967462039045554,1.0,163,0.06,0.16544117647058823,143
1988,16,g711a,splice_synthetic,5.0,0.15491137370753325,0.8133223684210527,156,0.392,0.5401785714285714,143
1988,16,g711a,pause_inject_natural,3.0,0.1550892857142857,1.0,161,0.0,0.1676829268292683,143
1988,16,g711a,pause_inject_synthetic,3.0,0.14305756698044894,1.0,162,0.0,0.14176829268292682,143
1988,16,opus16,full_natural,60.0,0.6752333501513622,1.0,261,1.0,0.5357142857142857,143
1988,16,opus16,full_synthetic,60.0,0.709005376344086,1.0,287,1.0,0.5284090909090909,143
1988,16,opus16,splice_natural,0.5,0.2059147685525349,0.5240384615384616,171,1.0,0.2849576271186441,143
1988,16,opus16,splice_synthetic,0.5,0.20848708487084872,0.5300480769230769,172,1.0,0.38333333333333336,143
1988,16,opus16,splice_natural,1.0,0.20977859778597785,0.5216346153846154,172,1.0,0.3759191176470588,143
1988,16,opus16,splice_synthetic,1.0,0.21367872807017543,0.6127717391304348,175,0.5,0.3328488372093023,143
1988,16,opus16,splice_natural,2.0,0.25598086124401914,1.0,184,0.0,0.2073170731707317,143
1988,16,opus16,splice_synthetic,2.0,0.25303938356164385,1.0,182,0.0,0.22826086956521738,143
1988,16,opus16,splice_natural,3.0,0.22745976591075348,0.5791015625,172,0.6733333333333333,0.488125,143
1988,16,opus16,splice_synthetic,3.0,0.2359077598828697,0.5385802469135802,173,0.7733333333333333,0.5082236842105263,143
1988,16,opus16,splice_natural,5.0,0.25917143879742305,0.7551020408163265,175,0.628,0.5241477272727273,143
1988,16,opus16,splice_synthetic,5.0,0.29464285714285715,1.0,191,0.264,0.4923245614035088,143
1988,16,opus16,pause_inject_natural,3.0,0.26297489823609227,1.0,191,0.0,0.21195652173913043,143
1988,16,opus16,pause_inject_synthetic,3.0,0.26579437669376693,1.0,190,0.0,0.20652173913043478,143
1988,16,amr122,full_natural,60.0,0.6796680755842864,1.0,261,1.0,0.5294811320754716,143
1988,16,amr122,full_synthetic,60.0,0.7125055753791257,1.0,288,1.0,0.5346153846153846,143
1988,16,amr122,splice_natural,0.5,0.274234693877551,0.6021634615384616,174,0.6,0.28551136363636365,143
1988,16,amr122,splice_synthetic,0.5,0.27863255644573925,0.5348557692307693,175,0.48,0.30952380952380953,143
1988,16,amr122,splice_natural,1.0,0.2988061797752809,1.0,181,0.0,0.28532608695652173,143
1988,16,amr122,splice_synthetic,1.0,0.2851675072046109,0.6194444444444445,177,0.38,0.359375,143
1988,16,amr122,splice_natural,2.0,0.28881012203876527,0.7782534246575342,177,0.29,0.28267045454545453,143
1988,16,amr122,splice_synthetic,2.0,0.2940493209435311,0.7209507042253521,175,0.39,0.44047619047619047,143
1988,16,amr122,splice_natural,3.0,0.30227678571428573,0.7479838709677419,174,0.42,0.5091463414634146,143
1988,16,amr122,splice_synthetic,3.0,0.3060772501771793,0.7943548387096774,180,0.34,0.5058139534883721,143
1988,16,amr122,splice_natural,5.0,0.3185426958362738,0.8179824561403509,174,0.392,0.478125,143
1988,16,amr122,splice_synthetic,5.0,0.3265668282548476,1.0,181,0.468,0.48097826086956524,143
1988,16,amr122,pause_inject_natural,3.0,0.33390468227424747,1.0,193,0.0,0.2869318181818182,143
1988,16,amr122,pause_inject_synthetic,3.0,0.32877867746288797,1.0,190,0.0,0.2902777777777778,143
1988,16,amr475,full_natural,60.0,0.6898260028999517,1.0,266,1.0,0.5386904761904762,143
1988,16,amr475,full_synthetic,60.0,0.7074144914491449,1.0,287,1.0,0.5442073170731707,143
1988,16,amr475,splice_natural,0.5,0.3653040786598689,0.5637254901960784,175,0.64,0.4298780487804878,143
1988,16,amr475,splice_synthetic,0.5,0.3700812274368231,0.6485849056603774,176,0.64,0.4146341463414634,143
1988,16,amr475,splice_natural,1.0,0.38504069355980186,1.0,185,0.0,0.4298780487804878,143
1988,16,amr475,splice_synthetic,1.0,0.37558285509325684,0.6730072463768116,174,0.38,0.4298780487804878,143
1988,16,amr475,splice_natural,2.0,0.40969856948228883,1.0,191,0.0,0.4298780487804878,143
1988,16,amr475,splice_synthetic,2.0,0.3856837606837607,0.795,175,0.45,0.5045731707317073,143
1988,16,amr475,splice_natural,3.0,0.38315217391304346,0.6013888888888889,176,0.78,0.5055147058823529,143
1988,16,amr475,splice_synthetic,3.0,0.4104053595658073,1.0,191,0.1,0.4268292682926829,143
1988,16,amr475,splice_natural,5.0,0.4100991649269311,0.8551136363636364,187,0.58,0.49423076923076925,143
1988,16,amr475,splice_synthetic,5.0,0.4052871148459384,0.8097014925373134,183,0.552,0.5102040816326531,143
1988,16,amr475,pause_inject_natural,3.0,0.4175603217158177,1.0,194,0.0,0.4298780487804878,143
1988,16,amr475,pause_inject_synthetic,3.0,0.41419993234100133,1.0,193,0.0,0.4557926829268293,143
1988,16,amr122_g711u,full_natural,60.0,0.6803243041749503,1.0,261,1.0,0.5377604166666666,143
1988,16,amr122_g711u,full_synthetic,60.0,0.7093245062836625,1.0,288,1.0,0.5461956521739131,143
1988,16,amr122_g711u,splice_natural,0.5,0.28256340579710143,0.6005434782608695,178,0.12,0.28891509433962265,143
1988,16,amr122_g711u,splice_synthetic,0.5,0.2777930402930403,0.5216346153846154,172,1.0,0.3234011627906977,143
1988,16,amr122_g711u,splice_natural,1.0,0.29578025477707004,1.0,177,0.0,0.2907608695652174,143
1988,16,amr122_g711u,splice_synthetic,1.0,0.28045105916727536,0.5306372549019608,173,0.56,0.4451219512195122,143
1988,16,amr122_g711u,splice_natural,2.0,0.3264030612244898,1.0,186,0.0,0.2909090909090909,143
1988,16,amr122_g711u,splice_synthetic,2.0,0.2981705118961788,0.6807065217391305,175,0.49,0.47831632653061223,143
1988,16,amr122_g711u,splice_natural,3.0,0.30550071787508976,0.7302631578947368,179,0.5933333333333334,0.5114795918367347,143
1988,16,amr122_g711u,splice_synthetic,3.0,0.3214962121212121,1.0,188,0.15333333333333332,0.2916666666666667,143
1988,16,amr122_g711u,splice_natural,5.0,0.3441326530612245,1.0,182,0.492,0.5060975609756098,143
1988,16,amr122_g711u,splice_synthetic,5.0,0.34814323607427056,1.0,197,0.12,0.28194444444444444,143
1988,16,amr122_g711u,pause_inject_natural,3.0,0.32634654471544716,1.0,189,0.0,0.28194444444444444,143
1988,16,amr122_g711u,pause_inject_synthetic,3.0,0.33183119946091644,1.0,188,0.0,0.28194444444444444,143
1988,17,g711u,full_natural,60.0,0.6671713917525773,1.0,242,1.0,0.52875,149
1988,17,g711u,full_synthetic,60.0,0.6954918032786885,1.0,278,1.0,0.5335365853658537,149
1988,17,g711u,splice_natural,0.5,0.09285159285159285,0.24601063829787234,149,0.6,0.2125,149
1988,17,g711u,splice_synthetic,0.5,0.09596303501945526,0.34375,149,1.0,0.34375,149
1988,17,g711u,splice_natural,1.0,0.10914681014604151,0.5421875,155,0.22,0.17447916666666666,149
1988,17,g711u,splice_synthetic,1.0,0.10893267023718439,0.6150568181818182,156,0.18,0.16176470588235295,149
1988,17,g711u,splice_natural,2.0,0.11930948737566947,0.5914855072463768,156,0.5,0.43625,149
1988,17,g711u,splice_synthetic,2.0,0.14545454545454545,1.0,161,0.0,0.14583333333333334,149
1988,17,g711u,splice_natural,3.0,0.13903443113772454,0.8693181818181818,163,0.22666666666666666,0.1556372549019608,149
1988,17,g711u,splice_synthetic,3.0,0.13764423076923077,0.6064453125,149,0.7666666666666667,0.5006944444444444,149
1988,17,g711u,splice_natural,5.0,0.1802645596590909,1.0,175,0.136,0.3015625,149
1988,17,g711u,splice_synthetic,5.0,0.20279300891021249,1.0,178,0.044,0.17527173913043478,149
1988,17,g711u,pause_inject_natural,3.0,0.16218525179856116,1.0,166,0.0,0.14583333333333334,149
1988,17,g711u,pause_inject_synthetic,3.0,0.16435351002865328,1.0,167,0.0,0.17317708333333334,149
1988,17,g711a,full_natural,60.0,0.6671069587628866,1.0,242,1.0,0.54,149
1988,17,g711a,full_synthetic,60.0,0.693384074941452,1.0,278,1.0,0.5241228070175439,149
1988,17,g711a,splice_natural,0.5,0.0910919540229885,0.12382075471698113,149,0.0,0.12382075471698113,149
1988,17,g711a,splice_synthetic,0.5,0.08997678018575851,0.25,151,0.0,0.17524509803921567,149
1988,17,g711a,splice_natural,1.0,0.0918832428238945,0.35813492063492064,151,0.78,0.3146186440677966,149
1988,17,g711a,splice_synthetic,1.0,0.09867909867909867,0.37885802469135804,149,1.0,0.36313291139240506,149
1988,17,g711a,splice_natural,2.0,0.12490421455938697,0.6367753623188406,149,0.82,0.4990942028985507,149
1988,17,g711a,splice_synthetic,2.0,0.1384188500727802,1.0,162,0.0,0.1409313725490196,149
1988,17,g711a,splice_natural,3.0,0.13475516449885233,0.6621376811594203,150,0.8066666666666666,0.5242346938775511,149
1988,17,g711a,splice_synthetic,3.0,0.13936889556724266,0.6866438356164384,154,0.6466666666666666,0.5132978723404256,149
1988,17,g711a,splice_natural,5.0,0.16618577810871185,0.6950757575757576,160,0.604,0.5147727272727273,149
1988,17,g711a,splice_synthetic,5.0,0.20521323035594358,1.0,178,0.0,0.13411458333333334,149
1988,17,g711a,pause_inject_natural,3.0,0.13573508005822416,1.0,167,0.0,0.14504716981132076,149
1988,17,g711a,pause_inject_synthetic,3.0,0.14307065217391304,1.0,165,0.0,0.12382075471698113,149
1988,17,opus16,full_natural,60.0,0.6695973496432212,1.0,244,1.0,0.535904255319149,149
1988,17,opus16,full_synthetic,60.0,0.6971822820037106,1.0,279,1.0,0.5365566037735849,149
1988,17,opus16,splice_natural,0.5,0.2180221979621543,0.39809782608695654,181,1.0,0.2828125,149
1988,17,opus16,splice_synthetic,0.5,0.21200801749271136,0.39809782608695654,181,0.36,0.20833333333333334,149
1988,17,opus16,splice_natural,1.0,0.2276019313304721,0.771875,189,0.34,0.20182291666666666,149
1988,17,opus16,splice_synthetic,1.0,0.21225561187545258,0.6640625,183,0.26,0.1953125,149
1988,17,opus16,splice_natural,2.0,0.23215586307356154,0.5474397590361446,179,0.87,0.53046875,149
1988,17,opus16,splice_synthetic,2.0,0.23077976625273922,0.5115979381443299,175,0.95,0.5013157894736842,149
1988,17,opus16,splice_natural,3.0,0.23835206671501089,0.5396634615384616,181,0.8,0.49083333333333334,149
1988,17,opus16,splice_synthetic,3.0,0.2492372577171572,0.6986111111111111,182,0.7266666666666667,0.5235215053763441,149
1988,17,opus16,splice_natural,5.0,0.26697695035460994,0.7581967213114754,187,0.604,0.5299479166666666,149
1988,17,opus16,splice_synthetic,5.0,0.28850371120107965,1.0,193,0.416,0.5026041666666666,149
1988,17,opus16,pause_inject_natural,3.0,0.274496644295302,1.0,197,0.0,0.20572916666666666,149
1988,17,opus16,pause_inject_synthetic,3.0,0.2722315436241611,1.0,198,0.0,0.21354166666666666,149
1988,17,amr122,full_natural,60.0,0.6698251659009699,1.0,245,1.0,0.5348837209302325,149
1988,17,amr122,full_synthetic,60.0,0.6974836524988324,1.0,277,1.0,0.5319444444444444,149
1988,17,amr122,splice_natural,0.5,0.2975109011627907,0.46059782608695654,181,0.8,0.33194444444444443,149
1988,17,amr122,splice_synthetic,0.5,0.29473396501457727,0.4741847826086957,181,0.68,0.31097560975609756,149
1988,17,amr122,splice_natural,1.0,0.3137710378681627,1.0,188,0.0,0.2870065789473684,149
1988,17,amr122,splice_synthetic,1.0,0.3000270172910663,0.4833984375,182,0.72,0.35171568627450983,149
1988,17,amr122,splice_natural,2.0,0.3141014234875445,0.860969387755102,184,0.36,0.4527439024390244,149
1988,17,amr122,splice_synthetic,2.0,0.3158626255380201,0.5339506172839507,186,0.94,0.4934210526315789,149
1988,17,amr122,splice_natural,3.0,0.32224770642201833,0.7832446808510638,184,0.38666666666666666,0.5263888888888889,149
1988,17,amr122,splice_synthetic,3.0,0.3191422967189729,0.6975446428571429,183,0.48,0.5267857142857143,149
1988,17,amr122,splice_natural,5.0,0.33435501066098083,0.7470238095238095,183,0.596,0.4963235294117647,149
1988,17,amr122,splice_synthetic,5.0,0.34151785714285715,0.8333333333333334,195,0.552,0.5337171052631579,149
1988,17,amr122,pause_inject_natural,3.0,0.34088611859838275,1.0,198,0.0,0.2916666666666667,149
1988,17,amr122,pause_inject_synthetic,3.0,0.3487525117213664,1.0,197,0.0,0.2921195652173913,149
1988,17,amr475,full_natural,60.0,0.6698439099283521,1.0,241,1.0,0.5448113207547169,149
1988,17,amr475,full_synthetic,60.0,0.6950607192900514,1.0,278,1.0,0.5365853658536586,149
1988,17,amr475,splice_natural,0.5,0.3927038626609442,0.58125,194,1.0,0.4627016129032258,149
1988,17,amr475,splice_synthetic,0.5,0.3889679715302491,0.58125,192,0.28,0.39705882352941174,149
1988,17,amr475,splice_natural,1.0,0.3925229519774011,0.6153846153846154,196,0.24,0.40441176470588236,149
1988,17,amr475,splice_synthetic,1.0,0.3919354838709677,0.640625,191,0.64,0.4583333333333333,149
1988,17,amr475,splice_natural,2.0,0.40563639551192143,0.7826923076923077,198,0.34,0.4573170731707317,149
1988,17,amr475,splice_synthetic,2.0,0.3961600142551675,0.589095744680851,192,0.77,0.4945652173913043,149
1988,17,amr475,splice_natural,3.0,0.4097614840989399,0.5887345679012346,194,0.7466666666666667,0.5345394736842105,149
1988,17,amr475,splice_synthetic,3.0,0.4056570625439213,0.7728174603174603,202,0.4866666666666667,0.4778645833333333,149
1988,17,amr475,splice_natural,5.0,0.4287731006160164,0.910904255319149,195,0.548,0.50625,149
1988,17,amr475,splice_synthetic,5.0,0.43977347883597884,1.0,204,0.204,0.5328125,149
1988,17,amr475,pause_inject_natural,3.0,0.43031083776595747,1.0,208,0.0,0.39705882352941174,149
1988,17,amr475,pause_inject_synthetic,3.0,0.4258545576407507,1.0,208,0.0,0.3998397435897436,149
1988,17,amr122_g711u,full_natural,60.0,0.6674679487179487,1.0,242,1.0,0.5296052631578947,149
1988,17,amr122_g711u,full_synthetic,60.0,0.6943497177798683,1.0,278,1.0,0.5305851063829787,149
1988,17,amr122_g711u,splice_natural,0.5,0.304737687366167,0.44886363636363635,181,0.0,0.30434782608695654,149
1988,17,amr122_g711u,splice_synthetic,0.5,0.29409620991253643,0.4633152173913043,181,0.32,0.30859375,149
1988,17,amr122_g711u,splice_natural,1.0,0.29665940450254175,0.5465425531914894,181,0.36,0.3390625,149
1988,17,amr122_g711u,splice_synthetic,1.0,0.3048780487804878,0.5259615384615385,181,0.3,0.34441489361702127,149
1988,17,amr122_g711u,splice_natural,2.0,0.31792519407198305,1.0,188,0.34,0.3932926829268293,149
1988,17,amr122_g711u,splice_synthetic,2.0,0.30805837563451777,0.58,180,0.64,0.5,149
1988,17,amr122_g711u,splice_natural,3.0,0.32569296375266527,0.9244186046511628,185,0.6733333333333333,0.498046875,149
1988,17,amr122_g711u,splice_synthetic,3.0,0.32145441389290885,0.5590277777777778,182,0.7733333333333333,0.50703125,149
1988,17,amr122_g711u,splice_natural,5.0,0.3431786216596343,0.7412974683544303,181,0.668,0.5224358974358975,149
1988,17,amr122_g711u,splice_synthetic,5.0,0.3358208955223881,0.7309322033898306,187,0.6,0.5037878787878788,149
1988,17,amr122_g711u,pause_inject_natural,3.0,0.34456850235057085,1.0,197,0.0,0.2907608695652174,149
1988,17,amr122_g711u,pause_inject_synthetic,3.0,0.34381321645313556,1.0,196,0.0,0.2907608695652174,149
1993,18,g711u,full_natural,60.0,0.625032299741602,1.0,263,1.0,0.5482954545454546,205
1993,18,g711u,full_synthetic,60.0,0.6660236041761235,1.0,290,1.0,0.537109375,205
1993,18,g711u,splice_natural,0.5,0.08632189882189882,0.22139830508474576,205,0.88,0.22139830508474576,205
1993,18,g711u,splice_synthetic,0.5,0.08457152729785763,0.3541666666666667,206,0.68,0.2734375,205
1993,18,g711u,splice_natural,1.0,0.10299355495251018,0.7757352941176471,215,0.28,0.2544642857142857,205
1993,18,g711u,splice_synthetic,1.0,0.09046052631578948,0.446875,206,0.76,0.4076086956521739,205
1993,18,g711u,splice_natural,2.0,0.13267472240365774,1.0,215,0.09,0.17151162790697674,205
1993,18,g711u,splice_synthetic,2.0,0.1135665529010239,0.6089743589743589,206,0.63,0.4623015873015873,205
1993,18,g711u,splice_natural,3.0,0.11256005490734386,0.5634057971014492,206,0.62,0.5107421875,205
1993,18,g711u,splice_synthetic,3.0,0.14705882352941177,1.0,216,0.29333333333333333,0.529891304347826,205
1993,18,g711u,splice_natural,5.0,0.1494291470785762,0.8125,211,0.568,0.5614035087719298,205
1993,18,g711u,splice_synthetic,5.0,0.19716220328667072,1.0,235,0.096,0.31521739130434784,205
1993,18,g711u,pause_inject_natural,3.0,0.14623474630700065,1.0,220,0.0,0.11556603773584906,205
1993,18,g711u,pause_inject_synthetic,3.0,0.15844680177327422,1.0,221,0.0,0.13157894736842105,205
1993,18,g711a,full_natural,60.0,0.6185378590078329,1.0,263,1.0,0.5428921568627451,205
1993,18,g711a,full_synthetic,60.0,0.6645095367847411,1.0,290,1.0,0.537109375,205
1993,18,g711a,splice_natural,0.5,0.09597298221614227,0.4088983050847458,205,0.12,0.128125,205
1993,18,g711a,splice_synthetic,0.5,0.09115663900414937,0.33482142857142855,206,0.72,0.26598837209302323,205
1993,18,g711a,splice_natural,1.0,0.11284372904091214,0.7574626865671642,214,0.0,0.125,205
1993,18,g711a,splice_synthetic,1.0,0.09914241164241164,0.3404255319148936,205,0.7,0.3404255319148936,205
1993,18,g711a,splice_natural,2.0,0.10802522460262612,0.5425347222222222,205,0.68,0.515625,205
1993,18,g711a,splice_synthetic,2.0,0.12059859154929578,0.8615384615384616,214,0.29,0.376453488372093,205
1993,18,g711a,splice_natural,3.0,0.1394071994715984,1.0,213,0.23333333333333334,0.40234375,205
1993,18,g711a,splice_synthetic,3.0,0.13366089273817455,0.8653169014084507,214,0.42,0.4893867924528302,205
1993,18,g711a,splice_natural,5.0,0.15186366689053055,0.8208333333333333,213,0.544,0.5393145161290323,205
1993,18,g711a,splice_synthetic,5.0,0.16008117958913187,0.823076923076923,214,0.52,0.4897959183673469,205
1993,18,g711a,pause_inject_natural,3.0,0.1492207583547558,1.0,220,0.0,0.12228260869565218,205
1993,18,g711a,pause_inject_synthetic,3.0,0.16694286616161616,1.0,221,0.0,0.13472222222222222,205
1993,18,opus16,full_natural,60.0,0.6347528850978424,1.0,265,1.0,0.5406976744186046,205
1993,18,opus16,full_synthetic,60.0,0.6704956994114984,1.0,290,1.0,0.53125,205
1993,18,opus16,splice_natural,0.5,0.17383879781420766,0.22470238095238096,205,0.0,0.22470238095238096,205
1993,18,opus16,splice_synthetic,0.5,0.16744629244629244,0.27850877192982454,205,0.68,0.27850877192982454,205
1993,18,opus16,splice_natural,1.0,0.17405172413793105,0.46033653846153844,205,0.62,0.3763888888888889,205
1993,18,opus16,splice_synthetic,1.0,0.1834155888359428,0.7907608695652174,212,0.4,0.31845238095238093,205
1993,18,opus16,splice_natural,2.0,0.1856730115567641,0.7012867647058824,205,0.44,0.5071022727272727,205
1993,18,opus16,splice_synthetic,2.0,0.19575788061703556,0.8226351351351351,211,0.42,0.48097826086956524,205
1993,18,opus16,splice_natural,3.0,0.20783433133732535,0.863013698630137,214,0.3933333333333333,0.47287735849056606,205
1993,18,opus16,splice_synthetic,3.0,0.208025520483546,0.7521067415730337,205,0.6066666666666667,0.5123106060606061,205
1993,18,opus16,splice_natural,5.0,0.23137254901960785,0.8765625,217,0.384,0.5127314814814815,205
1993,18,opus16,splice_synthetic,5.0,0.22479973297730307,0.7080592105263158,205,0.552,0.5204545454545455,205
1993,18,opus16,pause_inject_natural,3.0,0.22573907455012854,1.0,221,0.0,0.22916666666666666,205
1993,18,opus16,pause_inject_synthetic,3.0,0.23481861198738171,1.0,221,0.0,0.19196428571428573,205
1993,18,amr122,full_natural,60.0,0.6362147800296589,1.0,266,1.0,0.52734375,205
1993,18,amr122,full_synthetic,60.0,0.6690777576853526,1.0,290,1.0,0.5393145161290323,205
1993,18,amr122,splice_natural,0.5,0.26836451836451836,0.3414179104477612,205,1.0,0.3414179104477612,205
1993,18,amr122,splice_synthetic,0.5,0.2704443291839557,0.40688775510204084,205,0.6,0.36820652173913043,205
1993,18,amr122,splice_natural,1.0,0.28222259810554806,0.7036637931034483,210,0.14,0.31473214285714285,205
1993,18,amr122,splice_synthetic,1.0,0.2838240299523485,0.785904255319149,209,0.4,0.3630952380952381,205
1993,18,amr122,splice_natural,2.0,0.28904665314401623,0.8008474576271186,210,0.37,0.4429347826086957,205
1993,18,amr122,splice_synthetic,2.0,0.2850204498977505,0.6360759493670886,205,0.56,0.48660714285714285,205
1993,18,amr122,splice_natural,3.0,0.29297407912687584,0.6746323529411765,205,0.56,0.5254629629629629,205
1993,18,amr122,splice_synthetic,3.0,0.29362157534246575,0.6105182926829268,205,0.8333333333333334,0.5160984848484849,205
1993,18,amr122,splice_natural,5.0,0.3188239159001314,1.0,215,0.332,0.5159574468085106,205
1993,18,amr122,splice_synthetic,5.0,0.35724648747709226,1.0,231,0.136,0.4153645833333333,205
1993,18,amr122,pause_inject_natural,3.0,0.31025620104438645,1.0,219,0.0,0.31919642857142855,205
1993,18,amr122,pause_inject_synthetic,3.0,0.33058795712484235,1.0,221,0.0,0.32700892857142855,205
1993,18,amr475,full_natural,60.0,0.6439885029354208,1.0,269,1.0,0.5358606557377049,205
1993,18,amr475,full_synthetic,60.0,0.6686363636363636,1.0,290,1.0,0.540719696969697,205
1993,18,amr475,splice_natural,0.5,0.35724625340599453,0.7378048780487805,208,0.0,0.41032608695652173,205
1993,18,amr475,splice_synthetic,0.5,0.35758196721311475,0.6707317073170732,215,0.0,0.42142857142857143,205
1993,18,amr475,splice_natural,1.0,0.3514061421670117,0.4818181818181818,205,0.62,0.419921875,205
1993,18,amr475,splice_synthetic,1.0,0.361743711760707,0.6134259259259259,205,0.36,0.41271551724137934,205
1993,18,amr475,splice_natural,2.0,0.3604252400548697,0.6293859649122807,205,0.6,0.5042372881355932,205
1993,18,amr475,splice_synthetic,2.0,0.3619986403806934,0.6622023809523809,206,0.56,0.49330357142857145,205
1993,18,amr475,splice_natural,3.0,0.37686505305039786,0.8341346153846154,214,0.36,0.48255813953488375,205
1993,18,amr475,splice_synthetic,3.0,0.38861345903771133,1.0,216,0.25333333333333335,0.47819767441860467,205
1993,18,amr475,splice_natural,5.0,0.38288995373430273,0.8135416666666667,214,0.432,0.5149456521739131,205
1993,18,amr475,splice_synthetic,5.0,0.38913838988689287,0.7564655172413793,205,0.608,0.521780303030303,205
1993,18,amr475,pause_inject_natural,3.0,0.3903233590733591,1.0,219,0.0,0.4125,205
1993,18,amr475,pause_inject_synthetic,3.0,0.3984325270528326,1.0,219,0.0,0.41160714285714284,205
1993,18,amr122_g711u,full_natural,60.0,0.6357994041708044,1.0,265,1.0,0.5322265625,205
1993,18,amr122_g711u,full_synthetic,60.0,0.6664389799635702,1.0,290,1.0,0.5497159090909091,205
1993,18,amr122_g711u,splice_natural,0.5,0.2863589918256131,0.3408018867924528,205,0.0,0.3408018867924528,205
1993,18,amr122_g711u,splice_synthetic,0.5,0.27692174515235457,0.4171875,206,0.72,0.4008152173913043,205
1993,18,amr122_g711u,splice_natural,1.0,0.2765072765072765,0.4096283783783784,205,0.88,0.4096283783783784,205
1993,18,amr122_g711u,splice_synthetic,1.0,0.2828221915920055,0.5890625,207,0.66,0.43342391304347827,205
1993,18,amr122_g711u,splice_natural,2.0,0.291866028708134,0.6577380952380952,207,0.61,0.47596153846153844,205
1993,18,amr122_g711u,splice_synthetic,2.0,0.288484796129924,0.49614197530864196,205,0.84,0.4699675324675325,205
1993,18,amr122_g711u,splice_natural,3.0,0.3040962837837838,0.75,209,0.56,0.5252403846153846,205
1993,18,amr122_g711u,splice_synthetic,3.0,0.30222544338335605,0.6590189873417721,207,0.64,0.5274122807017544,205
1993,18,amr122_g711u,splice_natural,5.0,0.34733032378580325,1.0,231,0.052,0.37790697674418605,205
1993,18,amr122_g711u,splice_synthetic,5.0,0.34752833753148615,1.0,222,0.272,0.5021929824561403,205
1993,18,amr122_g711u,pause_inject_natural,3.0,0.32262861736334403,1.0,221,0.0,0.32589285714285715,205
1993,18,amr122_g711u,pause_inject_synthetic,3.0,0.3328984819734345,1.0,222,0.0,0.32589285714285715,205
1993,19,g711u,full_natural,60.0,0.6516383191595798,1.0,283,1.0,0.552536231884058,206
1993,19,g711u,full_synthetic,60.0,0.6858923736462094,1.0,288,1.0,0.5421875,206
1993,19,g711u,splice_natural,0.5,0.08397874639769452,0.30833333333333335,206,0.64,0.24085365853658536,206
1993,19,g711u,splice_synthetic,0.5,0.08020231213872832,0.19038461538461537,206,0.8,0.19038461538461537,206
1993,19,g711u,splice_natural,1.0,0.0910894660894661,0.33274647887323944,206,0.74,0.3134057971014493,206
1993,19,g711u,splice_synthetic,1.0,0.09027279253409906,0.5553977272727273,207,0.6,0.3875,206
1993,19,g711u,splice_natural,2.0,0.1190225035161744,0.8125,214,0.47,0.5104166666666666,206
1993,19,g711u,splice_synthetic,2.0,0.1061067335243553,0.596830985915493,206,0.62,0.5148305084745762,206
1993,19,g711u,splice_natural,3.0,0.13968555632342777,0.84375,216,0.3933333333333333,0.4573170731707317,206
1993,19,g711u,splice_synthetic,3.0,0.12153764204545454,0.6725746268656716,206,0.5733333333333334,0.5149456521739131,206
1993,19,g711u,splice_natural,5.0,0.17546813403416558,1.0,225,0.24,0.484375,206
1993,19,g711u,splice_synthetic,5.0,0.17184410019775873,1.0,226,0.172,0.4890625,206
1993,19,g711u,pause_inject_natural,3.0,0.14508032128514056,1.0,219,0.0,0.14285714285714285,206
1993,19,g711u,pause_inject_synthetic,3.0,0.15585808580858085,1.0,222,0.0,0.1201171875,206
1993,19,g711a,full_natural,60.0,0.65265625,1.0,284,1.0,0.5535714285714286,206
1993,19,g711a,full_synthetic,60.0,0.686456453068592,1.0,288,1.0,0.5347222222222222,206
1993,19,g711a,splice_natural,0.5,0.09286095305832148,0.5388888888888889,208,0.0,0.11084905660377359,206
1993,19,g711a,splice_synthetic,0.5,0.09080021291696239,0.125,206,0.0,0.125,206
1993,19,g711a,splice_natural,1.0,0.09482758620689655,0.3582089552238806,206,0.62,0.2711864406779661,206
1993,19,g711a,splice_synthetic,1.0,0.11195728291316527,0.6921641791044776,216,0.04,0.16477272727272727,206
1993,19,g711a,splice_natural,2.0,0.10542114695340501,0.5848880597014925,206,0.65,0.5086538461538461,206
1993,19,g711a,splice_synthetic,2.0,0.12085370111731844,1.0,211,0.42,0.4851190476190476,206
1993,19,g711a,splice_natural,3.0,0.12994105409153953,0.8308333333333333,216,0.3466666666666667,0.45348837209302323,206
1993,19,g711a,splice_synthetic,3.0,0.12811609686609687,0.6151960784313726,208,0.6533333333333333,0.5375,206
1993,19,g711a,splice_natural,5.0,0.18543956043956045,1.0,228,0.128,0.3765625,206
1993,19,g711a,splice_synthetic,5.0,0.1550715782122905,0.7527173913043478,208,0.604,0.5328125,206
1993,19,g711a,pause_inject_natural,3.0,0.14692760942760943,1.0,220,0.0,0.13581730769230768,206
1993,19,g711a,pause_inject_synthetic,3.0,0.15546668865435356,1.0,221,0.0,0.1276595744680851,206
1993,19,opus16,full_natural,60.0,0.6553668815071889,1.0,283,1.0,0.5520833333333334,206
1993,19,opus16,full_synthetic,60.0,0.6847789497307002,1.0,288,1.0,0.5390625,206
1993,19,opus16,splice_natural,0.5,0.1677158273381295,0.41805555555555557,209,0.64,0.31976744186046513,206
1993,19,opus16,splice_synthetic,0.5,0.17739494301994302,0.4036458333333333,206,0.0,0.21986607142857142,206
1993,19,opus16,splice_natural,1.0,0.17670086393088552,0.5436046511627907,207,0.66,0.4568452380952381,206
1993,19,opus16,splice_synthetic,1.0,0.17636494252873564,0.4420454545454545,206,0.42,0.3470744680851064,206
1993,19,opus16,splice_natural,2.0,0.19014336917562724,0.6142857142857143,206,0.68,0.5431985294117647,206
1993,19,opus16,splice_synthetic,2.0,0.18861607142857142,0.56015625,206,0.64,0.4540441176470588,206
1993,19,opus16,splice_natural,3.0,0.21390722724113967,1.0,212,0.44666666666666666,0.5040983606557377,206
1993,19,opus16,splice_synthetic,3.0,0.2103977669225401,0.8288043478260869,214,0.42,0.4836309523809524,206
1993,19,opus16,splice_natural,5.0,0.21575704225352113,0.6553308823529411,206,0.532,0.4904891304347826,206
1993,19,opus16,splice_synthetic,5.0,0.2159860912981455,0.56375,208,0.692,0.5,206
1993,19,opus16,pause_inject_natural,3.0,0.22718187874750168,1.0,219,0.0,0.2016509433962264,206
1993,19,opus16,pause_inject_synthetic,3.0,0.23392269736842106,1.0,221,0.0,0.1951219512195122,206
1993,19,amr122,full_natural,60.0,0.6544336810730254,1.0,283,1.0,0.541095890410959,206
1993,19,amr122,full_synthetic,60.0,0.6862701252236136,1.0,290,1.0,0.55,206
1993,19,amr122,splice_natural,0.5,0.27865507452093685,0.5349025974025974,206,0.0,0.32075471698113206,206
1993,19,amr122,splice_synthetic,0.5,0.2711033117350612,0.40853658536585363,207,0.56,0.3323170731707317,206
1993,19,amr122,splice_natural,1.0,0.2764700577200577,0.4502118644067797,206,0.84,0.4309210526315789,206
1993,19,amr122,splice_synthetic,1.0,0.2793094218415418,0.5029761904761905,206,0.5,0.376865671641791,206
1993,19,amr122,splice_natural,2.0,0.2828971119133574,0.49493243243243246,206,0.78,0.488013698630137,206
1993,19,amr122,splice_synthetic,2.0,0.2934224504249292,0.6651785714285714,209,0.54,0.4978448275862069,206
1993,19,amr122,splice_natural,3.0,0.2890625,0.5616666666666666,206,0.7266666666666667,0.5093283582089553,206
1993,19,amr122,splice_synthetic,3.0,0.29066750178954903,0.5617088607594937,206,0.66,0.48731884057971014,206
1993,19,amr122,splice_natural,5.0,0.36219262295081966,1.0,233,0.02,0.3431603773584906,206
1993,19,amr122,splice_synthetic,5.0,0.3119740532959327,0.771875,210,0.6,0.4895833333333333,206
1993,19,amr122,pause_inject_natural,3.0,0.32856075697211157,1.0,220,0.0,0.3431603773584906,206
1993,19,amr122,pause_inject_synthetic,3.0,0.3370258338783519,1.0,222,0.0,0.3431603773584906,206
1993,19,amr475,full_natural,60.0,0.6568808468734614,1.0,281,1.0,0.5307692307692308,206
1993,19,amr475,full_synthetic,60.0,0.6837274774774775,1.0,288,1.0,0.5319148936170213,206
1993,19,amr475,splice_natural,0.5,0.34757194244604317,0.4984375,209,0.52,0.4100609756097561,206
1993,19,amr475,splice_synthetic,0.5,0.35051222142343635,0.4830729166666667,207,0.44,0.40460526315789475,206
1993,19,amr475,splice_natural,1.0,0.3566856330014225,0.5762195121951219,206,0.44,0.42403846153846153,206
1993,19,amr475,splice_synthetic,1.0,0.36550909727081876,1.0,214,0.0,0.3925438596491228,206
1993,19,amr475,splice_natural,2.0,0.35766882183908044,0.5324074074074074,206,0.75,0.4811643835616438,206
1993,19,amr475,splice_synthetic,2.0,0.35603078024337864,0.595,207,0.67,0.5100806451612904,206
1993,19,amr475,splice_natural,3.0,0.37166432584269665,0.7463235294117647,214,0.5666666666666667,0.517578125,206
1993,19,amr475,splice_synthetic,3.0,0.40700919238345373,1.0,222,0.013333333333333334,0.40460526315789475,206
1993,19,amr475,splice_natural,5.0,0.38006638714185886,0.6908783783783784,206,0.584,0.5027573529411765,206
1993,19,amr475,splice_synthetic,5.0,0.3845654432132964,0.8391544117647058,214,0.52,0.5,206
1993,19,amr475,pause_inject_natural,3.0,0.39850993377483446,1.0,221,0.0,0.3796875,206
1993,19,amr475,pause_inject_synthetic,3.0,0.40520765206017006,1.0,222,0.0,0.3892543859649123,206
1993,19,amr122_g711u,full_natural,60.0,0.6541604291417166,1.0,283,1.0,0.5471698113207547,206
1993,19,amr122_g711u,full_synthetic,60.0,0.6843063648588077,1.0,290,1.0,0.553125,206
1993,19,amr122_g711u,splice_natural,0.5,0.2765534682080925,0.3824152542372881,206,0.64,0.3824152542372881,206
1993,19,amr122_g711u,splice_synthetic,0.5,0.2756213976945245,0.3639705882352941,206,0.32,0.33254716981132076,206
1993,19,amr122_g711u,splice_natural,1.0,0.2779783393501805,0.4847222222222222,206,0.64,0.47301136363636365,206
1993,19,amr122_g711u,splice_synthetic,1.0,0.2838709677419355,0.5340909090909091,206,0.48,0.41761363636363635,206
1993,19,amr122_g711u,splice_natural,2.0,0.29374557678697805,0.6585365853658537,209,0.53,0.4716981132075472,206
1993,19,amr122_g711u,splice_synthetic,2.0,0.2932760453579022,0.6822916666666666,206,0.46,0.49166666666666664,206
1993,19,amr122_g711u,splice_natural,3.0,0.3026292492917847,0.6487068965517241,209,0.6266666666666667,0.5086538461538461,206
1993,19,amr122_g711u,splice_synthetic,3.0,0.2993585174625802,0.7398255813953488,208,0.6266666666666667,0.5245901639344263,206
1993,19,amr122_g711u,splice_natural,5.0,0.31759751773049644,0.6203125,207,0.696,0.525390625,206
1993,19,amr122_g711u,splice_synthetic,5.0,0.33013256288239295,0.8496835443037974,216,0.464,0.5041666666666667,206
1993,19,amr122_g711u,pause_inject_natural,3.0,0.3302381745502998,1.0,220,0.0,0.3375,206
1993,19,amr122_g711u,pause_inject_synthetic,3.0,0.3380570117955439,1.0,222,0.0,0.3375,206
1993,20,g711u,full_natural,60.0,0.6283230397422127,1.0,246,1.0,0.5299479166666666,188
1993,20,g711u,full_synthetic,60.0,0.6869616953762466,1.0,290,1.0,0.5453431372549019,188
1993,20,g711u,splice_natural,0.5,0.08817865003668379,0.359375,188,1.0,0.359375,188
1993,20,g711u,splice_synthetic,0.5,0.08602347762289068,0.27478448275862066,188,0.96,0.27478448275862066,188
1993,20,g711u,splice_natural,1.0,0.11248230714791224,1.0,195,0.0,0.13994565217391305,188
1993,20,g711u,splice_synthetic,1.0,0.09941335740072202,0.7375,191,0.48,0.3277439024390244,188
1993,20,g711u,splice_natural,2.0,0.11191029306647605,0.75875,195,0.43,0.4527439024390244,188
1993,20,g711u,splice_synthetic,2.0,0.11308886509635974,0.8244047619047619,193,0.25,0.3181818181818182,188
1993,20,g711u,splice_natural,3.0,0.13702598314606743,0.8160511363636364,195,0.4533333333333333,0.5261627906976745,188
1993,20,g711u,splice_synthetic,3.0,0.12959363957597173,0.8278985507246377,199,0.34,0.4877450980392157,188
1993,20,g711u,splice_natural,5.0,0.15706140350877193,0.8231907894736842,195,0.492,0.5161637931034483,188
1993,20,g711u,splice_synthetic,5.0,0.16914275956284153,0.8139367816091954,200,0.4,0.5078125,188
1993,20,g711u,pause_inject_natural,3.0,0.15528263795423958,1.0,201,0.0,0.12083333333333333,188
1993,20,g711u,pause_inject_synthetic,3.0,0.15974547890154053,1.0,203,0.0,0.14402173913043478,188
1993,20,g711a,full_natural,60.0,0.630912613575628,1.0,245,1.0,0.5395833333333333,188
1993,20,g711a,full_synthetic,60.0,0.6861973266878115,1.0,290,1.0,0.54125,188
1993,20,g711a,splice_natural,0.5,0.08405172413793104,0.24869791666666666,188,0.84,0.24869791666666666,188
1993,20,g711a,splice_synthetic,0.5,0.09064781021897811,0.35125,188,0.56,0.24563953488372092,188
1993,20,g711a,splice_natural,1.0,0.09498535871156662,0.3637295081967213,188,0.7,0.3308189655172414,188
1993,20,g711a,splice_synthetic,1.0,0.09844890510948905,0.55125,188,0.78,0.496875,188
1993,20,g711a,splice_natural,2.0,0.12303991446899501,0.7845149253731343,195,0.46,0.5180555555555556,188
1993,20,g711a,splice_synthetic,2.0,0.1345649895178197,1.0,198,0.15,0.19176136363636365,188
1993,20,g711a,splice_natural,3.0,0.14553014553014554,0.84375,198,0.32,0.46805555555555556,188
1993,20,g711a,splice_synthetic,3.0,0.12695029027576196,0.66875,190,0.6466666666666666,0.4893867924528302,188
1993,20,g711a,splice_natural,5.0,0.16566161268090973,0.8298611111111112,204,0.372,0.5252403846153846,188
1993,20,g711a,splice_synthetic,5.0,0.16051532033426183,1.0,197,0.492,0.5123355263157895,188
1993,20,g711a,pause_inject_natural,3.0,0.1618557563587684,1.0,202,0.0,0.15548780487804878,188
1993,20,g711a,pause_inject_synthetic,3.0,0.15671390013495276,1.0,204,0.0,0.12760416666666666,188
1993,20,opus16,full_natural,60.0,0.6427408854166666,1.0,257,1.0,0.5611979166666666,188
1993,20,opus16,full_synthetic,60.0,0.6919363839285714,1.0,290,1.0,0.5421195652173914,188
1993,20,opus16,splice_natural,0.5,0.1801177536231884,0.4166666666666667,188,0.28,0.22596153846153846,188
1993,20,opus16,splice_synthetic,0.5,0.1711996336996337,0.3125,189,0.68,0.2838541666666667,188
1993,20,opus16,splice_natural,1.0,0.2013446567586695,1.0,198,0.0,0.21106557377049182,188
1993,20,opus16,splice_synthetic,1.0,0.1756646030589949,0.48325892857142855,189,0.54,0.3971354166666667,188
1993,20,opus16,splice_natural,2.0,0.20174107142857142,0.7723880597014925,194,0.46,0.5190217391304348,188
1993,20,opus16,splice_synthetic,2.0,0.18695414847161573,0.5615234375,188,0.58,0.4705188679245283,188
1993,20,opus16,splice_natural,3.0,0.22374567474048443,1.0,198,0.32,0.4943181818181818,188
1993,20,opus16,splice_synthetic,3.0,0.20575892857142858,0.7481343283582089,195,0.49333333333333335,0.4811046511627907,188
1993,20,opus16,splice_natural,5.0,0.2227037169406719,0.6730769230769231,188,0.632,0.49451754385964913,188
1993,20,opus16,splice_synthetic,5.0,0.23630197322057786,0.6962209302325582,189,0.628,0.5101744186046512,188
1993,20,opus16,pause_inject_natural,3.0,0.23558338937457968,1.0,204,0.0,0.20942982456140352,188
1993,20,opus16,pause_inject_synthetic,3.0,0.23401749663526245,1.0,204,0.0,0.21982758620689655,188
1993,20,amr122,full_natural,60.0,0.6485581874356333,1.0,257,1.0,0.5420258620689655,188
1993,20,amr122,full_synthetic,60.0,0.6908352017937219,1.0,290,1.0,0.5531716417910447,188
1993,20,amr122,splice_natural,0.5,0.2678833455612619,0.38596491228070173,188,0.92,0.38596491228070173,188
1993,20,amr122,splice_synthetic,0.5,0.2713683052090976,0.3339041095890411,188,0.88,0.3339041095890411,188
1993,20,amr122,splice_natural,1.0,0.28145306859205776,0.7091346153846154,194,0.5,0.4166666666666667,188
1993,20,amr122,splice_synthetic,1.0,0.2951610049539986,1.0,194,0.0,0.33666666666666667,188
1993,20,amr122,splice_natural,2.0,0.2903832378223496,0.703125,192,0.52,0.4594298245614035,188
1993,20,amr122,splice_synthetic,2.0,0.3002803083391731,0.8635057471264368,199,0.28,0.35823170731707316,188
1993,20,amr122,splice_natural,3.0,0.29473920863309355,0.7214912280701754,194,0.47333333333333333,0.5091145833333334,188
1993,20,amr122,splice_synthetic,3.0,0.30660211267605636,0.8243243243243243,200,0.4666666666666667,0.485054347826087,188
1993,20,amr122,splice_natural,5.0,0.36287854381443296,1.0,210,0.068,0.3778409090909091,188
1993,20,amr122,splice_synthetic,5.0,0.32620689655172413,0.8194444444444444,204,0.372,0.5060096153846154,188
1993,20,amr122,pause_inject_natural,3.0,0.3260704652730951,1.0,203,0.0,0.3377016129032258,188
1993,20,amr122,pause_inject_synthetic,3.0,0.32610887096774194,1.0,204,0.0,0.34,188
1993,20,amr475,full_natural,60.0,0.6472571942446043,1.0,257,1.0,0.5518867924528302,188
1993,20,amr475,full_synthetic,60.0,0.6866776315789473,1.0,289,1.0,0.532258064516129,188
1993,20,amr475,splice_natural,0.5,0.3597352305475504,0.4002016129032258,188,0.0,0.4002016129032258,188
1993,20,amr475,splice_synthetic,0.5,0.3609161267098632,0.703125,195,0.0,0.42214912280701755,188
1993,20,amr475,splice_natural,1.0,0.36535025017869904,0.9098837209302325,192,0.16,0.4,188
1993,20,amr475,splice_synthetic,1.0,0.3719900849858357,0.797945205479452,198,0.0,0.4112903225806452,188
1993,20,amr475,splice_natural,2.0,0.36007597684515197,0.6201298701298701,188,0.57,0.4956896551724138,188
1993,20,amr475,splice_synthetic,2.0,0.390560522696011,1.0,199,0.0,0.4002016129032258,188
1993,20,amr475,splice_natural,3.0,0.36574909747292417,0.642578125,189,0.6133333333333333,0.5159090909090909,188
1993,20,amr475,splice_synthetic,3.0,0.3778832505322924,0.7857142857142857,194,0.47333333333333333,0.5171875,188
1993,20,amr475,splice_natural,5.0,0.40658967391304346,1.0,199,0.412,0.5397727272727273,188
1993,20,amr475,splice_synthetic,5.0,0.3886499297752809,0.7530737704918032,195,0.576,0.52734375,188
1993,20,amr475,pause_inject_natural,3.0,0.4078375668449198,1.0,204,0.0,0.40423387096774194,188
1993,20,amr475,pause_inject_synthetic,3.0,0.39918809201623817,1.0,204,0.0,0.4002016129032258,188
1993,20,amr122_g711u,full_natural,60.0,0.6433536902286903,1.0,257,1.0,0.5520833333333334,188
1993,20,amr122_g711u,full_synthetic,60.0,0.6873585972850679,1.0,290,1.0,0.5438432835820896,188
1993,20,amr122_g711u,splice_natural,0.5,0.2809095860566449,0.5390625,192,0.04,0.36088709677419356,188
1993,20,amr122_g711u,splice_synthetic,0.5,0.27898683247988293,0.3800403225806452,188,0.52,0.36189516129032256,188
1993,20,amr122_g711u,splice_natural,1.0,0.2772635630498534,0.390625,188,0.94,0.38362068965517243,188
1993,20,amr122_g711u,splice_synthetic,1.0,0.2797161172161172,0.4675,189,0.76,0.4453125,188
1993,20,amr122_g711u,splice_natural,2.0,0.2934040258806614,0.65625,188,0.52,0.47115384615384615,188
1993,20,amr122_g711u,splice_synthetic,2.0,0.3108940972222222,1.0,197,0.01,0.3477822580645161,188
1993,20,amr122_g711u,splice_natural,3.0,0.30150709219858157,1.0,198,0.16666666666666666,0.38636363636363635,188
1993,20,amr122_g711u,splice_synthetic,3.0,0.30678162973552536,0.6504629629629629,188,0.5666666666666667,0.5118534482758621,188
1993,20,amr122_g711u,splice_natural,5.0,0.32011217948717946,0.6381172839506173,190,0.672,0.5179794520547946,188
1993,20,amr122_g711u,splice_synthetic,5.0,0.3149641577060932,0.6528614457831325,188,0.616,0.5147058823529411,188
1993,20,amr122_g711u,pause_inject_natural,3.0,0.3219942098092643,1.0,201,0.0,0.3477822580645161,188
1993,20,amr122_g711u,pause_inject_synthetic,3.0,0.3317340067340067,1.0,204,0.0,0.3477822580645161,188
2035,21,g711u,full_natural,60.0,0.6498089519650655,1.0,284,1.0,0.5347222222222222,210
2035,21,g711u,full_synthetic,60.0,0.6555828351836037,1.0,282,1.0,0.5348557692307693,210
2035,21,g711u,splice_natural,0.5,0.06495786516853932,0.23011363636363635,210,0.76,0.23011363636363635,210
2035,21,g711u,splice_synthetic,0.5,0.06654480398257623,0.31862745098039214,210,0.64,0.24468085106382978,210
2035,21,g711u,splice_natural,1.0,0.06577715355805243,0.32211538461538464,210,0.94,0.32211538461538464,210
2035,21,g711u,splice_synthetic,1.0,0.07525431565967941,0.435,210,0.32,0.22954545454545455,210
2035,21,g711u,splice_natural,2.0,0.0905132552404439,0.6233766233766234,210,0.74,0.5,210
2035,21,g711u,splice_synthetic,2.0,0.1019854253420583,1.0,221,0.0,0.09913793103448276,210
2035,21,g711u,splice_natural,3.0,0.10231060606060606,1.0,219,0.4533333333333333,0.5021551724137931,210
2035,21,g711u,splice_synthetic,3.0,0.09662982565379825,0.528125,210,0.84,0.5032894736842105,210
2035,21,g711u,splice_natural,5.0,0.12637952176578787,0.6388888888888888,210,0.716,0.5240384615384616,210
2035,21,g711u,splice_synthetic,5.0,0.15809029725182278,1.0,234,0.068,0.2513020833333333,210
2035,21,g711u,pause_inject_natural,3.0,0.1313437139561707,1.0,228,0.0,0.109375,210
2035,21,g711u,pause_inject_synthetic,3.0,0.127824449594438,1.0,227,0.0,0.109375,210
2035,21,g711a,full_natural,60.0,0.6419658493870403,1.0,284,1.0,0.5324519230769231,210
2035,21,g711a,full_synthetic,60.0,0.6545658682634731,1.0,282,1.0,0.5387931034482759,210
2035,21,g711a,splice_natural,0.5,0.0714560270602706,0.6051829268292683,214,0.0,0.09913793103448276,210
2035,21,g711a,splice_synthetic,0.5,0.0651902682470368,0.23979591836734693,210,0.8,0.22395833333333334,210
2035,21,g711a,splice_natural,1.0,0.08955054479418886,1.0,217,0.0,0.125,210
2035,21,g711a,splice_synthetic,1.0,0.068587158808933,0.3723958333333333,210,0.62,0.2724609375,210
2035,21,g711a,splice_natural,2.0,0.09260647870425914,1.0,219,0.0,0.10261194029850747,210
2035,21,g711a,splice_synthetic,2.0,0.0828551488833747,0.5625,210,0.67,0.4921875,210
2035,21,g711a,splice_natural,3.0,0.10320748925721301,0.6059451219512195,210,0.7266666666666667,0.4782986111111111,210
2035,21,g711a,splice_synthetic,3.0,0.12340856481481481,1.0,226,0.0,0.09051724137931035,210
2035,21,g711a,splice_natural,5.0,0.14286751888436955,1.0,222,0.34,0.5151515151515151,210
2035,21,g711a,splice_synthetic,5.0,0.15985915492957747,1.0,233,0.196,0.5148809523809523,210
2035,21,g711a,pause_inject_natural,3.0,0.12677023121387282,1.0,227,0.0,0.10795454545454546,210
2035,21,g711a,pause_inject_synthetic,3.0,0.13122827346465818,1.0,227,0.0,0.14547413793103448,210
2035,21,opus16,full_natural,60.0,0.650238301559792,1.0,283,1.0,0.5403645833333334,210
2035,21,opus16,full_synthetic,60.0,0.6625786163522013,1.0,286,1.0,0.5341796875,210
2035,21,opus16,splice_natural,0.5,0.15507111935683365,0.3316532258064516,210,0.08,0.20738636363636365,210
2035,21,opus16,splice_synthetic,0.5,0.1635826167076167,0.2015625,210,0.0,0.2015625,210
2035,21,opus16,splice_natural,1.0,0.1578105493133583,0.35746951219512196,210,1.0,0.35746951219512196,210
2035,21,opus16,splice_synthetic,1.0,0.16397058823529412,0.5075431034482759,210,0.6,0.36527777777777776,210
2035,21,opus16,splice_natural,2.0,0.19466490299823633,1.0,225,0.0,0.2091346153846154,210
2035,21,opus16,splice_synthetic,2.0,0.19668577307466195,1.0,223,0.0,0.21296296296296297,210
2035,21,opus16,splice_natural,3.0,0.1851400730816078,0.7380952380952381,210,0.6,0.5208333333333334,210
2035,21,opus16,splice_synthetic,3.0,0.20040680473372782,1.0,220,0.2866666666666667,0.4828125,210
2035,21,opus16,splice_natural,5.0,0.2015968826405868,0.6215753424657534,210,0.652,0.5174632352941176,210
2035,21,opus16,splice_synthetic,5.0,0.22536999419616946,1.0,226,0.344,0.5104166666666666,210
2035,21,opus16,pause_inject_natural,3.0,0.2081641531322506,1.0,227,0.0,0.2127403846153846,210
2035,21,opus16,pause_inject_synthetic,3.0,0.20896062536189924,1.0,227,0.0,0.2127403846153846,210
2035,21,amr122,full_natural,60.0,0.6522929314830876,1.0,285,1.0,0.5327380952380952,210
2035,21,amr122,full_synthetic,60.0,0.6581740976645435,1.0,282,1.0,0.5397727272727273,210
2035,21,amr122,splice_natural,0.5,0.2322988147223955,0.33653846153846156,210,0.92,0.326171875,210
2035,21,amr122,splice_synthetic,0.5,0.24001842751842753,0.6875,212,0.0,0.29545454545454547,210
2035,21,amr122,splice_natural,1.0,0.2449479485609308,0.5632102272727273,210,0.26,0.3256578947368421,210
2035,21,amr122,splice_synthetic,1.0,0.23821785268414483,0.4005681818181818,210,0.9,0.4005681818181818,210
2035,21,amr122,splice_natural,2.0,0.2474022952853598,0.5434210526315789,210,0.85,0.48970588235294116,210
2035,21,amr122,splice_synthetic,2.0,0.2553409090909091,1.0,216,0.26,0.3815104166666667,210
2035,21,amr122,splice_natural,3.0,0.2663076002393776,1.0,219,0.32,0.4856770833333333,210
2035,21,amr122,splice_synthetic,3.0,0.2583358942839582,0.684931506849315,210,0.5666666666666667,0.5329545454545455,210
2035,21,amr122,splice_natural,5.0,0.3020475372279496,1.0,230,0.176,0.51953125,210
2035,21,amr122,splice_synthetic,5.0,0.27869163129169194,0.7010869565217391,210,0.74,0.5107421875,210
2035,21,amr122,pause_inject_natural,3.0,0.28028425655976674,1.0,226,0.0,0.31101190476190477,210
2035,21,amr122,pause_inject_synthetic,3.0,0.2846739130434783,1.0,227,0.0,0.2961309523809524,210
2035,21,amr475,full_natural,60.0,0.6444627192982456,1.0,282,1.0,0.548828125,210
2035,21,amr475,full_synthetic,60.0,0.653375053487377,1.0,279,1.0,0.5294117647058824,210
2035,21,amr475,splice_natural,0.5,0.3215121722846442,0.39903846153846156,210,1.0,0.39903846153846156,210
2035,21,amr475,splice_synthetic,0.5,0.32919993857493857,0.7174479166666666,212,0.0,0.39453125,210
2035,21,amr475,splice_natural,1.0,0.3273199875853507,0.4807098765432099,210,0.76,0.4157986111111111,210
2035,21,amr475,splice_synthetic,1.0,0.3248283395755306,0.411875,210,1.0,0.411875,210
2035,21,amr475,splice_natural,2.0,0.33639932266009853,0.6526785714285714,210,0.51,0.4934895833333333,210
2035,21,amr475,splice_synthetic,2.0,0.3463323353293413,1.0,221,0.0,0.3935546875,210
2035,21,amr475,splice_natural,3.0,0.3603660343805572,1.0,219,0.34,0.515,210
2035,21,amr475,splice_synthetic,3.0,0.34428418803418803,0.9270833333333334,215,0.6733333333333333,0.49609375,210
2035,21,amr475,splice_natural,5.0,0.3814391734575087,1.0,218,0.556,0.5327380952380952,210
2035,21,amr475,splice_synthetic,5.0,0.35970982142857144,1.0,220,0.492,0.5066176470588235,210
2035,21,amr475,pause_inject_natural,3.0,0.3678820453224869,1.0,228,0.0,0.3974609375,210
2035,21,amr475,pause_inject_synthetic,3.0,0.36964078794901506,1.0,226,0.0,0.3994140625,210
2035,21,amr122_g711u,full_natural,60.0,0.6457968954962834,1.0,284,1.0,0.52734375,210
2035,21,amr122_g711u,full_synthetic,60.0,0.656437125748503,1.0,282,1.0,0.5328125,210
2035,21,amr122_g711u,splice_natural,0.5,0.24155405405405406,0.6831395348837209,213,0.0,0.2986111111111111,210
2035,21,amr122_g711u,splice_synthetic,0.5,0.2448556511056511,0.30357142857142855,210,0.0,0.30357142857142855,210
2035,21,amr122_g711u,splice_natural,1.0,0.23682158452900812,0.38492063492063494,210,0.54,0.375,210
2035,21,amr122_g711u,splice_synthetic,1.0,0.2383348938826467,0.3940548780487805,210,1.0,0.3940548780487805,210
2035,21,amr122_g711u,splice_natural,2.0,0.24311605476042314,0.5446428571428571,211,0.69,0.490625,210
2035,21,amr122_g711u,splice_synthetic,2.0,0.2594674109837055,1.0,218,0.18,0.35,210
2035,21,amr122_g711u,splice_natural,3.0,0.2906951640759931,1.0,229,0.0,0.29464285714285715,210
2035,21,amr122_g711u,splice_synthetic,3.0,0.28997260668973474,1.0,226,0.0,0.2956730769230769,210
2035,21,amr122_g711u,splice_natural,5.0,0.3120810055865922,1.0,239,0.0,0.31375,210
2035,21,amr122_g711u,splice_synthetic,5.0,0.29697521865889215,1.0,226,0.296,0.5216836734693877,210
2035,21,amr122_g711u,pause_inject_natural,3.0,0.2839161346488683,1.0,227,0.0,0.3016826923076923,210
2035,21,amr122_g711u,pause_inject_synthetic,3.0,0.2795017482517482,1.0,227,0.0,0.2905701754385965,210
2035,22,g711u,full_natural,60.0,0.6174225415356982,1.0,270,1.0,0.5424107142857143,219
2035,22,g711u,full_synthetic,60.0,0.6462053571428571,1.0,287,1.0,0.5373475609756098,219
2035,22,g711u,splice_natural,0.5,0.055526859504132234,0.128125,219,0.2,0.128125,219
2035,22,g711u,splice_synthetic,0.5,0.06157762691853601,0.21557971014492755,219,1.0,0.21557971014492755,219
2035,22,g711u,splice_natural,1.0,0.07156544811320754,0.3366477272727273,219,1.0,0.328125,219
2035,22,g711u,splice_synthetic,1.0,0.0687316715542522,0.4364754098360656,219,0.66,0.3125,219
2035,22,g711u,splice_natural,2.0,0.0841500877706261,0.603125,220,0.61,0.4875,219
2035,22,g711u,splice_synthetic,2.0,0.09614841986455983,1.0,230,0.0,0.09442934782608696,219
2035,22,g711u,splice_natural,3.0,0.08744840801886793,0.5261824324324325,219,0.8066666666666666,0.5130208333333334,219
2035,22,g711u,splice_synthetic,3.0,0.09519118505545826,0.7136627906976745,221,0.7933333333333333,0.50078125,219
2035,22,g711u,splice_natural,5.0,0.13352900552486188,1.0,235,0.244,0.5546875,219
2035,22,g711u,splice_synthetic,5.0,0.12008386350491614,0.8641304347826086,223,0.744,0.509375,219
2035,22,g711u,pause_inject_natural,3.0,0.09256508205998869,1.0,230,0.0,0.125,219
2035,22,g711u,pause_inject_synthetic,3.0,0.11054752640355753,1.0,234,0.0,0.10823170731707317,219
2035,22,g711a,full_natural,60.0,0.6167341430499326,1.0,269,1.0,0.5345982142857143,219
2035,22,g711a,full_synthetic,60.0,0.6420217209690894,1.0,284,1.0,0.5490196078431373,219
2035,22,g711a,splice_natural,0.5,0.06393890200708383,0.24461206896551724,219,1.0,0.24461206896551724,219
2035,22,g711a,splice_synthetic,0.5,0.06722255017709564,0.2620192307692308,219,1.0,0.2620192307692308,219
2035,22,g711a,splice_natural,1.0,0.07187131050767415,0.44073275862068967,219,1.0,0.44073275862068967,219
2035,22,g711a,splice_synthetic,1.0,0.07187131050767415,0.3373493975903614,219,1.0,0.3373493975903614,219
2035,22,g711a,splice_natural,2.0,0.07723187978786093,0.5165229885057471,219,0.84,0.4992559523809524,219
2035,22,g711a,splice_synthetic,2.0,0.10695840312674483,1.0,231,0.0,0.125,219
2035,22,g711a,splice_natural,3.0,0.09841200466200466,0.6846590909090909,219,0.7533333333333333,0.5269886363636364,219
2035,22,g711a,splice_synthetic,3.0,0.10661551823972207,0.7219551282051282,220,0.6666666666666666,0.5370370370370371,219
2035,22,g711a,splice_natural,5.0,0.13107443820224718,1.0,230,0.42,0.50625,219
2035,22,g711a,splice_synthetic,5.0,0.1251828554710357,0.5716145833333334,219,0.936,0.5125,219
2035,22,g711a,pause_inject_natural,3.0,0.09886747326955543,1.0,230,0.0,0.10625,219
2035,22,g711a,pause_inject_synthetic,3.0,0.11626381215469614,1.0,234,0.0,0.08928571428571429,219
2035,22,opus16,full_natural,60.0,0.627905701754386,1.0,274,1.0,0.546875,219
2035,22,opus16,full_synthetic,60.0,0.6435108153078203,1.0,285,1.0,0.5365853658536586,219
2035,22,opus16,splice_natural,0.5,0.15656305244549204,0.27698863636363635,219,0.32,0.22408536585365854,219
2035,22,opus16,splice_synthetic,0.5,0.15938606847697756,0.2668269230769231,219,1.0,0.2668269230769231,219
2035,22,opus16,splice_natural,1.0,0.17260362694300518,1.0,228,0.0,0.20465686274509803,219
2035,22,opus16,splice_synthetic,1.0,0.16543683589138133,0.4425403225806452,219,1.0,0.4425403225806452,219
2035,22,opus16,splice_natural,2.0,0.17775498241500587,0.5709635416666666,219,0.84,0.5096726190476191,219
2035,22,opus16,splice_synthetic,2.0,0.17099677985948478,0.5767857142857142,219,0.56,0.47098214285714285,219
2035,22,opus16,splice_natural,3.0,0.18564356435643564,0.6571691176470589,219,0.6066666666666667,0.5167410714285714,219
2035,22,opus16,splice_synthetic,3.0,0.21416300164925783,1.0,235,0.0,0.18211206896551724,219
2035,22,opus16,splice_natural,5.0,0.22251506024096385,1.0,240,0.184,0.5259146341463414,219
2035,22,opus16,splice_synthetic,5.0,0.21307956496851746,0.6412037037037037,220,0.668,0.5205078125,219
2035,22,opus16,pause_inject_natural,3.0,0.20266313441160066,1.0,233,0.0,0.1984375,219
2035,22,opus16,pause_inject_synthetic,3.0,0.19611220472440946,1.0,231,0.0,0.20625,219
2035,22,amr122,full_natural,60.0,0.6295415224913494,1.0,278,1.0,0.5520833333333334,219
2035,22,amr122,full_synthetic,60.0,0.6434400826446282,1.0,287,1.0,0.5262681159420289,219
2035,22,amr122,splice_natural,0.5,0.23776377491207504,0.4375,219,0.36,0.3025,219
2035,22,amr122,splice_synthetic,0.5,0.24353197674418606,0.7258522727272727,222,0.0,0.3229166666666667,219
2035,22,amr122,splice_natural,1.0,0.2496046578493387,1.0,225,0.0,0.29017857142857145,219
2035,22,amr122,splice_synthetic,1.0,0.23819362455726092,0.379746835443038,219,0.9,0.379746835443038,219
2035,22,amr122,splice_natural,2.0,0.24841040462427746,0.88671875,222,0.2,0.37648809523809523,219
2035,22,amr122,splice_synthetic,2.0,0.2441792782305006,0.6206395348837209,219,0.71,0.4737903225806452,219
2035,22,amr122,splice_natural,3.0,0.25253825779870515,0.5162760416666666,219,0.9333333333333333,0.5111842105263158,219
2035,22,amr122,splice_synthetic,3.0,0.264251866743251,1.0,225,0.5666666666666667,0.5,219
2035,22,amr122,splice_natural,5.0,0.27147305909617614,0.6741071428571429,219,0.724,0.5380859375,219
2035,22,amr122,splice_synthetic,5.0,0.2854025900900901,0.7166193181818182,219,0.572,0.5316358024691358,219
2035,22,amr122,pause_inject_natural,3.0,0.26678791270285396,1.0,232,0.0,0.30282738095238093,219
2035,22,amr122,pause_inject_synthetic,3.0,0.27747366962305986,1.0,234,0.0,0.3020833333333333,219
2035,22,amr475,full_natural,60.0,0.6315931690445309,1.0,275,1.0,0.5612745098039216,219
2035,22,amr475,full_synthetic,60.0,0.640625,1.0,285,1.0,0.5360576923076923,219
2035,22,amr475,splice_natural,0.5,0.32810655253837073,0.38930722891566266,219,0.88,0.38930722891566266,219
2035,22,amr475,splice_synthetic,0.5,0.3272948642266824,0.39082278481012656,219,0.92,0.39082278481012656,219
2035,22,amr475,splice_natural,1.0,0.3393012152777778,0.8029891304347826,222,0.0,0.3794642857142857,219
2035,22,amr475,splice_synthetic,1.0,0.34187355658198615,0.984375,225,0.16,0.38058035714285715,219
2035,22,amr475,splice_natural,2.0,0.33798330404217924,0.605410447761194,219,0.63,0.513671875,219
2035,22,amr475,splice_synthetic,2.0,0.35511202495745886,1.0,227,0.11,0.390625,219
2035,22,amr475,splice_natural,3.0,0.34694025522041766,0.7351190476190477,221,0.7266666666666667,0.4956597222222222,219
2035,22,amr475,splice_synthetic,3.0,0.35028818443804033,0.7251506024096386,219,0.52,0.5040760869565217,219
2035,22,amr475,splice_natural,5.0,0.3587521663778163,0.68359375,220,0.736,0.5153985507246377,219
2035,22,amr475,splice_synthetic,5.0,0.35749421296296297,0.6168154761904762,219,0.784,0.509375,219
2035,22,amr475,pause_inject_natural,3.0,0.35884831460674155,1.0,231,0.0,0.3802083333333333,219
2035,22,amr475,pause_inject_synthetic,3.0,0.3708379196477711,1.0,232,0.0,0.3802083333333333,219
2035,22,amr122_g711u,full_natural,60.0,0.627268255356362,1.0,274,1.0,0.54375,219
2035,22,amr122_g711u,full_synthetic,60.0,0.6422467694872863,1.0,283,1.0,0.5393145161290323,219
2035,22,amr122_g711u,splice_natural,0.5,0.23810921902524956,0.4622395833333333,220,0.48,0.3125,219
2035,22,amr122_g711u,splice_synthetic,0.5,0.24396802325581396,0.29092261904761907,219,0.0,0.29092261904761907,219
2035,22,amr122_g711u,splice_natural,1.0,0.2422520661157025,0.4288194444444444,219,1.0,0.4288194444444444,219
2035,22,amr122_g711u,splice_synthetic,1.0,0.24153722157092614,0.40625,219,0.68,0.32142857142857145,219
2035,22,amr122_g711u,splice_natural,2.0,0.24873114849187936,0.8704268292682927,222,0.26,0.4009146341463415,219
2035,22,amr122_g711u,splice_synthetic,2.0,0.27362040133779264,1.0,231,0.0,0.2916666666666667,219
2035,22,amr122_g711u,splice_natural,3.0,0.27240896358543415,1.0,235,0.0,0.28720238095238093,219
2035,22,amr122_g711u,splice_synthetic,3.0,0.2556349440188568,0.519281914893617,219,0.94,0.5034340659340659,219
2035,22,amr122_g711u,splice_natural,5.0,0.270081490104773,0.6306089743589743,219,0.692,0.5017361111111112,219
2035,22,amr122_g711u,splice_synthetic,5.0,0.27786578341013823,0.7133333333333334,219,0.668,0.5168269230769231,219
2035,22,amr122_g711u,pause_inject_natural,3.0,0.27271460423634336,1.0,232,0.0,0.29044117647058826,219
2035,22,amr122_g711u,pause_inject_synthetic,3.0,0.2789422543031649,1.0,234,0.0,0.28869047619047616,219
2035,23,g711u,full_natural,60.0,0.5944208686969545,1.0,257,1.0,0.5366379310344828,208
2035,23,g711u,full_synthetic,60.0,0.6555006310475389,1.0,278,1.0,0.5257936507936508,208
2035,23,g711u,splice_natural,0.5,0.06564050868486353,0.09084302325581395,208,0.0,0.09084302325581395,208
2035,23,g711u,splice_synthetic,0.5,0.0706386292834891,0.31527777777777777,208,1.0,0.31527777777777777,208
2035,23,g711u,splice_natural,1.0,0.07703578038247995,0.4419642857142857,208,0.54,0.28125,208
2035,23,g711u,splice_synthetic,1.0,0.07126168224299065,0.31330128205128205,208,0.88,0.31330128205128205,208
2035,23,g711u,splice_natural,2.0,0.08201672862453531,0.5803571428571429,208,0.66,0.5,208
2035,23,g711u,splice_synthetic,2.0,0.08612235367372353,0.5,208,0.91,0.4939759036144578,208
2035,23,g711u,splice_natural,3.0,0.09816492628992629,0.6362847222222222,208,0.6,0.505859375,208
2035,23,g711u,splice_synthetic,3.0,0.1359491671453188,1.0,228,0.0,0.10064935064935066,208
2035,23,g711u,splice_natural,5.0,0.13266893894487256,1.0,219,0.396,0.4825,208
2035,23,g711u,splice_synthetic,5.0,0.13009344362745098,0.6836890243902439,208,0.78,0.5284090909090909,208
2035,23,g711u,pause_inject_natural,3.0,0.11859256004686584,1.0,223,0.0,0.12638888888888888,208
2035,23,g711u,pause_inject_synthetic,3.0,0.1237304120719675,1.0,224,0.0,0.08504098360655737,208
2035,23,g711a,full_natural,60.0,0.5959142999501744,1.0,256,1.0,0.5352272727272728,208
2035,23,g711a,full_synthetic,60.0,0.6559080387205387,1.0,278,1.0,0.5167410714285714,208
2035,23,g711a,splice_natural,0.5,0.06580996884735202,0.21518987341772153,208,0.92,0.21518987341772153,208
2035,23,g711a,splice_synthetic,0.5,0.0669392523364486,0.223731884057971,208,0.92,0.223731884057971,208
2035,23,g711a,splice_natural,1.0,0.06917701863354037,0.31009615384615385,208,0.62,0.2628424657534247,208
2035,23,g711a,splice_synthetic,1.0,0.08603208232445521,1.0,215,0.0,0.10639880952380952,208
2035,23,g711a,splice_natural,2.0,0.08368380062305296,0.5081521739130435,208,0.92,0.5081521739130435,208
2035,23,g711a,splice_synthetic,2.0,0.11201442024720423,1.0,219,0.0,0.10788690476190477,208
2035,23,g711a,splice_natural,3.0,0.09943181818181818,0.5193452380952381,208,0.8,0.5193452380952381,208
2035,23,g711a,splice_synthetic,3.0,0.127208480565371,1.0,217,0.36666666666666664,0.495,208
2035,23,g711a,splice_natural,5.0,0.1296310471524801,0.6890243902439024,208,0.792,0.5446428571428571,208
2035,23,g711a,splice_synthetic,5.0,0.16470588235294117,1.0,229,0.156,0.4454787234042553,208
2035,23,g711a,pause_inject_natural,3.0,0.12070221445221445,1.0,223,0.0,0.09895833333333333,208
2035,23,g711a,pause_inject_synthetic,3.0,0.13214491916859122,1.0,224,0.0,0.11168032786885246,208
2035,23,opus16,full_natural,60.0,0.6131619751908397,1.0,269,1.0,0.5297619047619048,208
2035,23,opus16,full_synthetic,60.0,0.6605725031341413,1.0,279,1.0,0.5308098591549296,208
2035,23,opus16,splice_natural,0.5,0.15315420560747664,0.31477272727272726,208,1.0,0.31477272727272726,208
2035,23,opus16,splice_synthetic,0.5,0.155101246105919,0.3081395348837209,208,0.92,0.3081395348837209,208
2035,23,opus16,splice_natural,1.0,0.16079650092081033,0.65625,212,0.0,0.196875,208
2035,23,opus16,splice_synthetic,1.0,0.16696153846153847,0.5680803571428571,212,0.5,0.35365853658536583,208
2035,23,opus16,splice_natural,2.0,0.1737645794966237,0.6835106382978723,210,0.54,0.5048076923076923,208
2035,23,opus16,splice_synthetic,2.0,0.17456368646662584,0.6840753424657534,208,0.4,0.4875,208
2035,23,opus16,splice_natural,3.0,0.17986760124610593,0.5112359550561798,208,0.8866666666666667,0.5112359550561798,208
2035,23,opus16,splice_synthetic,3.0,0.19908645276292336,1.0,217,0.44,0.4920212765957447,208
2035,23,opus16,splice_natural,5.0,0.19898897058823528,0.7044642857142858,208,0.656,0.5298295454545454,208
2035,23,opus16,splice_synthetic,5.0,0.21727767962308597,1.0,220,0.448,0.49756493506493504,208
2035,23,opus16,pause_inject_natural,3.0,0.19613462669018225,1.0,223,0.0,0.18333333333333332,208
2035,23,opus16,pause_inject_synthetic,3.0,0.21033236994219653,1.0,223,0.0,0.20277777777777778,208
2035,23,amr122,full_natural,60.0,0.6179672787193974,1.0,269,1.0,0.5486111111111112,208
2035,23,amr122,full_synthetic,60.0,0.660691889632107,1.0,279,1.0,0.55875,208
2035,23,amr122,splice_natural,0.5,0.24176206683168316,0.425,210,0.0,0.2989583333333333,208
2035,23,amr122,splice_synthetic,0.5,0.2442367601246106,0.36160714285714285,208,1.0,0.36160714285714285,208
2035,23,amr122,splice_natural,1.0,0.2564287888009738,0.9244186046511628,212,0.0,0.3020833333333333,208
2035,23,amr122,splice_synthetic,1.0,0.24790632754342432,0.5683139534883721,212,0.58,0.4279891304347826,208
2035,23,amr122,splice_natural,2.0,0.2634063444108761,1.0,214,0.13,0.3181818181818182,208
2035,23,amr122,splice_synthetic,2.0,0.2717423789599522,1.0,217,0.03,0.2989583333333333,208
2035,23,amr122,splice_natural,3.0,0.2746954842543078,1.0,220,0.006666666666666667,0.2989583333333333,208
2035,23,amr122,splice_synthetic,3.0,0.29660467128027684,1.0,223,0.05333333333333334,0.3039772727272727,208
2035,23,amr122,splice_natural,5.0,0.3044319509345794,1.0,217,0.436,0.5376838235294118,208
2035,23,amr122,splice_synthetic,5.0,0.28138395590936927,0.6779411764705883,208,0.756,0.5280172413793104,208
2035,23,amr122,pause_inject_natural,3.0,0.29586693548387094,1.0,224,0.0,0.30335365853658536,208
2035,23,amr122,pause_inject_synthetic,3.0,0.2893356643356643,1.0,225,0.0,0.2989583333333333,208
2035,23,amr475,full_natural,60.0,0.6212014960261805,1.0,269,1.0,0.5486111111111112,208
2035,23,amr475,full_synthetic,60.0,0.6601284997910573,1.0,278,1.0,0.5494186046511628,208
2035,23,amr475,splice_natural,0.5,0.3309190031152648,0.41836734693877553,208,1.0,0.41836734693877553,208
2035,23,amr475,splice_synthetic,0.5,0.339209074187615,0.7083333333333334,212,0.0,0.41363636363636364,208
2035,23,amr475,splice_natural,1.0,0.3339517625231911,0.4696691176470588,208,0.14,0.3931818181818182,208
2035,23,amr475,splice_synthetic,1.0,0.35009824667472794,1.0,215,0.0,0.41363636363636364,208
2035,23,amr475,splice_natural,2.0,0.34708663819402075,0.7401315789473685,209,0.47,0.5297619047619048,208
2035,23,amr475,splice_synthetic,2.0,0.34226190476190477,0.59375,208,0.59,0.5097222222222222,208
2035,23,amr475,splice_natural,3.0,0.37302284710017575,1.0,220,0.17333333333333334,0.4181547619047619,208
2035,23,amr475,splice_synthetic,3.0,0.3444272445820433,0.5441176470588235,208,0.78,0.5133928571428571,208
2035,23,amr475,splice_natural,5.0,0.3464885021752641,0.5128012048192772,208,0.828,0.4992378048780488,208
2035,23,amr475,splice_synthetic,5.0,0.35665384615384615,0.5971153846153846,208,0.804,0.4879807692307692,208
2035,23,amr475,pause_inject_natural,3.0,0.36418978748524206,1.0,222,0.0,0.4238636363636364,208
2035,23,amr475,pause_inject_synthetic,3.0,0.3797495682210708,1.0,224,0.0,0.41363636363636364,208
2035,23,amr122_g711u,full_natural,60.0,0.618542654028436,1.0,269,1.0,0.5397727272727273,208
2035,23,amr122_g711u,full_synthetic,60.0,0.6590647255969837,1.0,278,1.0,0.5235507246376812,208
2035,23,amr122_g711u,splice_natural,0.5,0.24750778816199376,0.33125,208,0.8,0.33125,208
2035,23,amr122_g711u,splice_synthetic,0.5,0.24735202492211839,0.3871951219512195,208,0.84,0.3871951219512195,208
2035,23,amr122_g711u,splice_natural,1.0,0.24840342679127725,0.4140625,208,0.9,0.4140625,208
2035,23,amr122_g711u,splice_synthetic,1.0,0.2573507007921999,0.6044407894736842,208,0.04,0.3,208
2035,23,amr122_g711u,splice_natural,2.0,0.28303413772807534,1.0,219,0.0,0.2965686274509804,208
2035,23,amr122_g711u,splice_synthetic,2.0,0.2756885593220339,1.0,212,0.48,0.4953125,208
2035,23,amr122_g711u,splice_natural,3.0,0.2661202610316967,0.56375,208,0.8,0.5342465753424658,208
2035,23,amr122_g711u,splice_synthetic,3.0,0.277170613236187,0.6387195121951219,209,0.66,0.4927536231884058,208
2035,23,amr122_g711u,splice_natural,5.0,0.284882005899705,1.0,219,0.064,0.340625,208
2035,23,amr122_g711u,splice_synthetic,5.0,0.28415697674418605,0.6423611111111112,212,0.732,0.5123546511627907,208
2035,23,amr122_g711u,pause_inject_natural,3.0,0.28695014662756596,1.0,224,0.0,0.30520833333333336,208
2035,23,amr122_g711u,pause_inject_synthetic,3.0,0.2957466782206817,1.0,224,0.0,0.3,208
2086,27,g711u,full_natural,60.0,0.6031741922120961,1.0,285,1.0,0.546875,233
2086,27,g711u,full_synthetic,60.0,0.618984624600639,1.0,285,1.0,0.54375,233
2086,27,g711u,splice_natural,0.5,0.08566640378548895,0.24439102564102563,233,0.48,0.15803571428571428,233
2086,27,g711u,splice_synthetic,0.5,0.08388331573389651,0.23524305555555555,233,1.0,0.23524305555555555,233
2086,27,g711u,splice_natural,1.0,0.10177560473494596,1.0,239,0.0,0.13368055555555555,233
2086,27,g711u,splice_synthetic,1.0,0.09034001054296258,0.4502118644067797,233,0.9,0.42075892857142855,233
2086,27,g711u,splice_natural,2.0,0.11818869828456105,1.0,246,0.0,0.11284722222222222,233
2086,27,g711u,splice_synthetic,2.0,0.11205791901588928,1.0,239,0.41,0.47767857142857145,233
2086,27,g711u,splice_natural,3.0,0.11027675760755509,0.6497093023255814,234,0.7666666666666667,0.5052083333333334,233
2086,27,g711u,splice_synthetic,3.0,0.12432623203285421,0.7746010638297872,238,0.6,0.49236111111111114,233
2086,27,g711u,splice_natural,5.0,0.13453060165975103,0.6347402597402597,233,0.756,0.5123239436619719,233
2086,27,g711u,splice_synthetic,5.0,0.1517366316841579,1.0,244,0.508,0.5050403225806451,233
2086,27,g711u,pause_inject_natural,3.0,0.1299563591022444,1.0,249,0.0,0.13004032258064516,233
2086,27,g711u,pause_inject_synthetic,3.0,0.14044008875739644,1.0,249,0.0,0.14273648648648649,233
2086,27,g711a,full_natural,60.0,0.603419516263553,1.0,283,1.0,0.54921875,233
2086,27,g711a,full_synthetic,60.0,0.6196378691141261,1.0,284,1.0,0.5425531914893617,233
2086,27,g711a,splice_natural,0.5,0.08784318901795142,0.26953125,233,0.96,0.26953125,233
2086,27,g711a,splice_synthetic,0.5,0.0875461985216473,0.20352564102564102,233,1.0,0.20352564102564102,233
2086,27,g711a,splice_natural,1.0,0.0987012987012987,0.6444672131147541,238,0.26,0.22529069767441862,233
2086,27,g711a,splice_synthetic,1.0,0.0912269129287599,0.3494718309859155,233,0.84,0.34017857142857144,233
2086,27,g711a,splice_natural,2.0,0.09794086589229145,0.48996913580246915,233,0.91,0.48996913580246915,233
2086,27,g711a,splice_synthetic,2.0,0.10984947643979058,0.5651595744680851,233,0.78,0.47596153846153844,233
2086,27,g711a,splice_natural,3.0,0.11939589665653495,1.0,242,0.013333333333333334,0.1326219512195122,233
2086,27,g711a,splice_synthetic,3.0,0.14452357563850687,1.0,250,0.0,0.13608870967741934,233
2086,27,g711a,splice_natural,5.0,0.13972308892355695,0.5833333333333334,233,0.832,0.5,233
2086,27,g711a,splice_synthetic,5.0,0.13164473684210526,0.558277027027027,233,0.848,0.5460069444444444,233
2086,27,g711a,pause_inject_natural,3.0,0.12893553223388307,1.0,248,0.0,0.11363636363636363,233
2086,27,g711a,pause_inject_synthetic,3.0,0.1448065549531789,1.0,249,0.0,0.13068181818181818,233
2086,27,opus16,full_natural,60.0,0.6197059413890004,1.0,290,1.0,0.5366847826086957,233
2086,27,opus16,full_synthetic,60.0,0.6208548451151708,1.0,285,1.0,0.5479166666666667,233
2086,27,opus16,splice_natural,0.5,0.17360744456177402,0.37073863636363635,233,1.0,0.37073863636363635,233
2086,27,opus16,splice_synthetic,0.5,0.17474960463890354,0.359375,234,0.56,0.2872340425531915,233
2086,27,opus16,splice_natural,1.0,0.19560185185185186,1.0,240,0.0,0.22149122807017543,233
2086,27,opus16,splice_synthetic,1.0,0.1776993136219641,0.3678571428571429,233,1.0,0.3678571428571429,233
2086,27,opus16,splice_natural,2.0,0.192393006263048,0.5917553191489362,233,0.72,0.4670138888888889,233
2086,27,opus16,splice_synthetic,2.0,0.19397905759162304,0.6642156862745098,237,0.82,0.5326704545454546,233
2086,27,opus16,splice_natural,3.0,0.2001430057202288,0.7392241379310345,238,0.6,0.5228365384615384,233
2086,27,opus16,splice_synthetic,3.0,0.20769974226804125,0.9574468085106383,238,0.6266666666666667,0.4948529411764706,233
2086,27,opus16,splice_natural,5.0,0.22386950904392766,0.6446629213483146,233,0.768,0.5349264705882353,233
2086,27,opus16,splice_synthetic,5.0,0.21987012987012988,0.6320224719101124,233,0.772,0.5183823529411765,233
2086,27,opus16,pause_inject_natural,3.0,0.21257541478129713,1.0,246,0.0,0.22174657534246575,233
2086,27,opus16,pause_inject_synthetic,3.0,0.22208768007948335,1.0,247,0.0,0.21339285714285713,233
2086,27,amr122,full_natural,60.0,0.6216121960940614,1.0,290,1.0,0.5363175675675675,233
2086,27,amr122,full_synthetic,60.0,0.6210191082802548,1.0,285,1.0,0.5640243902439024,233
2086,27,amr122,splice_natural,0.5,0.28125,0.35733695652173914,233,1.0,0.35733695652173914,233
2086,27,amr122,splice_synthetic,0.5,0.28256995776135163,0.4075,233,0.92,0.4075,233
2086,27,amr122,splice_natural,1.0,0.28686318277310924,0.5294642857142857,233,0.76,0.4510416666666667,233
2086,27,amr122,splice_synthetic,1.0,0.29207664422578977,0.9512195121951219,238,0.14,0.3246527777777778,233
2086,27,amr122,splice_natural,2.0,0.2840219112988384,0.4982142857142857,233,0.7,0.4982142857142857,233
2086,27,amr122,splice_synthetic,2.0,0.286768581971534,0.49,233,0.92,0.47046703296703296,233
2086,27,amr122,splice_natural,3.0,0.32178340784898163,1.0,250,0.0,0.3325,233
2086,27,amr122,splice_synthetic,3.0,0.30261463163317875,1.0,239,0.5733333333333334,0.4764705882352941,233
2086,27,amr122,splice_natural,5.0,0.32144220977596744,0.8192204301075269,237,0.676,0.5213068181818182,233
2086,27,amr122,splice_synthetic,5.0,0.3123708010335917,0.61328125,233,0.768,0.5,233
2086,27,amr122,pause_inject_natural,3.0,0.3194201995012469,1.0,247,0.0,0.32222222222222224,233
2086,27,amr122,pause_inject_synthetic,3.0,0.3148942786069652,1.0,249,0.0,0.32125,233
2086,27,amr475,full_natural,60.0,0.620960547184774,1.0,290,1.0,0.5501893939393939,233
2086,27,amr475,full_synthetic,60.0,0.6190023990403839,1.0,284,1.0,0.5390625,233
2086,27,amr475,splice_natural,0.5,0.3774076517150396,0.4329044117647059,233,0.8,0.4329044117647059,233
2086,27,amr475,splice_synthetic,0.5,0.3779322614654718,0.4397590361445783,233,0.8,0.4303977272727273,233
2086,27,amr475,splice_natural,1.0,0.38267659462308906,0.534957627118644,233,0.92,0.5100446428571429,233
2086,27,amr475,splice_synthetic,1.0,0.379188654353562,0.45625,233,1.0,0.45625,233
2086,27,amr475,splice_natural,2.0,0.3955765279917822,0.8103693181818182,237,0.35,0.49390243902439024,233
2086,27,amr475,splice_synthetic,2.0,0.3816952506596306,0.5046296296296297,233,0.73,0.5046296296296297,233
2086,27,amr475,splice_natural,3.0,0.3925078247261346,0.6103723404255319,233,0.8,0.4913194444444444,233
2086,27,amr475,splice_synthetic,3.0,0.3941412312467667,0.9508928571428571,237,0.6333333333333333,0.5259146341463414,233
2086,27,amr475,splice_natural,5.0,0.3962012987012987,0.5993150684931506,233,0.72,0.5125,233
2086,27,amr475,splice_synthetic,5.0,0.4043138760880696,0.8330965909090909,238,0.688,0.530241935483871,233
2086,27,amr475,pause_inject_natural,3.0,0.41153653653653655,1.0,246,0.0,0.43014705882352944,233
2086,27,amr475,pause_inject_synthetic,3.0,0.40747364457831325,1.0,247,0.0,0.4346590909090909,233
2086,27,amr122_g711u,full_natural,60.0,0.6214806309904153,1.0,290,1.0,0.5286458333333334,233
2086,27,amr122_g711u,full_synthetic,60.0,0.6187099037690457,1.0,284,1.0,0.5359375,233
2086,27,amr122_g711u,splice_natural,0.5,0.29260031266284525,0.3338068181818182,233,0.0,0.3338068181818182,233
2086,27,amr122_g711u,splice_synthetic,0.5,0.28651055408970977,0.3387345679012346,233,0.56,0.33611111111111114,233
2086,27,amr122_g711u,splice_natural,1.0,0.3018582818930041,1.0,241,0.0,0.3387784090909091,233
2086,27,amr122_g711u,splice_synthetic,1.0,0.2915458618871903,0.4468390804597701,233,0.92,0.4270833333333333,233
2086,27,amr122_g711u,splice_natural,2.0,0.2958355332629356,0.5296052631578947,233,0.92,0.5296052631578947,233
2086,27,amr122_g711u,splice_synthetic,2.0,0.30379337131020195,0.7183734939759037,233,0.48,0.49184782608695654,233
2086,27,amr122_g711u,splice_natural,3.0,0.3226317752362009,1.0,248,0.0,0.3338068181818182,233
2086,27,amr122_g711u,splice_synthetic,3.0,0.30169025157232704,0.5944767441860465,233,0.8133333333333334,0.515625,233
2086,27,amr122_g711u,splice_natural,5.0,0.3326592832254853,1.0,246,0.388,0.5104166666666666,233
2086,27,amr122_g711u,splice_synthetic,5.0,0.3246474358974359,0.8076923076923077,238,0.648,0.5288461538461539,233
2086,27,amr122_g711u,pause_inject_natural,3.0,0.3196731536926148,1.0,248,0.0,0.3338068181818182,233
2086,27,amr122_g711u,pause_inject_synthetic,3.0,0.3198676323676324,1.0,249,0.0,0.3338068181818182,233
2086,28,g711u,full_natural,60.0,0.6020166741775574,1.0,278,1.0,0.5325520833333334,226
2086,28,g711u,full_synthetic,60.0,0.6567371395167576,1.0,290,1.0,0.53203125,226
2086,28,g711u,splice_natural,0.5,0.06267846944603084,0.24273255813953487,226,0.8,0.24273255813953487,226
2086,28,g711u,splice_synthetic,0.5,0.06931753283837808,0.1982142857142857,226,1.0,0.1982142857142857,226
2086,28,g711u,splice_natural,1.0,0.0853158041179744,1.0,232,0.0,0.1234375,226
2086,28,g711u,splice_synthetic,1.0,0.07387009664582149,0.37256493506493504,226,0.76,0.29981884057971014,226
2086,28,g711u,splice_natural,2.0,0.08235419026047565,0.5550986842105263,226,0.61,0.4456967213114754,226
2086,28,g711u,splice_synthetic,2.0,0.11156605305901462,1.0,236,0.01,0.10714285714285714,226
2086,28,g711u,splice_natural,3.0,0.0901394422310757,0.55,226,0.7866666666666666,0.5076219512195121,226
2086,28,g711u,splice_synthetic,3.0,0.11882799782962561,1.0,236,0.3,0.5,226
2086,28,g711u,splice_natural,5.0,0.12080302182428651,0.6586538461538461,226,0.704,0.49077868852459017,226
2086,28,g711u,splice_synthetic,5.0,0.12862520914668155,0.6580056179775281,226,0.724,0.5388257575757576,226
2086,28,g711u,pause_inject_natural,3.0,0.10693465292841649,1.0,240,0.0,0.09659090909090909,226
2086,28,g711u,pause_inject_synthetic,3.0,0.12569665605095542,1.0,240,0.0,0.11270491803278689,226
2086,28,g711a,full_natural,60.0,0.6014815232086526,1.0,279,1.0,0.5367647058823529,226
2086,28,g711a,full_synthetic,60.0,0.6551900584795322,1.0,290,1.0,0.5373376623376623,226
2086,28,g711a,splice_natural,0.5,0.06399914334665906,0.10321969696969698,226,0.08,0.10321969696969698,226
2086,28,g711a,splice_synthetic,0.5,0.07600112803158489,0.5411931818181818,228,0.0,0.11322463768115942,226
2086,28,g711a,splice_natural,1.0,0.07377926898914906,0.3651785714285714,226,1.0,0.3651785714285714,226
2086,28,g711a,splice_synthetic,1.0,0.08137464387464387,0.3925,226,0.9,0.35827464788732394,226
2086,28,g711a,splice_natural,2.0,0.0857234589041096,0.49078947368421055,226,0.97,0.4853723404255319,226
2086,28,g711a,splice_synthetic,2.0,0.10895957677699403,1.0,236,0.0,0.0990691489361702,226
2086,28,g711a,splice_natural,3.0,0.10001411631846414,0.6162974683544303,226,0.68,0.50625,226
2086,28,g711a,splice_synthetic,3.0,0.1091225626740947,0.6796875,226,0.6533333333333333,0.51953125,226
2086,28,g711a,splice_natural,5.0,0.11264864099660249,0.5915178571428571,226,0.732,0.5078125,226
2086,28,g711a,splice_synthetic,5.0,0.14193830818965517,1.0,237,0.456,0.5015432098765432,226
2086,28,g711a,pause_inject_natural,3.0,0.10866013071895425,1.0,240,0.0,0.11785714285714285,226
2086,28,g711a,pause_inject_synthetic,3.0,0.1362043892120571,1.0,241,0.0,0.11011904761904762,226
2086,28,opus16,full_natural,60.0,0.6121040475142983,1.0,284,1.0,0.5294117647058824,226
2086,28,opus16,full_synthetic,60.0,0.6558614996114996,1.0,290,1.0,0.5371621621621622,226
2086,28,opus16,splice_natural,0.5,0.1686087570621469,0.4107142857142857,226,0.0,0.19467213114754098,226
2086,28,opus16,splice_synthetic,0.5,0.17535996612083568,0.5565476190476191,228,0.04,0.1943181818181818,226
2086,28,opus16,splice_natural,1.0,0.17061862967157418,0.42680921052631576,226,0.48,0.2858606557377049,226
2086,28,opus16,splice_synthetic,1.0,0.18233213096559378,1.0,233,0.0,0.1957720588235294,226
2086,28,opus16,splice_natural,2.0,0.18902608213096558,1.0,232,0.14,0.27134146341463417,226
2086,28,opus16,splice_synthetic,2.0,0.18827334083239594,0.6555397727272727,226,0.61,0.5030737704918032,226
2086,28,opus16,splice_natural,3.0,0.19083617262918795,0.5888888888888889,226,0.7666666666666667,0.5375,226
2086,28,opus16,splice_synthetic,3.0,0.1926374716553288,0.586376404494382,226,0.84,0.5168269230769231,226
2086,28,opus16,splice_natural,5.0,0.21200704225352113,0.6204819277108434,226,0.792,0.5367647058823529,226
2086,28,opus16,splice_synthetic,5.0,0.21231208240534521,0.9298780487804879,231,0.612,0.5234375,226
2086,28,opus16,pause_inject_natural,3.0,0.20951704545454544,1.0,239,0.0,0.1971153846153846,226
2086,28,opus16,pause_inject_synthetic,3.0,0.21831781914893617,1.0,241,0.0,0.1907051282051282,226
2086,28,amr122,full_natural,60.0,0.6087328767123288,1.0,283,1.0,0.5305059523809523,226
2086,28,amr122,full_synthetic,60.0,0.6568679720822024,1.0,290,1.0,0.5272177419354839,226
2086,28,amr122,splice_natural,0.5,0.2596730439748715,0.35507246376811596,226,1.0,0.35507246376811596,226
2086,28,amr122,splice_synthetic,0.5,0.2619931467732724,0.33630952380952384,226,1.0,0.33630952380952384,226
2086,28,amr122,splice_natural,1.0,0.2625642490005711,0.4634146341463415,226,0.88,0.4634146341463415,226
2086,28,amr122,splice_synthetic,1.0,0.26695873374788015,0.7073863636363636,228,0.58,0.4076086956521739,226
2086,28,amr122,splice_natural,2.0,0.2672917855105533,0.4870426829268293,226,0.87,0.47421875,226
2086,28,amr122,splice_synthetic,2.0,0.2946187128177393,1.0,240,0.0,0.3012295081967213,226
2086,28,amr122,splice_natural,3.0,0.27465139442231074,0.5373475609756098,226,0.84,0.5008223684210527,226
2086,28,amr122,splice_synthetic,3.0,0.28037120359955003,0.6044034090909091,226,0.68,0.49333333333333335,226
2086,28,amr122,splice_natural,5.0,0.298133389261745,0.6399739583333334,226,0.744,0.5211267605633803,226
2086,28,amr122,splice_synthetic,5.0,0.3049545203969129,1.0,233,0.636,0.5160060975609756,226
2086,28,amr122,pause_inject_natural,3.0,0.2985472972972973,1.0,238,0.0,0.3153409090909091,226
2086,28,amr122,pause_inject_synthetic,3.0,0.31124405076679007,1.0,241,0.0,0.3143939393939394,226
2086,28,amr475,full_natural,60.0,0.6122353330392589,1.0,285,1.0,0.551829268292683,226
2086,28,amr475,full_synthetic,60.0,0.6598702053467648,1.0,290,1.0,0.5316558441558441,226
2086,28,amr475,splice_natural,0.5,0.3640828151498022,0.634375,228,0.04,0.4,226
2086,28,amr475,splice_synthetic,0.5,0.36772017045454547,0.5247844827586207,226,0.56,0.4375,226
2086,28,amr475,splice_natural,1.0,0.3645416904625928,0.4764344262295082,226,0.94,0.4764344262295082,226
2086,28,amr475,splice_synthetic,1.0,0.3675113571834185,0.4764705882352941,226,0.64,0.4066666666666667,226
2086,28,amr475,splice_natural,2.0,0.36720085470085473,0.53125,226,0.84,0.4989224137931034,226
2086,28,amr475,splice_synthetic,2.0,0.3728484762979684,0.6148255813953488,226,0.73,0.49038461538461536,226
2086,28,amr475,splice_natural,3.0,0.3761685552407932,0.5727848101265823,226,0.82,0.534156976744186,226
2086,28,amr475,splice_synthetic,3.0,0.3921977571115974,1.0,234,0.3466666666666667,0.5299479166666666,226
2086,28,amr475,splice_natural,5.0,0.3818502824858757,0.6011513157894737,226,0.756,0.49184782608695654,226
2086,28,amr475,splice_synthetic,5.0,0.3948153803442532,0.6771978021978022,226,0.704,0.5365384615384615,226
2086,28,amr475,pause_inject_natural,3.0,0.3996313672922252,1.0,241,0.0,0.4048076923076923,226
2086,28,amr475,pause_inject_synthetic,3.0,0.40494031830238725,1.0,241,0.0,0.40384615384615385,226
2086,28,amr122_g711u,full_natural,60.0,0.6060572194903889,1.0,283,1.0,0.5307971014492754,226
2086,28,amr122_g711u,full_synthetic,60.0,0.6587693798449612,1.0,290,1.0,0.5557432432432432,226
2086,28,amr122_g711u,splice_natural,0.5,0.26217161621930324,0.4119318181818182,226,1.0,0.4119318181818182,226
2086,28,amr122_g711u,splice_synthetic,0.5,0.26906302757456385,0.74375,227,0.0,0.3125,226
2086,28,amr122_g711u,splice_natural,1.0,0.2682796465222349,0.4393939393939394,226,0.82,0.4126984126984127,226
2086,28,amr122_g711u,splice_synthetic,1.0,0.2810244308717379,1.0,233,0.0,0.319672131147541,226
2086,28,amr122_g711u,splice_natural,2.0,0.27133021010789327,0.5681089743589743,226,0.68,0.5045955882352942,226
2086,28,amr122_g711u,splice_synthetic,2.0,0.2970367847411444,1.0,235,0.1,0.35557432432432434,226
2086,28,amr122_g711u,splice_natural,3.0,0.28169163369135103,0.625801282051282,226,0.7333333333333333,0.5135416666666667,226
2086,28,amr122_g711u,splice_synthetic,3.0,0.2841389515219842,0.6199127906976745,226,0.68,0.5193014705882353,226
2086,28,amr122_g711u,splice_natural,5.0,0.3020251396648045,0.6512784090909091,226,0.736,0.5294642857142857,226
2086,28,amr122_g711u,splice_synthetic,5.0,0.3210302708443972,1.0,242,0.356,0.5353260869565217,226
2086,28,amr122_g711u,pause_inject_natural,3.0,0.3025147928994083,1.0,239,0.0,0.31864754098360654,226
2086,28,amr122_g711u,pause_inject_synthetic,3.0,0.3101063829787234,1.0,241,0.0,0.3176229508196721,226
2086,29,g711u,full_natural,60.0,0.6300238419618529,1.0,255,1.0,0.525,197
2086,29,g711u,full_synthetic,60.0,0.6688632619439868,1.0,282,1.0,0.5375,197
2086,29,g711u,splice_natural,0.5,0.07067939887288666,0.28194444444444444,197,1.0,0.28194444444444444,197
2086,29,g711u,splice_synthetic,0.5,0.07824074074074074,0.5884146341463414,201,0.0,0.10416666666666667,197
2086,29,g711u,splice_natural,1.0,0.08736931119311193,0.8153409090909091,200,0.38,0.24027777777777778,197
2086,29,g711u,splice_synthetic,1.0,0.0942622950819672,0.6316964285714286,203,0.0,0.105,197
2086,29,g711u,splice_natural,2.0,0.09676041019266625,0.5761494252873564,197,0.84,0.5148809523809523,197
2086,29,g711u,splice_synthetic,2.0,0.08785669975186104,0.58203125,197,0.65,0.4855769230769231,197
2086,29,g711u,splice_natural,3.0,0.11582220873786407,1.0,203,0.5133333333333333,0.49451754385964913,197
2086,29,g711u,splice_synthetic,3.0,0.10623458692971639,0.6524122807017544,202,0.6666666666666666,0.515625,197
2086,29,g711u,splice_natural,5.0,0.1311652281134402,0.614247311827957,197,0.76,0.5178571428571429,197
2086,29,g711u,splice_synthetic,5.0,0.147734093637455,0.7957848837209303,203,0.652,0.5125,197
2086,29,g711u,pause_inject_natural,3.0,0.1373407643312102,1.0,213,0.0,0.09775641025641026,197
2086,29,g711u,pause_inject_synthetic,3.0,0.1304569266589057,1.0,214,0.0,0.10850694444444445,197
2086,29,g711a,full_natural,60.0,0.6313636363636363,1.0,255,1.0,0.5258333333333334,197
2086,29,g711a,full_synthetic,60.0,0.6667612463887742,1.0,283,1.0,0.5456730769230769,197
2086,29,g711a,splice_natural,0.5,0.07546728971962617,0.2296875,197,0.56,0.1440972222222222,197
2086,29,g711a,splice_synthetic,0.5,0.07498439450686642,0.2741477272727273,197,0.84,0.2741477272727273,197
2086,29,g711a,splice_natural,1.0,0.09270643594414087,1.0,204,0.0,0.10060975609756098,197
2086,29,g711a,splice_synthetic,1.0,0.08024546591619762,0.5127551020408163,197,0.94,0.4920212765957447,197
2086,29,g711a,splice_natural,2.0,0.119314825753101,1.0,212,0.0,0.11141304347826086,197
2086,29,g711a,splice_synthetic,2.0,0.11371063576945929,1.0,208,0.0,0.11805555555555555,197
2086,29,g711a,splice_natural,3.0,0.13578459756803707,1.0,213,0.0,0.09510869565217392,197
2086,29,g711a,splice_synthetic,3.0,0.12925469483568075,1.0,211,0.1,0.2149390243902439,197
2086,29,g711a,splice_natural,5.0,0.146867523923445,1.0,203,0.624,0.5122282608695652,197
2086,29,g711a,splice_synthetic,5.0,0.14601901366607248,1.0,208,0.476,0.5304276315789473,197
2086,29,g711a,pause_inject_natural,3.0,0.13290771909460244,1.0,214,0.0,0.11005434782608696,197
2086,29,g711a,pause_inject_synthetic,3.0,0.13017492711370263,1.0,214,0.0,0.11458333333333333,197
2086,29,opus16,full_natural,60.0,0.635685210312076,1.0,255,1.0,0.5433673469387755,197
2086,29,opus16,full_synthetic,60.0,0.6681762041992589,1.0,283,1.0,0.5448369565217391,197
2086,29,opus16,splice_natural,0.5,0.172578125,0.34375,197,0.8,0.29573170731707316,197
2086,29,opus16,splice_synthetic,0.5,0.171297745773325,0.2996031746031746,197,0.92,0.2996031746031746,197
2086,29,opus16,splice_natural,1.0,0.17467248908296942,0.37900641025641024,197,0.76,0.3272569444444444,197
2086,29,opus16,splice_synthetic,1.0,0.19201578627808136,1.0,204,0.0,0.2025462962962963,197
2086,29,opus16,splice_natural,2.0,0.19725722188076214,0.8305555555555556,200,0.64,0.5,197
2086,29,opus16,splice_synthetic,2.0,0.19649446494464945,0.6769578313253012,202,0.66,0.5079365079365079,197
2086,29,opus16,splice_natural,3.0,0.21974148061104584,1.0,208,0.21333333333333335,0.391304347826087,197
2086,29,opus16,splice_synthetic,3.0,0.22397360703812316,1.0,210,0.16666666666666666,0.3523936170212766,197
2086,29,opus16,splice_natural,5.0,0.226576852418861,0.5964095744680851,197,0.816,0.5197784810126582,197
2086,29,opus16,splice_synthetic,5.0,0.24419199298655758,1.0,210,0.444,0.5035511363636364,197
2086,29,opus16,pause_inject_natural,3.0,0.23345375722543352,1.0,213,0.0,0.21412037037037038,197
2086,29,opus16,pause_inject_synthetic,3.0,0.228731884057971,1.0,213,0.0,0.21296296296296297,197
2086,29,amr122,full_natural,60.0,0.6352658371040724,1.0,255,1.0,0.538109756097561,197
2086,29,amr122,full_synthetic,60.0,0.6683500820344545,1.0,283,1.0,0.5324367088607594,197
2086,29,amr122,splice_natural,0.5,0.26686691312384475,0.7049418604651163,200,0.0,0.2903481012658228,197
2086,29,amr122,splice_synthetic,0.5,0.261388541014402,0.3776785714285714,197,1.0,0.3776785714285714,197
2086,29,amr122,splice_natural,1.0,0.2794474802671524,1.0,208,0.0,0.3047945205479452,197
2086,29,amr122,splice_synthetic,1.0,0.26603362391033625,0.5171875,198,0.58,0.3932926829268293,197
2086,29,amr122,splice_natural,2.0,0.27545580964153277,0.594758064516129,197,0.72,0.4765625,197
2086,29,amr122,splice_synthetic,2.0,0.27557346559206447,0.5730263157894737,197,0.79,0.4865506329113924,197
2086,29,amr122,splice_natural,3.0,0.2801214196762142,0.5632183908045977,197,0.8533333333333334,0.5128205128205128,197
2086,29,amr122,splice_synthetic,3.0,0.2894817073170732,0.7089285714285715,202,0.6,0.4895833333333333,197
2086,29,amr122,splice_natural,5.0,0.3129097139451728,0.8027777777777778,203,0.608,0.5040584415584416,197
2086,29,amr122,splice_synthetic,5.0,0.3401073619631902,1.0,223,0.068,0.34646739130434784,197
2086,29,amr122,pause_inject_natural,3.0,0.3148802654356607,1.0,214,0.0,0.2934027777777778,197
2086,29,amr122,pause_inject_synthetic,3.0,0.31166618329466356,1.0,214,0.0,0.29430379746835444,197
2086,29,amr475,full_natural,60.0,0.6358609346642469,1.0,254,1.0,0.5474537037037037,197
2086,29,amr475,full_synthetic,60.0,0.668677805280528,1.0,282,1.0,0.5517857142857143,197
2086,29,amr475,splice_natural,0.5,0.37438385705483673,0.4166666666666667,197,0.0,0.4166666666666667,197
2086,29,amr475,splice_synthetic,0.5,0.37322749691738594,0.4175347222222222,197,0.0,0.4175347222222222,197
2086,29,amr475,splice_natural,1.0,0.3849544072948328,1.0,203,0.0,0.4314236111111111,197
2086,29,amr475,splice_synthetic,1.0,0.36865998747651846,0.46169354838709675,197,1.0,0.46169354838709675,197
2086,29,amr475,splice_natural,2.0,0.3877720677146312,0.7948369565217391,202,0.35,0.4166666666666667,197
2086,29,amr475,splice_synthetic,2.0,0.37320536828963796,0.5344551282051282,197,0.77,0.502568493150685,197
2086,29,amr475,splice_natural,3.0,0.37807632398753893,0.5442708333333334,197,0.9,0.5071022727272727,197
2086,29,amr475,splice_synthetic,3.0,0.38260970333745364,0.632313829787234,197,0.7533333333333333,0.526541095890411,197
2086,29,amr475,splice_natural,5.0,0.38857518564356436,0.5897435897435898,197,0.76,0.5154109589041096,197
2086,29,amr475,splice_synthetic,5.0,0.3875,0.660904255319149,198,0.724,0.521404109589041,197
2086,29,amr475,pause_inject_natural,3.0,0.41359763142692085,1.0,213,0.0,0.4270833333333333,197
2086,29,amr475,pause_inject_synthetic,3.0,0.4090346534653465,1.0,214,0.0,0.4253472222222222,197
2086,29,amr122_g711u,full_natural,60.0,0.634608843537415,1.0,254,1.0,0.5335365853658537,197
2086,29,amr122_g711u,full_synthetic,60.0,0.6691841348129881,1.0,283,1.0,0.5383522727272727,197
2086,29,amr122_g711u,splice_natural,0.5,0.274050339715874,0.5701754385964912,202,0.04,0.30753968253968256,197
2086,29,amr122_g711u,splice_synthetic,0.5,0.2754472547809994,0.3056506849315068,197,0.0,0.3056506849315068,197
2086,29,amr122_g711u,splice_natural,1.0,0.2885928961748634,1.0,208,0.0,0.3125,197
2086,29,amr122_g711u,splice_synthetic,1.0,0.275716957605985,0.5851063829787234,201,0.82,0.5125,197
2086,29,amr122_g711u,splice_natural,2.0,0.28426297898640296,0.7214912280701754,202,0.59,0.5552325581395349,197
2086,29,amr122_g711u,splice_synthetic,2.0,0.29077743902439024,1.0,204,0.25,0.4100609756097561,197
2086,29,amr122_g711u,splice_natural,3.0,0.30284675953967294,0.7862903225806451,203,0.5866666666666667,0.51875,197
2086,29,amr122_g711u,splice_synthetic,3.0,0.31591509988249117,1.0,208,0.24666666666666667,0.4454787234042553,197
2086,29,amr122_g711u,splice_natural,5.0,0.3083359037631092,0.5912921348314607,197,0.832,0.534156976744186,197
2086,29,amr122_g711u,splice_synthetic,5.0,0.3245320855614973,1.0,206,0.58,0.5056818181818182,197
2086,29,amr122_g711u,pause_inject_natural,3.0,0.3195973348783314,1.0,213,0.0,0.3183139534883721,197
2086,29,amr122_g711u,pause_inject_synthetic,3.0,0.3233506944444444,1.0,214,0.0,0.3090753424657534,197
2277,30,g711u,full_natural,60.0,0.601672321861367,1.0,258,1.0,0.5328947368421053,211
2277,30,g711u,full_synthetic,60.0,0.6445108695652174,1.0,280,1.0,0.5386904761904762,211
2277,30,g711u,splice_natural,0.5,0.07745629897528632,0.10568181818181818,211,0.0,0.10568181818181818,211
2277,30,g711u,splice_synthetic,0.5,0.07195345988977342,0.20774647887323944,211,1.0,0.20774647887323944,211
2277,30,g711u,splice_natural,1.0,0.07562767911818738,0.3013392857142857,211,1.0,0.3013392857142857,211
2277,30,g711u,splice_synthetic,1.0,0.08514221556886227,0.8573369565217391,215,0.08,0.11773255813953488,211
2277,30,g711u,splice_natural,2.0,0.11429498269896193,1.0,223,0.0,0.11099137931034483,211
2277,30,g711u,splice_synthetic,2.0,0.09018557634278818,0.6219512195121951,211,0.58,0.46551724137931033,211
2277,30,g711u,splice_natural,3.0,0.10719126506024096,0.8152173913043478,214,0.74,0.513771186440678,211
2277,30,g711u,splice_synthetic,3.0,0.1068584735576923,0.6595588235294118,212,0.68,0.5080357142857143,211
2277,30,g711u,splice_natural,5.0,0.12560386473429952,0.60859375,211,0.688,0.5142857142857142,211
2277,30,g711u,splice_synthetic,5.0,0.14617169373549885,1.0,220,0.508,0.5364583333333334,211
2277,30,g711u,pause_inject_natural,3.0,0.1265339611872146,1.0,226,0.0,0.09953703703703703,211
2277,30,g711u,pause_inject_synthetic,3.0,0.12356815578465064,1.0,227,0.0,0.11298076923076923,211
2277,30,g711a,full_natural,60.0,0.6033909574468085,1.0,257,1.0,0.5404411764705882,211
2277,30,g711a,full_synthetic,60.0,0.642020697167756,1.0,280,1.0,0.5367647058823529,211
2277,30,g711a,splice_natural,0.5,0.06621249234537661,0.27941176470588236,211,1.0,0.27941176470588236,211
2277,30,g711a,splice_synthetic,0.5,0.07137936313533375,0.26587301587301587,211,1.0,0.26587301587301587,211
2277,30,g711a,splice_natural,1.0,0.0796846295162278,0.3203125,211,1.0,0.3203125,211
2277,30,g711a,splice_synthetic,1.0,0.0721830985915493,0.3015988372093023,211,0.96,0.3015988372093023,211
2277,30,g711a,splice_natural,2.0,0.08236729713239781,0.5514112903225806,211,0.73,0.5033482142857143,211
2277,30,g711a,splice_synthetic,2.0,0.0868417023882425,0.5013020833333334,211,0.98,0.5013020833333334,211
2277,30,g711a,splice_natural,3.0,0.10363924050632911,0.775,214,0.6733333333333333,0.4921052631578947,211
2277,30,g711a,splice_synthetic,3.0,0.1273860398860399,1.0,227,0.0,0.10319767441860465,211
2277,30,g711a,splice_natural,5.0,0.13061421772754314,0.7260802469135802,211,0.564,0.53125,211
2277,30,g711a,splice_synthetic,5.0,0.15502382286995517,1.0,230,0.244,0.5443181818181818,211
2277,30,g711a,pause_inject_natural,3.0,0.11189750290360047,1.0,225,0.0,0.10454545454545454,211
2277,30,g711a,pause_inject_synthetic,3.0,0.11926934097421203,1.0,227,0.0,0.09182098765432099,211
2277,30,opus16,full_natural,60.0,0.6150259678942398,1.0,261,1.0,0.5387931034482759,211
2277,30,opus16,full_synthetic,60.0,0.643703984408835,1.0,278,1.0,0.5538793103448276,211
2277,30,opus16,splice_natural,0.5,0.164076852418861,0.25892857142857145,211,0.92,0.25892857142857145,211
2277,30,opus16,splice_synthetic,0.5,0.1620723885155773,0.34593023255813954,212,0.4,0.2611111111111111,211
2277,30,opus16,splice_natural,1.0,0.16500917992656058,0.3698770491803279,211,0.72,0.359375,211
2277,30,opus16,splice_synthetic,1.0,0.16628440366972477,0.36189516129032256,211,0.72,0.3412698412698413,211
2277,30,opus16,splice_natural,2.0,0.17515290519877677,0.5446428571428571,211,0.76,0.5325,211
2277,30,opus16,splice_synthetic,2.0,0.20385615251299827,1.0,223,0.0,0.18445121951219512,211
2277,30,opus16,splice_natural,3.0,0.1969742360695027,0.8977272727272727,215,0.6933333333333334,0.498046875,211
2277,30,opus16,splice_synthetic,3.0,0.1838302752293578,0.53125,211,0.72,0.5170454545454546,211
2277,30,opus16,splice_natural,5.0,0.21104041916167665,0.6911337209302325,211,0.704,0.5171232876712328,211
2277,30,opus16,splice_synthetic,5.0,0.2115760216346154,0.690625,211,0.72,0.5238636363636363,211
2277,30,opus16,pause_inject_natural,3.0,0.21725852272727272,1.0,226,0.0,0.18825301204819278,211
2277,30,opus16,pause_inject_synthetic,3.0,0.21375,1.0,227,0.0,0.2005813953488372,211
2277,30,amr122,full_natural,60.0,0.6124823279924599,1.0,261,1.0,0.5465909090909091,211
2277,30,amr122,full_synthetic,60.0,0.6446289905090595,1.0,280,1.0,0.5304878048780488,211
2277,30,amr122,splice_natural,0.5,0.2536543098251959,0.6711956521739131,214,0.0,0.2907608695652174,211
2277,30,amr122,splice_synthetic,0.5,0.2516397193410616,0.40476190476190477,211,0.68,0.34210526315789475,211
2277,30,amr122,splice_natural,1.0,0.24770361298224128,0.39794303797468356,211,1.0,0.39794303797468356,211
2277,30,amr122,splice_synthetic,1.0,0.26359180035650626,1.0,218,0.0,0.2866847826086957,211
2277,30,amr122,splice_natural,2.0,0.26331405964698723,0.5677816901408451,211,0.68,0.5009469696969697,211
2277,30,amr122,splice_synthetic,2.0,0.2602515243902439,0.5393835616438356,211,0.65,0.49053030303030304,211
2277,30,amr122,splice_natural,3.0,0.2631238587948874,0.564873417721519,211,0.74,0.5089285714285714,211
2277,30,amr122,splice_synthetic,3.0,0.26186131386861317,0.5887681159420289,211,0.7,0.5110294117647058,211
2277,30,amr122,splice_natural,5.0,0.2781022451456311,0.5930232558139535,211,0.764,0.5327743902439024,211
2277,30,amr122,splice_synthetic,5.0,0.28284726398075766,0.6554878048780488,212,0.732,0.5129310344827587,211
2277,30,amr122,pause_inject_natural,3.0,0.29517256132344555,1.0,224,0.0,0.2907608695652174,211
2277,30,amr122,pause_inject_synthetic,3.0,0.2955128205128205,1.0,226,0.0,0.2907608695652174,211
2277,30,amr475,full_natural,60.0,0.6120862884160756,1.0,261,1.0,0.5323660714285714,211
2277,30,amr475,full_synthetic,60.0,0.6437119234116623,1.0,274,1.0,0.53125,211
2277,30,amr475,splice_natural,0.5,0.34522351500306186,0.4008152173913043,211,1.0,0.4008152173913043,211
2277,30,amr475,splice_synthetic,0.5,0.3458919828641371,0.3967013888888889,211,0.8,0.3953804347826087,211
2277,30,amr475,splice_natural,1.0,0.3578998797354179,0.5985294117647059,211,0.28,0.3953804347826087,211
2277,30,amr475,splice_synthetic,1.0,0.3528015921616656,0.42005813953488375,211,1.0,0.42005813953488375,211
2277,30,amr475,splice_natural,2.0,0.3630630630630631,0.6989942528735632,211,0.55,0.5238636363636363,211
2277,30,amr475,splice_synthetic,2.0,0.35539290048543687,0.6642441860465116,213,0.71,0.4778645833333333,211
2277,30,amr475,splice_natural,3.0,0.3585866261398176,0.5825892857142857,211,0.8133333333333334,0.5130208333333334,211
2277,30,amr475,splice_synthetic,3.0,0.3624019312009656,0.7755681818181818,214,0.7733333333333333,0.5012755102040817,211
2277,30,amr475,splice_natural,5.0,0.3952424844015882,1.0,231,0.2,0.50390625,211
2277,30,amr475,splice_synthetic,5.0,0.39530892448512583,1.0,226,0.416,0.48915816326530615,211
2277,30,amr475,pause_inject_natural,3.0,0.38859624145785876,1.0,226,0.0,0.40217391304347827,211
2277,30,amr475,pause_inject_synthetic,3.0,0.38783609839816935,1.0,227,0.0,0.3953804347826087,211
2277,30,amr122_g711u,full_natural,60.0,0.6099679791271347,1.0,261,1.0,0.573170731707317,211
2277,30,amr122_g711u,full_synthetic,60.0,0.6405506274340113,1.0,280,1.0,0.5305397727272727,211
2277,30,amr122_g711u,splice_natural,0.5,0.24946646341463416,0.4012096774193548,211,0.56,0.325,211
2277,30,amr122_g711u,splice_synthetic,0.5,0.25355504587155964,0.3564453125,211,0.56,0.33568548387096775,211
2277,30,amr122_g711u,splice_natural,1.0,0.26433000604960677,0.49916666666666665,211,0.32,0.3170454545454545,211
2277,30,amr122_g711u,splice_synthetic,1.0,0.2512232415902141,0.41330645161290325,211,0.68,0.39375,211
2277,30,amr122_g711u,splice_natural,2.0,0.2650045815516188,0.4708806818181818,211,0.87,0.4465277777777778,211
2277,30,amr122_g711u,splice_synthetic,2.0,0.2695917759237187,1.0,216,0.36,0.45535714285714285,211
2277,30,amr122_g711u,splice_natural,3.0,0.2817495559502664,1.0,218,0.54,0.503177966101695,211
2277,30,amr122_g711u,splice_synthetic,3.0,0.27548543689320387,0.585,211,0.6933333333333334,0.5222602739726028,211
2277,30,amr122_g711u,splice_natural,5.0,0.31117097701149427,1.0,223,0.376,0.5234375,211
2277,30,amr122_g711u,splice_synthetic,5.0,0.2883297807551766,0.574468085106383,211,0.872,0.5471153846153847,211
2277,30,amr122_g711u,pause_inject_natural,3.0,0.2945043103448276,1.0,226,0.0,0.3029891304347826,211
2277,30,amr122_g711u,pause_inject_synthetic,3.0,0.30229083665338646,1.0,225,0.0,0.30842391304347827,211
2277,31,g711u,full_natural,60.0,0.6020536943552088,1.0,268,1.0,0.5416666666666666,217
2277,31,g711u,full_synthetic,60.0,0.6503494732576985,1.0,280,1.0,0.5402542372881356,217
2277,31,g711u,splice_natural,0.5,0.06622756224667052,0.21323529411764705,217,1.0,0.21323529411764705,217
2277,31,g711u,splice_synthetic,0.5,0.06271713954834975,0.1751453488372093,217,0.8,0.1751453488372093,217
2277,31,g711u,splice_natural,1.0,0.0849169481981982,1.0,226,0.0,0.10211267605633803,217
2277,31,g711u,splice_synthetic,1.0,0.0704979733642154,0.46064814814814814,217,0.94,0.46064814814814814,217
2277,31,g711u,splice_natural,2.0,0.07752021952628538,0.5289634146341463,217,0.78,0.5048076923076923,217
2277,31,g711u,splice_synthetic,2.0,0.08150605885747259,0.5301470588235294,217,0.79,0.4944620253164557,217
2277,31,g711u,splice_natural,3.0,0.1018202502844141,0.6569767441860465,217,0.74,0.5126811594202898,217
2277,31,g711u,splice_synthetic,3.0,0.10855082417582418,1.0,230,0.11333333333333333,0.22916666666666666,217
2277,31,g711u,splice_natural,5.0,0.12489400791407575,0.7078651685393258,217,0.664,0.5185185185185185,217
2277,31,g711u,splice_synthetic,5.0,0.12942994505494507,1.0,229,0.42,0.4936440677966102,217
2277,31,g711u,pause_inject_natural,3.0,0.11111490174672489,1.0,233,0.0,0.09913793103448276,217
2277,31,g711u,pause_inject_synthetic,3.0,0.10998354360943499,1.0,233,0.0,0.11513157894736842,217
2277,31,g711a,full_natural,60.0,0.6012327981651376,1.0,268,1.0,0.5416666666666666,217
2277,31,g711a,full_synthetic,60.0,0.6484723913926106,1.0,280,1.0,0.53125,217
2277,31,g711a,splice_natural,0.5,0.06340474811812391,0.22767857142857142,217,0.8,0.22767857142857142,217
2277,31,g711a,splice_synthetic,0.5,0.07017355134825014,0.375,218,0.24,0.13636363636363635,217
2277,31,g711a,splice_natural,1.0,0.0791737168640722,1.0,226,0.0,0.11458333333333333,217
2277,31,g711a,splice_synthetic,1.0,0.08054378531073446,1.0,223,0.08,0.09566326530612244,217
2277,31,g711a,splice_natural,2.0,0.09500565930956423,0.9375,222,0.45,0.5595238095238095,217
2277,31,g711a,splice_synthetic,2.0,0.08010969976905312,0.5403481012658228,217,0.78,0.5092905405405406,217
2277,31,g711a,splice_natural,3.0,0.09915730337078651,1.0,223,0.44666666666666666,0.4970703125,217
2277,31,g711a,splice_synthetic,3.0,0.096,0.6520522388059702,218,0.6533333333333333,0.50546875,217
2277,31,g711a,splice_natural,5.0,0.11850142045454545,0.7240853658536586,220,0.696,0.5256849315068494,217
2277,31,g711a,splice_synthetic,5.0,0.1347437266417512,1.0,240,0.088,0.21428571428571427,217
2277,31,g711a,pause_inject_natural,3.0,0.10987958401751505,1.0,235,0.0,0.09566326530612244,217
2277,31,g711a,pause_inject_synthetic,3.0,0.12130958829902491,1.0,234,0.0,0.14705882352941177,217
2277,31,opus16,full_natural,60.0,0.6053409090909091,1.0,269,1.0,0.5305232558139535,217
2277,31,opus16,full_synthetic,60.0,0.6456807081807082,1.0,280,1.0,0.5535714285714286,217
2277,31,opus16,splice_natural,0.5,0.1708718912666281,0.38125,218,0.84,0.3190104166666667,217
2277,31,opus16,splice_synthetic,0.5,0.16231181239143022,0.2764830508474576,217,1.0,0.2764830508474576,217
2277,31,opus16,splice_natural,1.0,0.17587706788362806,0.7833333333333333,220,0.36,0.2869897959183674,217
2277,31,opus16,splice_synthetic,1.0,0.16922408801389693,0.3400974025974026,217,0.76,0.3400974025974026,217
2277,31,opus16,splice_natural,2.0,0.18271995399654975,0.5475260416666666,218,0.86,0.4949127906976744,217
2277,31,opus16,splice_synthetic,2.0,0.2060197910940077,1.0,229,0.0,0.19444444444444445,217
2277,31,opus16,splice_natural,3.0,0.19872346528973034,0.6358333333333334,217,0.8066666666666666,0.5370762711864406,217
2277,31,opus16,splice_synthetic,3.0,0.1996615905245347,1.0,223,0.5866666666666667,0.5238970588235294,217
2277,31,opus16,splice_natural,5.0,0.21032084043157298,0.6532258064516129,219,0.684,0.5217391304347826,217
2277,31,opus16,splice_synthetic,5.0,0.225341796875,0.8117283950617284,221,0.628,0.5229885057471264,217
2277,31,opus16,pause_inject_natural,3.0,0.2121469310157523,1.0,234,0.0,0.1906645569620253,217
2277,31,opus16,pause_inject_synthetic,3.0,0.22009553283100108,1.0,234,0.0,0.19642857142857142,217
2277,31,amr122,full_natural,60.0,0.6062471629596006,1.0,268,1.0,0.5379098360655737,217
2277,31,amr122,full_synthetic,60.0,0.6471216436126932,1.0,280,1.0,0.5531914893617021,217
2277,31,amr122,splice_natural,0.5,0.255561893896178,0.2878521126760563,217,0.0,0.2878521126760563,217
2277,31,amr122,splice_synthetic,0.5,0.24827188940092165,0.4303977272727273,218,0.24,0.28322784810126583,217
2277,31,amr122,splice_natural,1.0,0.26495636261261263,1.0,224,0.0,0.302536231884058,217
2277,31,amr122,splice_synthetic,1.0,0.26555461711711714,1.0,225,0.0,0.2982456140350877,217
2277,31,amr122,splice_natural,2.0,0.2582378223495702,0.66796875,221,0.57,0.4861111111111111,217
2277,31,amr122,splice_synthetic,2.0,0.26337226066897346,0.5738636363636364,217,0.88,0.515625,217
2277,31,amr122,splice_natural,3.0,0.2713344788087056,0.6123417721518988,217,0.7466666666666667,0.4979508196721312,217
2277,31,amr122,splice_synthetic,3.0,0.2801320858558063,1.0,233,0.06,0.3188559322033898,217
2277,31,amr122,splice_natural,5.0,0.3099558114622389,1.0,235,0.276,0.4852941176470588,217
2277,31,amr122,splice_synthetic,5.0,0.2900069637883008,0.9902777777777778,224,0.488,0.5065298507462687,217
2277,31,amr122,pause_inject_natural,3.0,0.29903742595584276,1.0,235,0.0,0.2835648148148148,217
2277,31,amr122,pause_inject_synthetic,3.0,0.29894375672766416,1.0,235,0.0,0.2984913793103448,217
2277,31,amr475,full_natural,60.0,0.6075542005420054,1.0,269,1.0,0.5442073170731707,217
2277,31,amr475,full_synthetic,60.0,0.6494499394428744,1.0,280,1.0,0.553125,217
2277,31,amr475,splice_natural,0.5,0.3539649772209567,0.7372159090909091,221,0.0,0.4074074074074074,217
2277,31,amr475,splice_synthetic,0.5,0.3409485251590515,0.4050925925925926,217,0.88,0.4050925925925926,217
2277,31,amr475,splice_natural,1.0,0.34787735849056606,0.7134146341463414,220,0.26,0.4074074074074074,217
2277,31,amr475,splice_synthetic,1.0,0.3540256627185561,0.964095744680851,222,0.04,0.4074074074074074,217
2277,31,amr475,splice_natural,2.0,0.3684773605742684,1.0,230,0.0,0.4050925925925926,217
2277,31,amr475,splice_synthetic,2.0,0.3490456911509543,0.486228813559322,217,0.98,0.486228813559322,217
2277,31,amr475,splice_natural,3.0,0.3664097850678733,0.7180397727272727,217,0.6533333333333333,0.4892241379310345,217
2277,31,amr475,splice_synthetic,3.0,0.3881032171581769,1.0,236,0.0,0.41203703703703703,217
2277,31,amr475,splice_natural,5.0,0.39147727272727273,1.0,237,0.172,0.46805555555555556,217
2277,31,amr475,splice_synthetic,5.0,0.3677624073017684,0.5973011363636364,217,0.74,0.5008802816901409,217
2277,31,amr475,pause_inject_natural,3.0,0.3834368250539957,1.0,235,0.0,0.4074074074074074,217
2277,31,amr475,pause_inject_synthetic,3.0,0.3855064655172414,1.0,235,0.0,0.4097222222222222,217
2277,31,amr122_g711u,full_natural,60.0,0.6047635288767622,1.0,269,1.0,0.5403645833333334,217
2277,31,amr122_g711u,full_synthetic,60.0,0.6444132653061224,1.0,280,1.0,0.5365168539325843,217
2277,31,amr122_g711u,splice_natural,0.5,0.2497466705269253,0.3252840909090909,217,1.0,0.3252840909090909,217
2277,31,amr122_g711u,splice_synthetic,0.5,0.24989143022582513,0.3425632911392405,217,1.0,0.3425632911392405,217
2277,31,amr122_g711u,splice_natural,1.0,0.25296757382744645,0.4180327868852459,217,0.76,0.4180327868852459,217
2277,31,amr122_g711u,splice_synthetic,1.0,0.25548815713460427,0.435,217,0.86,0.40316901408450706,217
2277,31,amr122_g711u,splice_natural,2.0,0.27724805122494434,1.0,226,0.12,0.29200819672131145,217
2277,31,amr122_g711u,splice_synthetic,2.0,0.2711773917995444,0.6669034090909091,217,0.64,0.503177966101695,217
2277,31,amr122_g711u,splice_natural,3.0,0.2967394251626898,1.0,233,0.013333333333333334,0.28351449275362317,217
2277,31,amr122_g711u,splice_synthetic,3.0,0.2787066021627775,0.7067307692307693,217,0.76,0.5234375,217
2277,31,amr122_g711u,splice_natural,5.0,0.2911481900452489,0.7362804878048781,219,0.62,0.5634615384615385,217
2277,31,amr122_g711u,splice_synthetic,5.0,0.28773318258903335,0.6965277777777777,217,0.776,0.49604430379746833,217
2277,31,amr122_g711u,pause_inject_natural,3.0,0.2949430585683297,1.0,235,0.0,0.29209183673469385,217
2277,31,amr122_g711u,pause_inject_synthetic,3.0,0.30100806451612905,1.0,234,0.0,0.276268115942029,217
2277,32,g711u,full_natural,60.0,0.5596100101626016,1.0,235,1.0,0.5284090909090909,213
2277,32,g711u,full_synthetic,60.0,0.6404459901800328,1.0,290,1.0,0.5289473684210526,213
2277,32,g711u,splice_natural,0.5,0.06500435540069686,0.23726851851851852,213,1.0,0.23726851851851852,213
2277,32,g711u,splice_synthetic,0.5,0.06452546296296297,0.23482142857142857,213,0.56,0.1630859375,213
2277,32,g711u,splice_natural,1.0,0.07683652729384437,0.3090277777777778,213,0.92,0.3090277777777778,213
2277,32,g711u,splice_synthetic,1.0,0.07298925667828107,0.4375,213,1.0,0.4375,213
2277,32,g711u,splice_natural,2.0,0.09026598754951896,0.8192567567567568,219,0.27,0.22282608695652173,213
2277,32,g711u,splice_synthetic,2.0,0.10293913285158421,1.0,222,0.15,0.16071428571428573,213
2277,32,g711u,splice_natural,3.0,0.09449828962371722,0.7418032786885246,218,0.43333333333333335,0.5093085106382979,213
2277,32,g711u,splice_synthetic,3.0,0.10006458094144662,0.6221590909090909,213,0.74,0.52734375,213
2277,32,g711u,splice_natural,5.0,0.11378112333526347,0.5383333333333333,213,0.8,0.5190972222222222,213
2277,32,g711u,splice_synthetic,5.0,0.12316280384397965,0.8285472972972973,219,0.668,0.5087719298245614,213
2277,32,g711u,pause_inject_natural,3.0,0.10970927043335162,1.0,228,0.0,0.10326086956521739,213
2277,32,g711u,pause_inject_synthetic,3.0,0.12395496224379719,1.0,229,0.0,0.12092391304347826,213
2277,32,g711a,full_natural,60.0,0.5588440996948117,1.0,233,1.0,0.5411931818181818,213
2277,32,g711a,full_synthetic,60.0,0.6423338836153528,1.0,290,1.0,0.5502717391304348,213
2277,32,g711a,splice_natural,0.5,0.06975900116144018,0.21640625,213,1.0,0.21640625,213
2277,32,g711a,splice_synthetic,0.5,0.07552232398397253,0.6191860465116279,216,0.0,0.12382075471698113,213
2277,32,g711a,splice_natural,1.0,0.07760115606936416,0.5068181818181818,213,0.72,0.4228723404255319,213
2277,32,g711a,splice_synthetic,1.0,0.07489849187935035,0.3557692307692308,213,0.78,0.3353174603174603,213
2277,32,g711a,splice_natural,2.0,0.1128099173553719,1.0,224,0.0,0.11588541666666667,213
2277,32,g711a,splice_synthetic,2.0,0.08304548071387449,0.565068493150685,213,0.59,0.4609375,213
2277,32,g711a,splice_natural,3.0,0.10275545350172216,0.5955882352941176,213,0.7,0.5018115942028986,213
2277,32,g711a,splice_synthetic,3.0,0.09530706836616454,0.5448943661971831,214,0.7666666666666667,0.5177238805970149,213
2277,32,g711a,splice_natural,5.0,0.1287442396313364,0.5901988636363636,213,0.884,0.512668918918919,213
2277,32,g711a,splice_synthetic,5.0,0.1438179347826087,1.0,226,0.416,0.4729938271604938,213
2277,32,g711a,pause_inject_natural,3.0,0.11506849315068493,1.0,228,0.0,0.10190217391304347,213
2277,32,g711a,pause_inject_synthetic,3.0,0.1258501088139282,1.0,229,0.0,0.10991379310344827,213
2277,32,opus16,full_natural,60.0,0.5746988692232055,1.0,237,1.0,0.5260416666666666,213
2277,32,opus16,full_synthetic,60.0,0.6440922190201729,1.0,290,1.0,0.5563524590163934,213
2277,32,opus16,splice_natural,0.5,0.16946138211382114,0.3201530612244898,213,1.0,0.3201530612244898,213
2277,32,opus16,splice_synthetic,0.5,0.16476943155452436,0.2850378787878788,213,0.68,0.2626953125,213
2277,32,opus16,splice_natural,1.0,0.1864406779661017,1.0,220,0.0,0.20982142857142858,213
2277,32,opus16,splice_synthetic,1.0,0.17425232288037165,0.4006849315068493,213,1.0,0.4006849315068493,213
2277,32,opus16,splice_natural,2.0,0.188318155947638,0.9076704545454546,217,0.59,0.4883474576271186,213
2277,32,opus16,splice_synthetic,2.0,0.18589377498572243,0.6359375,213,0.49,0.45047169811320753,213
2277,32,opus16,splice_natural,3.0,0.1909324942791762,0.765625,216,0.5133333333333333,0.4957627118644068,213
2277,32,opus16,splice_synthetic,3.0,0.1936098332374928,0.6173780487804879,213,0.74,0.5246212121212122,213
2277,32,opus16,splice_natural,5.0,0.20125649913344887,0.5375,214,0.78,0.5228174603174603,213
2277,32,opus16,splice_synthetic,5.0,0.21352681118083286,0.6359011627906976,217,0.684,0.53125,213
2277,32,opus16,pause_inject_natural,3.0,0.2188008130081301,1.0,228,0.0,0.1956845238095238,213
2277,32,opus16,pause_inject_synthetic,3.0,0.22067775974025974,1.0,229,0.0,0.2220744680851064,213
2277,32,amr122,full_natural,60.0,0.571555746561886,1.0,237,1.0,0.5239197530864198,213
2277,32,amr122,full_synthetic,60.0,0.6421765554182118,1.0,290,1.0,0.5389344262295082,213
2277,32,amr122,splice_natural,0.5,0.24794431621465665,0.46811224489795916,214,0.48,0.3125,213
2277,32,amr122,splice_synthetic,0.5,0.2463363319791062,0.30859375,213,0.8,0.3013157894736842,213
2277,32,amr122,splice_natural,1.0,0.2495662232504338,0.5548780487804879,216,0.6,0.4015957446808511,213
2277,32,amr122,splice_synthetic,1.0,0.2540650406504065,0.4329268292682927,213,1.0,0.4329268292682927,213
2277,32,amr122,splice_natural,2.0,0.2603453196347032,0.7059859154929577,213,0.41,0.49085365853658536,213
2277,32,amr122,splice_synthetic,2.0,0.2733282036933408,1.0,220,0.12,0.313953488372093,213
2277,32,amr122,splice_natural,3.0,0.2751891816143498,1.0,220,0.22666666666666666,0.40433673469387754,213
2277,32,amr122,splice_synthetic,3.0,0.2685065864833906,0.665,213,0.68,0.529296875,213
2277,32,amr122,splice_natural,5.0,0.31558519108280253,1.0,232,0.252,0.5242346938775511,213
2277,32,amr122,splice_synthetic,5.0,0.31434217577706325,1.0,230,0.34,0.5194444444444445,213
2277,32,amr122,pause_inject_natural,3.0,0.2909400544959128,1.0,229,0.0,0.2916666666666667,213
2277,32,amr122,pause_inject_synthetic,3.0,0.28125,1.0,228,0.0,0.3098958333333333,213
2277,32,amr475,full_natural,60.0,0.5739670437776685,1.0,237,1.0,0.5305059523809523,213
2277,32,amr475,full_synthetic,60.0,0.6414528145695364,1.0,290,1.0,0.5361111111111111,213
2277,32,amr475,splice_natural,0.5,0.3443077144502015,0.4940068493150685,213,0.24,0.4009433962264151,213
2277,32,amr475,splice_synthetic,0.5,0.34247967479674796,0.41051136363636365,213,1.0,0.41051136363636365,213
2277,32,amr475,splice_natural,1.0,0.35226628895184137,1.0,222,0.0,0.3963068181818182,213
2277,32,amr475,splice_synthetic,1.0,0.3466173054587689,0.4408244680851064,213,1.0,0.4408244680851064,213
2277,32,amr475,splice_natural,2.0,0.36617565314063366,1.0,226,0.0,0.3963068181818182,213
2277,32,amr475,splice_synthetic,2.0,0.3571479273140261,0.756578947368421,218,0.46,0.5108695652173914,213
2277,32,amr475,splice_natural,3.0,0.360546875,0.7634615384615384,219,0.6133333333333333,0.5122282608695652,213
2277,32,amr475,splice_synthetic,3.0,0.35443083573487033,0.5359195402298851,215,0.82,0.5054945054945055,213
2277,32,amr475,splice_natural,5.0,0.3994031830238727,1.0,236,0.264,0.49353448275862066,213
2277,32,amr475,splice_synthetic,5.0,0.3673885077186964,0.6732954545454546,215,0.812,0.5177556818181818,213
2277,32,amr475,pause_inject_natural,3.0,0.37952257889009794,1.0,229,0.0,0.3963068181818182,213
2277,32,amr475,pause_inject_synthetic,3.0,0.3860016198704104,1.0,229,0.0,0.4033018867924528,213
2277,32,amr122_g711u,full_natural,60.0,0.5768075980392157,1.0,235,1.0,0.5572916666666666,213
2277,32,amr122_g711u,full_synthetic,60.0,0.6431009515928837,1.0,290,1.0,0.5393518518518519,213
2277,32,amr122_g711u,splice_natural,0.5,0.24989224137931035,0.4444444444444444,213,0.08,0.28348214285714285,213
2277,32,amr122_g711u,splice_synthetic,0.5,0.2559029765311963,0.5888157894736842,218,0.0,0.28191489361702127,213
2277,32,amr122_g711u,splice_natural,1.0,0.25350028868360275,0.4613486842105263,213,0.7,0.3797348484848485,213
2277,32,amr122_g711u,splice_synthetic,1.0,0.2587857142857143,0.7965425531914894,216,0.34,0.3469387755102041,213
2277,32,amr122_g711u,splice_natural,2.0,0.28047349530646054,1.0,228,0.0,0.28191489361702127,213
2277,32,amr122_g711u,splice_synthetic,2.0,0.26101670506912444,0.5852272727272727,213,0.74,0.5067567567567568,213
2277,32,amr122_g711u,splice_natural,3.0,0.2682261768082664,0.6826923076923077,219,0.7266666666666667,0.5219907407407407,213
2277,32,amr122_g711u,splice_synthetic,3.0,0.26448961937716264,0.5813953488372093,213,0.8266666666666667,0.5135135135135135,213
2277,32,amr122_g711u,splice_natural,5.0,0.2814474439977025,0.5878378378378378,213,0.796,0.5234375,213
2277,32,amr122_g711u,splice_synthetic,5.0,0.3209166228300894,1.0,236,0.144,0.4635416666666667,213
2277,32,amr122_g711u,pause_inject_natural,3.0,0.2883825944170772,1.0,229,0.0,0.2845744680851064,213
2277,32,amr122_g711u,pause_inject_synthetic,3.0,0.2948362208987547,1.0,229,0.0,0.28856382978723405,213
2412,33,g711u,full_natural,60.0,0.6050245098039215,1.0,246,1.0,0.5423728813559322,214
2412,33,g711u,full_synthetic,60.0,0.6513172159583694,1.0,290,1.0,0.5390625,214
2412,33,g711u,splice_natural,0.5,0.06701151213441195,0.20512820512820512,214,0.64,0.1506849315068493,214
2412,33,g711u,splice_synthetic,0.5,0.06589207735495946,0.31859756097560976,214,0.8,0.3015625,214
2412,33,g711u,splice_natural,1.0,0.07093963907902924,0.39978448275862066,214,0.66,0.3431603773584906,214
2412,33,g711u,splice_synthetic,1.0,0.06940136476426799,0.3621031746031746,214,0.44,0.2417452830188679,214
2412,33,g711u,splice_natural,2.0,0.09170524691358024,0.6382042253521126,214,0.73,0.5153301886792453,214
2412,33,g711u,splice_synthetic,2.0,0.08642966360856269,0.8704268292682927,218,0.5,0.5056818181818182,214
2412,33,g711u,splice_natural,3.0,0.10016274023558587,0.5357142857142857,214,0.8533333333333334,0.5087209302325582,214
2412,33,g711u,splice_synthetic,3.0,0.09233746130030959,0.596830985915493,214,0.6466666666666666,0.5148305084745762,214
2412,33,g711u,splice_natural,5.0,0.13112959719789843,1.0,229,0.208,0.49399038461538464,214
2412,33,g711u,splice_synthetic,5.0,0.11654570722668314,0.5725,214,0.72,0.5030737704918032,214
2412,33,g711u,pause_inject_natural,3.0,0.12471131639722864,1.0,231,0.0,0.10076530612244898,214
2412,33,g711u,pause_inject_synthetic,3.0,0.1177071178529755,1.0,230,0.0,0.14095744680851063,214
2412,33,g711a,full_natural,60.0,0.6047089882121808,1.0,246,1.0,0.5342465753424658,214
2412,33,g711a,full_synthetic,60.0,0.6479230266027038,1.0,285,1.0,0.5613839285714286,214
2412,33,g711a,splice_natural,0.5,0.06784488139825219,0.24134615384615385,214,1.0,0.24134615384615385,214
2412,33,g711a,splice_synthetic,0.5,0.0720175709001233,0.125,214,0.0,0.125,214
2412,33,g711a,splice_natural,1.0,0.07251402743142145,0.34328358208955223,214,0.82,0.3230769230769231,214
2412,33,g711a,splice_synthetic,1.0,0.09185835351089588,1.0,225,0.0,0.1276595744680851,214
2412,33,g711a,splice_natural,2.0,0.10385756676557864,1.0,223,0.11,0.18194444444444444,214
2412,33,g711a,splice_synthetic,2.0,0.11330882352941177,1.0,226,0.0,0.11607142857142858,214
2412,33,g711a,splice_natural,3.0,0.09643859102244388,0.506578947368421,214,0.86,0.506578947368421,214
2412,33,g711a,splice_synthetic,3.0,0.0982420659614188,0.525,214,0.82,0.4953125,214
2412,33,g711a,splice_natural,5.0,0.133262583383869,0.7221385542168675,214,0.756,0.5293367346938775,214
2412,33,g711a,splice_synthetic,5.0,0.12163402692778458,0.625,216,0.64,0.5144230769230769,214
2412,33,g711a,pause_inject_natural,3.0,0.12507271669575334,1.0,229,0.0,0.13164893617021275,214
2412,33,g711a,pause_inject_synthetic,3.0,0.1309351476548929,1.0,230,0.0,0.14923469387755103,214
2412,33,opus16,full_natural,60.0,0.6077911793372319,1.0,247,1.0,0.5297619047619048,214
2412,33,opus16,full_synthetic,60.0,0.6548994437312794,1.0,290,1.0,0.5542279411764706,214
2412,33,opus16,splice_natural,0.5,0.16258445945945946,0.6671875,216,0.0,0.20647321428571427,214
2412,33,opus16,splice_synthetic,0.5,0.1558613184079602,0.2747093023255814,215,0.72,0.22993827160493827,214
2412,33,opus16,splice_natural,1.0,0.16361317254174398,0.6160714285714286,216,0.64,0.39861111111111114,214
2412,33,opus16,splice_synthetic,1.0,0.16116376631448104,0.3968253968253968,215,0.6,0.3333333333333333,214
2412,33,opus16,splice_natural,2.0,0.2017479435957697,1.0,229,0.0,0.21205357142857142,214
2412,33,opus16,splice_synthetic,2.0,0.1697650902302427,0.501453488372093,214,0.8,0.470679012345679,214
2412,33,opus16,splice_natural,3.0,0.20784284873454972,1.0,226,0.24,0.41944444444444445,214
2412,33,opus16,splice_synthetic,3.0,0.18953345610804173,0.6762048192771084,214,0.6933333333333334,0.5200892857142857,214
2412,33,opus16,splice_natural,5.0,0.1949119827053737,0.5868055555555556,215,0.756,0.5130597014925373,214
2412,33,opus16,splice_synthetic,5.0,0.20262714460784315,0.6376811594202898,217,0.6,0.5370370370370371,214
2412,33,opus16,pause_inject_natural,3.0,0.20922809053975625,1.0,232,0.0,0.1953125,214
2412,33,opus16,pause_inject_synthetic,3.0,0.20897417295414975,1.0,231,0.0,0.2025,214
2412,33,amr122,full_natural,60.0,0.608140243902439,1.0,247,1.0,0.5329545454545455,214
2412,33,amr122,full_synthetic,60.0,0.653899871078642,1.0,290,1.0,0.5334821428571429,214
2412,33,amr122,splice_natural,0.5,0.23133572319201995,0.3639705882352941,215,0.64,0.35125,214
2412,33,amr122,splice_synthetic,0.5,0.23179195258889582,0.3665254237288136,215,1.0,0.3665254237288136,214
2412,33,amr122,splice_natural,1.0,0.23941532258064516,0.5345982142857143,215,0.64,0.4454787234042553,214
2412,33,amr122,splice_synthetic,1.0,0.24265605875152998,0.5708841463414634,215,0.22,0.31004901960784315,214
2412,33,amr122,splice_natural,2.0,0.24370727159726538,0.5280448717948718,215,0.72,0.4887152777777778,214
2412,33,amr122,splice_synthetic,2.0,0.24583590376310918,0.6311619718309859,215,0.59,0.5043103448275862,214
2412,33,amr122,splice_natural,3.0,0.2505407911001236,0.6070205479452054,215,0.6333333333333333,0.5287698412698413,214
2412,33,amr122,splice_synthetic,3.0,0.2557799013563502,0.5703125,215,0.7133333333333334,0.5125,214
2412,33,amr122,splice_natural,5.0,0.2666641009852217,0.5982142857142857,215,0.712,0.5,214
2412,33,amr122,splice_synthetic,5.0,0.26577781173594134,0.6778846153846154,217,0.572,0.5266666666666666,214
2412,33,amr122,pause_inject_natural,3.0,0.28536515238642896,1.0,232,0.0,0.28188775510204084,214
2412,33,amr122,pause_inject_synthetic,3.0,0.28358155002891844,1.0,231,0.0,0.27933673469387754,214
2412,33,amr475,full_natural,60.0,0.606603313840156,1.0,247,1.0,0.5431547619047619,214
2412,33,amr475,full_synthetic,60.0,0.643719806763285,1.0,285,1.0,0.5322265625,214
2412,33,amr475,splice_natural,0.5,0.3148003742981909,0.44754464285714285,215,1.0,0.44754464285714285,214
2412,33,amr475,splice_synthetic,0.5,0.3217521498771499,0.4441489361702128,215,0.0,0.4441489361702128,214
2412,33,amr475,splice_natural,1.0,0.32222222222222224,0.5652573529411765,215,0.56,0.4454787234042553,214
2412,33,amr475,splice_synthetic,1.0,0.32219292803970223,0.49333333333333335,215,0.6,0.44148936170212766,214
2412,33,amr475,splice_natural,2.0,0.3243846153846154,0.6932870370370371,217,0.57,0.50375,214
2412,33,amr475,splice_synthetic,2.0,0.34371270883054894,1.0,223,0.18,0.4441489361702128,214
2412,33,amr475,splice_natural,3.0,0.33499692874692877,0.6291666666666667,215,0.5933333333333334,0.5104166666666666,214
2412,33,amr475,splice_synthetic,3.0,0.33383118872549017,0.6731927710843374,215,0.6933333333333334,0.5,214
2412,33,amr475,splice_natural,5.0,0.38065610859728505,1.0,238,0.124,0.4441489361702128,214
2412,33,amr475,splice_synthetic,5.0,0.3769631639063392,1.0,232,0.2,0.49851190476190477,214
2412,33,amr475,pause_inject_natural,3.0,0.3601517341040462,1.0,232,0.0,0.4428191489361702,214
2412,33,amr475,pause_inject_synthetic,3.0,0.3622109826589595,1.0,231,0.0,0.4441489361702128,214
2412,33,amr122_g711u,full_natural,60.0,0.6044608081791626,1.0,248,1.0,0.5240384615384616,214
2412,33,amr122_g711u,full_synthetic,60.0,0.650371017023134,1.0,285,1.0,0.541015625,214
2412,33,amr122_g711u,splice_natural,0.5,0.23619775421085465,0.34625,215,0.84,0.34625,214
2412,33,amr122_g711u,splice_synthetic,0.5,0.23642147734326505,0.35344827586206895,215,0.36,0.30612244897959184,214
2412,33,amr122_g711u,splice_natural,1.0,0.2437577065351418,0.71875,217,0.6,0.4097222222222222,214
2412,33,amr122_g711u,splice_synthetic,1.0,0.23734423676012462,0.39174107142857145,216,0.64,0.37083333333333335,214
2412,33,amr122_g711u,splice_natural,2.0,0.24984548825710753,0.5958333333333333,217,0.58,0.4947916666666667,214
2412,33,amr122_g711u,splice_synthetic,2.0,0.25711879975505203,0.6513888888888889,215,0.61,0.5081967213114754,214
2412,33,amr122_g711u,splice_natural,3.0,0.2577054794520548,0.5287356321839081,215,0.9133333333333333,0.51375,214
2412,33,amr122_g711u,splice_synthetic,3.0,0.25549195544554454,0.5625,215,0.7266666666666667,0.49151234567901236,214
2412,33,amr122_g711u,splice_natural,5.0,0.2898101076555024,1.0,222,0.62,0.5056818181818182,214
2412,33,amr122_g711u,splice_synthetic,5.0,0.2705024434941967,0.7052238805970149,217,0.612,0.5089285714285714,214
2412,33,amr122_g711u,pause_inject_natural,3.0,0.2852647569444444,1.0,231,0.0,0.29464285714285715,214
2412,33,amr122_g711u,pause_inject_synthetic,3.0,0.28694831591173053,1.0,231,0.0,0.3098404255319149,214
2412,34,g711u,full_natural,60.0,0.5967254563394179,1.0,270,1.0,0.5491071428571429,226
2412,34,g711u,full_synthetic,60.0,0.6352591192170819,1.0,288,1.0,0.5348557692307693,226
2412,34,g711u,splice_natural,0.5,0.06418918918918919,0.2319915254237288,226,0.8,0.2319915254237288,226
2412,34,g711u,splice_synthetic,0.5,0.06364120511259891,0.4431818181818182,228,0.2,0.10459183673469388,226
2412,34,g711u,splice_natural,1.0,0.06737561425061425,0.2891666666666667,226,0.78,0.2891666666666667,226
2412,34,g711u,splice_synthetic,1.0,0.06683814496314497,0.4175531914893617,226,0.8,0.4175531914893617,226
2412,34,g711u,splice_natural,2.0,0.0788426209430496,0.5283203125,227,0.75,0.4891666666666667,226
2412,34,g711u,splice_synthetic,2.0,0.08736478365384616,0.75625,228,0.41,0.4836309523809524,226
2412,34,g711u,splice_natural,3.0,0.09034577723378213,0.5477941176470589,226,0.6533333333333333,0.51953125,226
2412,34,g711u,splice_synthetic,3.0,0.08994829683698297,0.6044776119402985,226,0.5733333333333334,0.5153508771929824,226
2412,34,g711u,splice_natural,5.0,0.12600386674598454,1.0,232,0.6,0.5081521739130435,226
2412,34,g711u,splice_synthetic,5.0,0.12905505952380952,0.7301829268292683,234,0.596,0.5150862068965517,226
2412,34,g711u,pause_inject_natural,3.0,0.10511363636363637,1.0,242,0.0,0.11136363636363636,226
2412,34,g711u,pause_inject_synthetic,3.0,0.12760863350485993,1.0,243,0.0,0.12063953488372094,226
2412,34,g711a,full_natural,60.0,0.5957204433497537,1.0,270,1.0,0.529891304347826,226
2412,34,g711a,full_synthetic,60.0,0.6347049689440993,1.0,288,1.0,0.5376984126984127,226
2412,34,g711a,splice_natural,0.5,0.07010441888619855,0.5944767441860465,229,0.0,0.09883720930232558,226
2412,34,g711a,splice_synthetic,0.5,0.06474164133738602,0.3668032786885246,226,0.2,0.12215909090909091,226
2412,34,g711a,splice_natural,1.0,0.06353527607361963,0.3176229508196721,226,0.62,0.2944915254237288,226
2412,34,g711a,splice_synthetic,1.0,0.0720358455882353,0.3705357142857143,226,0.84,0.33238636363636365,226
2412,34,g711a,splice_natural,2.0,0.09687132784958873,1.0,235,0.0,0.12162162162162163,226
2412,34,g711a,splice_synthetic,2.0,0.08275075987841946,0.6336805555555556,226,0.55,0.5204545454545455,226
2412,34,g711a,splice_natural,3.0,0.07945499081445193,0.5189393939393939,226,0.5933333333333334,0.48214285714285715,226
2412,34,g711a,splice_synthetic,3.0,0.10306365258774539,1.0,232,0.5466666666666666,0.47619047619047616,226
2412,34,g711a,splice_natural,5.0,0.11855901737567405,0.703125,226,0.676,0.525,226
2412,34,g711a,splice_synthetic,5.0,0.11852810650887574,0.989329268292683,234,0.428,0.5076754385964912,226
2412,34,g711a,pause_inject_natural,3.0,0.09804137323943662,1.0,237,0.0,0.08189655172413793,226
2412,34,g711a,pause_inject_synthetic,3.0,0.11838151116199198,1.0,243,0.0,0.07916666666666666,226
2412,34,opus16,full_natural,60.0,0.6013390693165294,1.0,271,1.0,0.5434782608695652,226
2412,34,opus16,full_synthetic,60.0,0.6407215357458076,1.0,288,1.0,0.5343137254901961,226
2412,34,opus16,splice_natural,0.5,0.1590316144874156,0.2702702702702703,226,0.84,0.2702702702702703,226
2412,34,opus16,splice_synthetic,0.5,0.1544478527607362,0.2516891891891892,226,0.92,0.24143835616438356,226
2412,34,opus16,splice_natural,1.0,0.16190914671577655,0.35546875,226,0.78,0.35546875,226
2412,34,opus16,splice_synthetic,1.0,0.15782015931372548,0.3572916666666667,226,0.58,0.33512931034482757,226
2412,34,opus16,splice_natural,2.0,0.17001374465485644,0.5752551020408163,226,0.85,0.49917763157894735,226
2412,34,opus16,splice_synthetic,2.0,0.17405873493975904,0.8828125,230,0.68,0.46467391304347827,226
2412,34,opus16,splice_natural,3.0,0.1840131973605279,0.9203125,233,0.4,0.5196759259259259,226
2412,34,opus16,splice_synthetic,3.0,0.1839102176541717,0.6425,226,0.6066666666666667,0.4957627118644068,226
2412,34,opus16,splice_natural,5.0,0.2020996387718242,0.6328125,228,0.708,0.5070564516129032,226
2412,34,opus16,splice_synthetic,5.0,0.20933734939759036,0.6368055555555555,226,0.756,0.509789156626506,226
2412,34,opus16,pause_inject_natural,3.0,0.19342641070389763,1.0,243,0.0,0.19240196078431374,226
2412,34,opus16,pause_inject_synthetic,3.0,0.2150556824671616,1.0,243,0.0,0.2125,226
2412,34,amr122,full_natural,60.0,0.6028235579253515,1.0,270,1.0,0.5444915254237288,226
2412,34,amr122,full_synthetic,60.0,0.6377052818464269,1.0,289,1.0,0.5548245614035088,226
2412,34,amr122,splice_natural,0.5,0.22401900674432862,0.3416666666666667,226,0.64,0.3416666666666667,226
2412,34,amr122,splice_synthetic,0.5,0.2322185230024213,0.2650462962962963,226,0.0,0.2650462962962963,226
2412,34,amr122,splice_natural,1.0,0.24215011961722488,1.0,232,0.0,0.2986111111111111,226
2412,34,amr122,splice_synthetic,1.0,0.23894142769981697,0.5638297872340425,227,0.8,0.4260204081632653,226
2412,34,amr122,splice_natural,2.0,0.2365746359223301,0.6123188405797102,226,0.54,0.49528301886792453,226
2412,34,amr122,splice_synthetic,2.0,0.26600433526011563,1.0,238,0.0,0.27328431372549017,226
2412,34,amr122,splice_natural,3.0,0.2400793650793651,0.4949127906976744,227,0.8266666666666667,0.48655913978494625,226
2412,34,amr122,splice_synthetic,3.0,0.2565104166666667,0.8141666666666667,234,0.5,0.5247093023255814,226
2412,34,amr122,splice_natural,5.0,0.26286873156342183,1.0,234,0.296,0.5357142857142857,226
2412,34,amr122,splice_synthetic,5.0,0.2962001661129568,1.0,253,0.056,0.3068181818181818,226
2412,34,amr122,pause_inject_natural,3.0,0.2653274668205424,1.0,242,0.0,0.2928921568627451,226
2412,34,amr122,pause_inject_synthetic,3.0,0.27797450424929177,1.0,243,0.0,0.28308823529411764,226
2412,34,amr475,full_natural,60.0,0.6004312439261419,1.0,270,1.0,0.5384615384615384,226
2412,34,amr475,full_synthetic,60.0,0.6331765232974911,1.0,289,1.0,0.5323660714285714,226
2412,34,amr475,splice_natural,0.5,0.3077657299938913,0.41304347826086957,227,0.76,0.41304347826086957,226
2412,34,amr475,splice_synthetic,0.5,0.31404181708784595,0.6357758620689655,234,0.0,0.38848039215686275,226
2412,34,amr475,splice_natural,1.0,0.31044081757169006,0.4848790322580645,227,0.82,0.4586864406779661,226
2412,34,amr475,splice_synthetic,1.0,0.30911648418491483,0.49242424242424243,227,0.64,0.41228070175438597,226
2412,34,amr475,splice_natural,2.0,0.3106360316494218,0.5487132352941176,227,0.63,0.48854166666666665,226
2412,34,amr475,splice_synthetic,2.0,0.3157457729468599,0.7049418604651163,230,0.44,0.47819767441860467,226
2412,34,amr475,splice_natural,3.0,0.3438399539435809,1.0,244,0.0,0.4105392156862745,226
2412,34,amr475,splice_synthetic,3.0,0.31869300911854104,0.6531862745098039,228,0.5933333333333334,0.5355392156862745,226
2412,34,amr475,splice_natural,5.0,0.3583215297450425,1.0,244,0.252,0.5034722222222222,226
2412,34,amr475,splice_synthetic,5.0,0.3362379807692308,0.6277985074626866,227,0.68,0.5029761904761905,226
2412,34,amr475,pause_inject_natural,3.0,0.3420938940092166,1.0,242,0.0,0.3909313725490196,226
2412,34,amr475,pause_inject_synthetic,3.0,0.3509506242905789,1.0,243,0.0,0.38848039215686275,226
2412,34,amr122_g711u,full_natural,60.0,0.5975183823529412,1.0,270,1.0,0.5504807692307693,226
2412,34,amr122_g711u,full_synthetic,60.0,0.6359933035714286,1.0,288,1.0,0.5328947368421053,226
2412,34,amr122_g711u,splice_natural,0.5,0.2253834355828221,0.3872549019607843,226,1.0,0.3872549019607843,226
2412,34,amr122_g711u,splice_synthetic,0.5,0.22661042944785276,0.34311224489795916,226,0.88,0.34311224489795916,226
2412,34,amr122_g711u,splice_natural,1.0,0.22566676885346412,0.4027777777777778,226,0.64,0.3915094339622642,226
2412,34,amr122_g711u,splice_synthetic,1.0,0.23224560872198668,0.5670454545454545,228,0.36,0.2890625,226
2412,34,amr122_g711u,splice_natural,2.0,0.2365636419001218,0.6038602941176471,226,0.55,0.5102272727272728,226
2412,34,amr122_g711u,splice_synthetic,2.0,0.2643895348837209,1.0,237,0.0,0.28431372549019607,226
2412,34,amr122_g711u,splice_natural,3.0,0.24441828675577157,0.5837053571428571,226,0.6266666666666667,0.5078125,226
2412,34,amr122_g711u,splice_synthetic,3.0,0.2502263126131563,0.6647727272727273,228,0.6733333333333333,0.5171370967741935,226
2412,34,amr122_g711u,splice_natural,5.0,0.2818194760820046,1.0,245,0.096,0.36569148936170215,226
2412,34,amr122_g711u,splice_synthetic,5.0,0.3000347222222222,1.0,253,0.072,0.3502906976744186,226
2412,34,amr122_g711u,pause_inject_natural,3.0,0.2599563953488372,1.0,242,0.0,0.27450980392156865,226
2412,34,amr122_g711u,pause_inject_synthetic,3.0,0.27819817247287265,1.0,243,0.0,0.2869318181818182,226
2412,35,g711u,full_natural,60.0,0.6433689717925387,1.0,272,1.0,0.524390243902439,202
2412,35,g711u,full_synthetic,60.0,0.6591940363007779,1.0,286,1.0,0.5275974025974026,202
2412,35,g711u,splice_natural,0.5,0.07519716088328075,0.5837765957446809,205,0.0,0.12397540983606557,202
2412,35,g711u,splice_synthetic,0.5,0.07100474683544304,0.4318181818181818,205,0.08,0.0984375,202
2412,35,g711u,splice_natural,1.0,0.08298155096935585,1.0,207,0.16,0.1484375,202
2412,35,g711u,splice_synthetic,1.0,0.07047787042976267,0.3241279069767442,202,1.0,0.3241279069767442,202
2412,35,g711u,splice_natural,2.0,0.07709532949456174,0.5040064102564102,202,0.72,0.47719594594594594,202
2412,35,g711u,splice_synthetic,2.0,0.11640151515151514,1.0,215,0.0,0.115625,202
2412,35,g711u,splice_natural,3.0,0.10398230088495575,0.6461038961038961,202,0.68,0.5010593220338984,202
2412,35,g711u,splice_synthetic,3.0,0.12899421789409615,0.8470588235294118,212,0.5066666666666667,0.49867021276595747,202
2412,35,g711u,splice_natural,5.0,0.1282625786163522,0.7035256410256411,202,0.74,0.5339506172839507,202
2412,35,g711u,splice_synthetic,5.0,0.1269835096453018,0.6782094594594594,202,0.6,0.5123239436619719,202
2412,35,g711u,pause_inject_natural,3.0,0.12559559261465159,1.0,216,0.0,0.1125,202
2412,35,g711u,pause_inject_synthetic,3.0,0.1242944147355912,1.0,216,0.0,0.103125,202
2412,35,g711a,full_natural,60.0,0.6430891066545124,1.0,272,1.0,0.5435393258426966,202
2412,35,g711a,full_synthetic,60.0,0.6598749460974558,1.0,286,1.0,0.5316011235955056,202
2412,35,g711a,splice_natural,0.5,0.06464831317632082,0.297554347826087,203,0.0,0.1015625,202
2412,35,g711a,splice_synthetic,0.5,0.07046529968454258,0.5561224489795918,209,0.0,0.09424603174603174,202
2412,35,g711a,splice_natural,1.0,0.07745422979797979,0.6744791666666666,209,0.26,0.1848404255319149,202
2412,35,g711a,splice_synthetic,1.0,0.06738468930172967,0.36830357142857145,202,0.74,0.3449074074074074,202
2412,35,g711a,splice_natural,2.0,0.0884893216080402,0.6875,205,0.48,0.46875,202
2412,35,g711a,splice_synthetic,2.0,0.08513275751759437,0.5334302325581395,203,0.88,0.5015822784810127,202
2412,35,g711a,splice_natural,3.0,0.09651898734177215,0.6275,202,0.68,0.4826388888888889,202
2412,35,g711a,splice_synthetic,3.0,0.10808915211970074,0.6815068493150684,202,0.6066666666666667,0.5053191489361702,202
2412,35,g711a,splice_natural,5.0,0.1308873986275733,0.6808035714285714,202,0.716,0.5153508771929824,202
2412,35,g711a,splice_synthetic,5.0,0.12543457648546144,0.6607142857142857,204,0.768,0.49188311688311687,202
2412,35,g711a,pause_inject_natural,3.0,0.1270473496128648,1.0,216,0.0,0.08620689655172414,202
2412,35,g711a,pause_inject_synthetic,3.0,0.12700653983353152,1.0,217,0.0,0.10017123287671233,202
2412,35,opus16,full_natural,60.0,0.6477145730889584,1.0,272,1.0,0.535377358490566,202
2412,35,opus16,full_synthetic,60.0,0.6609621956428876,1.0,285,1.0,0.5238970588235294,202
2412,35,opus16,splice_natural,0.5,0.16644321766561515,0.190625,202,0.0,0.190625,202
2412,35,opus16,splice_synthetic,0.5,0.16116100064143682,0.3465909090909091,202,1.0,0.3465909090909091,202
2412,35,opus16,splice_natural,1.0,0.16316549069916614,0.35064935064935066,202,0.96,0.35064935064935066,202
2412,35,opus16,splice_synthetic,1.0,0.16455294863665187,0.4894230769230769,202,0.44,0.29388297872340424,202
2412,35,opus16,splice_natural,2.0,0.182380277252678,0.8,205,0.64,0.5138888888888888,202
2412,35,opus16,splice_synthetic,2.0,0.17299679487179487,0.5305397727272727,202,0.87,0.5251436781609196,202
2412,35,opus16,splice_natural,3.0,0.2211510047281324,1.0,218,0.0,0.19791666666666666,202
2412,35,opus16,splice_synthetic,3.0,0.18415178571428573,0.5284090909090909,202,0.8266666666666667,0.49144736842105263,202
2412,35,opus16,splice_natural,5.0,0.21671322160148976,0.695,202,0.596,0.5167910447761194,202
2412,35,opus16,splice_synthetic,5.0,0.2304093122337188,0.8784340659340659,209,0.584,0.5073051948051948,202
2412,35,opus16,pause_inject_natural,3.0,0.2187870260663507,1.0,217,0.0,0.19622093023255813,202
2412,35,opus16,pause_inject_synthetic,3.0,0.22563932980599646,1.0,218,0.0,0.185546875,202
2412,35,amr122,full_natural,60.0,0.6459921524663678,1.0,272,1.0,0.5285326086956522,202
2412,35,amr122,full_synthetic,60.0,0.6616156169111302,1.0,286,1.0,0.5465116279069767,202
2412,35,amr122,splice_natural,0.5,0.22386144964720975,0.3038563829787234,202,1.0,0.3038563829787234,202
2412,35,amr122,splice_synthetic,0.5,0.2233626198083067,0.371875,202,0.6,0.3020833333333333,202
2412,35,amr122,splice_natural,1.0,0.22649776927979604,0.5465686274509803,205,0.66,0.43597560975609756,202
2412,35,amr122,splice_synthetic,1.0,0.22567221510883484,0.45153061224489793,203,0.8,0.4157608695652174,202
2412,35,amr122,splice_natural,2.0,0.2367436305732484,0.5689655172413793,202,0.75,0.5024671052631579,202
2412,35,amr122,splice_synthetic,2.0,0.2675451807228916,1.0,217,0.0,0.2671875,202
2412,35,amr122,splice_natural,3.0,0.24920685279187818,0.6204268292682927,202,0.7533333333333333,0.5211538461538462,202
2412,35,amr122,splice_synthetic,3.0,0.24416296060991105,0.6125,202,0.7266666666666667,0.5230769230769231,202
2412,35,amr122,splice_natural,5.0,0.26835718730553826,0.8083333333333333,206,0.648,0.51640625,202
2412,35,amr122,splice_synthetic,5.0,0.2813264993880049,1.0,210,0.624,0.5091911764705882,202
2412,35,amr122,pause_inject_natural,3.0,0.2835059171597633,1.0,218,0.0,0.2877604166666667,202
2412,35,amr122,pause_inject_synthetic,3.0,0.2703479689366786,1.0,215,0.0,0.2628968253968254,202
2412,35,amr475,full_natural,60.0,0.6484617947578853,1.0,272,1.0,0.524264705882353,202
2412,35,amr475,full_synthetic,60.0,0.6614628583840139,1.0,285,1.0,0.5648148148148148,202
2412,35,amr475,splice_natural,0.5,0.3188051702395965,0.7420212765957447,205,0.0,0.35331632653061223,202
2412,35,amr475,splice_synthetic,0.5,0.3108573717948718,0.3877551020408163,202,1.0,0.3877551020408163,202
2412,35,amr475,splice_natural,1.0,0.31982267257758074,0.6261363636363636,205,0.44,0.4298780487804878,202
2412,35,amr475,splice_synthetic,1.0,0.3125,0.4724264705882353,202,0.76,0.4318181818181818,202
2412,35,amr475,splice_natural,2.0,0.31922645739910316,0.46675531914893614,202,0.92,0.46102150537634407,202
2412,35,amr475,splice_synthetic,2.0,0.32619537682077265,0.62109375,202,0.75,0.5098684210526315,202
2412,35,amr475,splice_natural,3.0,0.36349557522123893,1.0,222,0.0,0.3622448979591837,202
2412,35,amr475,splice_synthetic,3.0,0.3382651467832605,0.6909722222222222,202,0.6,0.5204741379310345,202
2412,35,amr475,splice_natural,5.0,0.38250428816466553,1.0,225,0.04,0.3828125,202
2412,35,amr475,splice_synthetic,5.0,0.3711561206386753,1.0,219,0.356,0.5234375,202
2412,35,amr475,pause_inject_natural,3.0,0.3606793960923623,1.0,218,0.0,0.3622448979591837,202
2412,35,amr475,pause_inject_synthetic,3.0,0.3573660714285714,1.0,217,0.0,0.3826530612244898,202
2412,35,amr122_g711u,full_natural,60.0,0.6505681818181818,1.0,272,1.0,0.5421875,202
2412,35,amr122_g711u,full_synthetic,60.0,0.6644004282655246,1.0,285,1.0,0.5379213483146067,202
2412,35,amr122_g711u,splice_natural,0.5,0.22786624203821657,0.5171875,204,0.4,0.2844387755102041,202
2412,35,amr122_g711u,splice_synthetic,0.5,0.23597503160556257,0.6331521739130435,204,0.0,0.2746212121212121,202
2412,35,amr122_g711u,splice_natural,1.0,0.24151282853566958,0.910904255319149,206,0.2,0.3,202
2412,35,amr122_g711u,splice_synthetic,1.0,0.23075689544579858,0.4479166666666667,202,0.96,0.4479166666666667,202
2412,35,amr122_g711u,splice_natural,2.0,0.24035073670723894,0.5452127659574468,202,0.89,0.525,202
2412,35,amr122_g711u,splice_synthetic,2.0,0.24485481812380344,0.6182065217391305,203,0.9,0.5325520833333334,202
2412,35,amr122_g711u,splice_natural,3.0,0.27848336304218657,1.0,219,0.006666666666666667,0.28396739130434784,202
2412,35,amr122_g711u,splice_synthetic,3.0,0.269177449168207,1.0,209,0.5666666666666667,0.5204741379310345,202
2412,35,amr122_g711u,splice_natural,5.0,0.3000368731563422,1.0,218,0.372,0.49198717948717946,202
2412,35,amr122_g711u,splice_synthetic,5.0,0.2859526699029126,1.0,211,0.552,0.506578947368421,202
2412,35,amr122_g711u,pause_inject_natural,3.0,0.2741851076555024,1.0,217,0.0,0.2784090909090909,202
2412,35,amr122_g711u,pause_inject_synthetic,3.0,0.2856139053254438,1.0,218,0.0,0.2890625,202
251,39,g711u,full_natural,60.0,0.6048430158052115,1.0,272,1.0,0.546875,220
251,39,g711u,full_synthetic,60.0,0.6336646024770276,1.0,290,1.0,0.5367647058823529,220
251,39,g711u,splice_natural,0.5,0.12170148433205058,0.3307926829268293,222,0.48,0.26988636363636365,220
251,39,g711u,splice_synthetic,0.5,0.12290060572687225,0.2002551020408163,220,0.8,0.2002551020408163,220
251,39,g711u,splice_natural,1.0,0.12661578657865788,0.3053385416666667,220,0.88,0.29055851063829785,220
251,39,g711u,splice_synthetic,1.0,0.1253785792951542,0.32960526315789473,220,0.96,0.32960526315789473,220
251,39,g711u,splice_natural,2.0,0.13728661894273128,0.47680412371134023,220,0.97,0.47680412371134023,220
251,39,g711u,splice_synthetic,2.0,0.1586967945349448,1.0,230,0.0,0.19706632653061223,220
251,39,g711u,splice_natural,3.0,0.16533203125,1.0,233,0.0,0.20038659793814434,220
251,39,g711u,splice_synthetic,3.0,0.1716653766769866,1.0,234,0.03333333333333333,0.1881377551020408,220
251,39,g711u,splice_natural,5.0,0.18058894230769232,0.7863372093023255,221,0.676,0.5475543478260869,220
251,39,g711u,splice_synthetic,5.0,0.17996548061603823,0.7998511904761905,225,0.644,0.5297619047619048,220
251,39,g711u,pause_inject_natural,3.0,0.16497130933750653,1.0,232,0.0,0.1951530612244898,220
251,39,g711u,pause_inject_synthetic,3.0,0.1709520725388601,1.0,235,0.0,0.1881377551020408,220
251,39,g711a,full_natural,60.0,0.6031090017064846,1.0,272,1.0,0.5286458333333334,220
251,39,g711a,full_synthetic,60.0,0.6350726223637088,1.0,290,1.0,0.5492021276595744,220
251,39,g711a,splice_natural,0.5,0.12842698154180238,0.5969387755102041,222,0.0,0.19929245283018868,220
251,39,g711a,splice_synthetic,0.5,0.12475948323254535,0.20575842696629212,220,0.64,0.1875,220
251,39,g711a,splice_natural,1.0,0.14442658092175778,1.0,228,0.0,0.2028301886792453,220
251,39,g711a,splice_synthetic,1.0,0.13129818281938327,0.33641975308641975,220,0.94,0.33641975308641975,220
251,39,g711a,splice_natural,2.0,0.14484341252699784,0.7368827160493827,220,0.5,0.5263888888888889,220
251,39,g711a,splice_synthetic,2.0,0.14434604904632153,0.7047872340425532,222,0.62,0.5334051724137931,220
251,39,g711a,splice_natural,3.0,0.1499387588459445,0.6383426966292135,220,0.7533333333333333,0.5280797101449275,220
251,39,g711a,splice_synthetic,3.0,0.1498763056624519,0.5259831460674157,220,0.8866666666666667,0.5094476744186046,220
251,39,g711a,splice_natural,5.0,0.1761025432900433,0.8444767441860465,223,0.832,0.5052631578947369,220
251,39,g711a,splice_synthetic,5.0,0.17243852459016393,0.5895833333333333,220,0.864,0.5278614457831325,220
251,39,g711a,pause_inject_natural,3.0,0.1703222049689441,1.0,234,0.0,0.1875,220
251,39,g711a,pause_inject_synthetic,3.0,0.1611996863565081,1.0,235,0.0,0.22287735849056603,220
251,39,opus16,full_natural,60.0,0.6139566680689945,1.0,275,1.0,0.5421195652173914,220
251,39,opus16,full_synthetic,60.0,0.6357510899722553,1.0,290,1.0,0.5325,220
251,39,opus16,splice_natural,0.5,0.17239124449339208,0.3606770833333333,220,1.0,0.3606770833333333,220
251,39,opus16,splice_synthetic,0.5,0.17094575991189428,0.29011194029850745,220,1.0,0.29011194029850745,220
251,39,opus16,splice_natural,1.0,0.17007803943044908,0.3642241379310345,220,0.54,0.28165584415584416,220
251,39,opus16,splice_synthetic,1.0,0.17618298687089715,0.5208333333333334,220,0.64,0.4010416666666667,220
251,39,opus16,splice_natural,2.0,0.18469792236194643,0.5479651162790697,220,0.77,0.47705696202531644,220
251,39,opus16,splice_synthetic,2.0,0.18353391684901532,0.573252688172043,220,0.81,0.5100308641975309,220
251,39,opus16,splice_natural,3.0,0.20487231182795698,1.0,225,0.66,0.5237068965517241,220
251,39,opus16,splice_synthetic,3.0,0.18890642151481887,0.5300925925925926,220,0.7866666666666666,0.49917763157894735,220
251,39,opus16,splice_natural,5.0,0.20831055221432476,0.5754310344827587,220,0.844,0.5142405063291139,220
251,39,opus16,splice_synthetic,5.0,0.21034909290819132,0.521484375,220,0.916,0.5164473684210527,220
251,39,opus16,pause_inject_natural,3.0,0.2131534679089027,1.0,234,0.0,0.201171875,220
251,39,opus16,pause_inject_synthetic,3.0,0.2164705121572685,1.0,235,0.0,0.22151898734177214,220
251,39,amr122,full_natural,60.0,0.6151620370370371,1.0,271,1.0,0.5411931818181818,220
251,39,amr122,full_synthetic,60.0,0.6377863349131122,1.0,290,1.0,0.5394021739130435,220
251,39,amr122,splice_natural,0.5,0.2923664647577093,0.3821022727272727,220,0.92,0.3821022727272727,220
251,39,amr122,splice_synthetic,0.5,0.29274504405286345,0.35771276595744683,220,1.0,0.35771276595744683,220
251,39,amr122,splice_natural,1.0,0.2923431480462301,0.41151685393258425,220,0.9,0.40482954545454547,220
251,39,amr122,splice_synthetic,1.0,0.29820173066522443,0.6540492957746479,223,0.24,0.36764705882352944,220
251,39,amr122,splice_natural,2.0,0.30715150699677074,0.75,223,0.46,0.49390243902439024,220
251,39,amr122,splice_synthetic,2.0,0.31145889306824287,0.7459677419354839,220,0.48,0.5078125,220
251,39,amr122,splice_natural,3.0,0.3117183251767265,0.7712765957446809,222,0.76,0.5397727272727273,220
251,39,amr122,splice_synthetic,3.0,0.33680199795081966,1.0,235,0.0,0.32848837209302323,220
251,39,amr122,splice_natural,5.0,0.33883281573498963,1.0,240,0.292,0.50390625,220
251,39,amr122,splice_synthetic,5.0,0.3198167396061269,0.574438202247191,220,0.872,0.5081168831168831,220
251,39,amr122,pause_inject_natural,3.0,0.32838433609958506,1.0,234,0.0,0.3294270833333333,220
251,39,amr122,pause_inject_synthetic,3.0,0.32603461738677775,1.0,235,0.0,0.34765625,220
251,39,amr475,full_natural,60.0,0.6206932337069323,1.0,271,1.0,0.5243055555555556,220
251,39,amr475,full_synthetic,60.0,0.6350982532751092,1.0,290,1.0,0.533179012345679,220
251,39,amr475,splice_natural,0.5,0.3787513766519824,0.4246031746031746,220,0.84,0.4246031746031746,220
251,39,amr475,splice_synthetic,0.5,0.381450298750679,0.7283163265306123,222,0.0,0.4238013698630137,220
251,39,amr475,splice_natural,1.0,0.37886139967195187,0.5173611111111112,220,0.66,0.43587662337662336,220
251,39,amr475,splice_synthetic,1.0,0.3816079295154185,0.46467391304347827,220,1.0,0.46467391304347827,220
251,39,amr475,splice_natural,2.0,0.38784059945504085,0.6036931818181818,220,0.69,0.4945652173913043,220
251,39,amr475,splice_synthetic,2.0,0.3822618392070485,0.5006578947368421,220,0.95,0.5006578947368421,220
251,39,amr475,splice_natural,3.0,0.4182642820380854,1.0,240,0.0,0.42220744680851063,220
251,39,amr475,splice_synthetic,3.0,0.38930517711171664,0.6782407407407407,223,0.7533333333333333,0.5034722222222222,220
251,39,amr475,splice_natural,5.0,0.39166894852135814,0.5698529411764706,222,0.848,0.5172413793103449,220
251,39,amr475,splice_synthetic,5.0,0.4020206766917293,0.776685393258427,220,0.756,0.5583333333333333,220
251,39,amr475,pause_inject_natural,3.0,0.41718346253229976,1.0,235,0.0,0.4446022727272727,220
251,39,amr475,pause_inject_synthetic,3.0,0.41572997416020674,1.0,236,0.0,0.4236111111111111,220
251,39,amr122_g711u,full_natural,60.0,0.6129565491183879,1.0,271,1.0,0.5375,220
251,39,amr122_g711u,full_synthetic,60.0,0.6367947953913389,1.0,290,1.0,0.5366847826086957,220
251,39,amr122_g711u,splice_natural,0.5,0.30686753528773075,0.34487951807228917,220,0.0,0.34487951807228917,220
251,39,amr122_g711u,splice_synthetic,0.5,0.30642643865363733,0.35592105263157897,220,0.0,0.35592105263157897,220
251,39,amr122_g711u,splice_natural,1.0,0.3002822136563877,0.40472560975609756,220,0.96,0.40472560975609756,220
251,39,amr122_g711u,splice_synthetic,1.0,0.3014179515418502,0.4951923076923077,220,0.96,0.4951923076923077,220
251,39,amr122_g711u,splice_natural,2.0,0.3039741474147415,0.4811197916666667,220,0.94,0.47007978723404253,220
251,39,amr122_g711u,splice_synthetic,2.0,0.3048939977973568,0.48223684210526313,220,0.95,0.48223684210526313,220
251,39,amr122_g711u,splice_natural,3.0,0.309541827187672,0.5302631578947369,220,0.9066666666666666,0.5302631578947369,220
251,39,amr122_g711u,splice_synthetic,3.0,0.31751227495908346,0.6020833333333333,220,0.8066666666666666,0.5331632653061225,220
251,39,amr122_g711u,splice_natural,5.0,0.35705225773718924,1.0,240,0.156,0.4815340909090909,220
251,39,amr122_g711u,splice_synthetic,5.0,0.3463459516298633,1.0,228,0.596,0.5360576923076923,220
251,39,amr122_g711u,pause_inject_natural,3.0,0.3337571726656234,1.0,232,0.0,0.3616573033707865,220
251,39,amr122_g711u,pause_inject_synthetic,3.0,0.34191365979381444,1.0,234,0.0,0.33737244897959184,220
251,40,g711u,full_natural,60.0,0.5864804536679536,1.0,239,1.0,0.53125,208
251,40,g711u,full_synthetic,60.0,0.6452022821576764,1.0,283,1.0,0.5379098360655737,208
251,40,g711u,splice_natural,0.5,0.12645264381173738,0.15858208955223882,208,0.0,0.15858208955223882,208
251,40,g711u,splice_synthetic,0.5,0.12374705188679246,0.2962962962962963,208,0.92,0.2962962962962963,208
251,40,g711u,splice_natural,1.0,0.1422537227949599,1.0,215,0.0,0.1663961038961039,208
251,40,g711u,splice_synthetic,1.0,0.13135593220338984,0.7027439024390244,210,0.6,0.37771739130434784,208
251,40,g711u,splice_natural,2.0,0.13863502358490565,0.511968085106383,208,0.94,0.511968085106383,208
251,40,g711u,splice_synthetic,2.0,0.1624510899944103,1.0,219,0.0,0.17545180722891565,208
251,40,g711u,splice_natural,3.0,0.14534284873454972,0.51953125,208,0.8133333333333334,0.5079113924050633,208
251,40,g711u,splice_synthetic,3.0,0.15510737086477075,0.6441176470588236,208,0.7066666666666667,0.47844827586206895,208
251,40,g711u,splice_natural,5.0,0.16535125142207052,1.0,217,0.264,0.5324074074074074,208
251,40,g711u,splice_synthetic,5.0,0.1775741710296684,0.6015625,208,0.844,0.5241935483870968,208
251,40,g711u,pause_inject_natural,3.0,0.16649276572064553,1.0,219,0.0,0.16884328358208955,208
251,40,g711u,pause_inject_synthetic,3.0,0.1788556531284303,1.0,223,0.0,0.15858208955223882,208
251,40,g711a,full_natural,60.0,0.589195222007722,1.0,239,1.0,0.5394021739130435,208
251,40,g711a,full_synthetic,60.0,0.644690357439734,1.0,281,1.0,0.5263888888888889,208
251,40,g711a,splice_natural,0.5,0.12594973699590883,0.4161931818181818,210,0.04,0.17444029850746268,208
251,40,g711a,splice_synthetic,0.5,0.12776002324230099,0.6207386363636364,214,0.0,0.17444029850746268,208
251,40,g711a,splice_natural,1.0,0.12588443396226415,0.2944277108433735,208,0.72,0.2944277108433735,208
251,40,g711a,splice_synthetic,1.0,0.12883254716981132,0.3899647887323944,208,0.9,0.3899647887323944,208
251,40,g711a,splice_natural,2.0,0.13904038915094338,0.5127688172043011,208,0.93,0.5127688172043011,208
251,40,g711a,splice_synthetic,2.0,0.13900353773584906,0.5289634146341463,208,0.96,0.5289634146341463,208
251,40,g711a,splice_natural,3.0,0.15727547495682212,0.9851190476190477,212,0.6466666666666666,0.5225409836065574,208
251,40,g711a,splice_synthetic,3.0,0.16382521489971347,1.0,213,0.6466666666666666,0.5,208
251,40,g711a,splice_natural,5.0,0.14805896088733217,0.5274621212121212,208,0.396,0.5274621212121212,208
251,40,g711a,splice_synthetic,5.0,0.20348518111964875,1.0,217,0.368,0.563858695652174,208
251,40,g711a,pause_inject_natural,3.0,0.17015418502202642,1.0,222,0.0,0.17444029850746268,208
251,40,g711a,pause_inject_synthetic,3.0,0.17623626373626375,1.0,223,0.0,0.19642857142857142,208
251,40,opus16,full_natural,60.0,0.6102267521759047,1.0,255,1.0,0.5309139784946236,208
251,40,opus16,full_synthetic,60.0,0.6452716715055994,1.0,280,1.0,0.5304878048780488,208
251,40,opus16,splice_natural,0.5,0.17110112028301888,0.32954545454545453,208,1.0,0.32954545454545453,208
251,40,opus16,splice_synthetic,0.5,0.18041836141778037,0.20416666666666666,208,0.0,0.20416666666666666,208
251,40,opus16,splice_natural,1.0,0.19290211791642817,1.0,218,0.0,0.19602272727272727,208
251,40,opus16,splice_synthetic,1.0,0.17740271226415094,0.4003623188405797,208,0.92,0.4003623188405797,208
251,40,opus16,splice_natural,2.0,0.21619080779944289,1.0,221,0.0,0.203125,208
251,40,opus16,splice_synthetic,2.0,0.18639510901591044,0.4889322916666667,208,0.95,0.48355263157894735,208
251,40,opus16,splice_natural,3.0,0.20031580493537016,0.5751404494382022,208,0.8866666666666667,0.5444277108433735,208
251,40,opus16,splice_synthetic,3.0,0.20076530612244897,0.5664473684210526,208,0.8133333333333334,0.48970588235294116,208
251,40,opus16,splice_natural,5.0,0.22418793503480278,0.8020833333333334,210,0.812,0.524390243902439,208
251,40,opus16,splice_synthetic,5.0,0.21948762233736327,0.6909246575342466,209,0.628,0.5185185185185185,208
251,40,opus16,pause_inject_natural,3.0,0.22157202216066482,1.0,222,0.0,0.20783132530120482,208
251,40,opus16,pause_inject_synthetic,3.0,0.22989486619333696,1.0,223,0.0,0.19583333333333333,208
251,40,amr122,full_natural,60.0,0.6065956221198157,1.0,255,1.0,0.5354166666666667,208
251,40,amr122,full_synthetic,60.0,0.6437865802675585,1.0,273,1.0,0.5600961538461539,208
251,40,amr122,splice_natural,0.5,0.30203419811320753,0.375,208,1.0,0.375,208
251,40,amr122,splice_synthetic,0.5,0.30642108328479906,0.6156914893617021,210,0.08,0.3402777777777778,208
251,40,amr122,splice_natural,1.0,0.3070091391509434,0.44366197183098594,208,1.0,0.44366197183098594,208
251,40,amr122,splice_synthetic,1.0,0.307089222614841,0.4513888888888889,208,0.82,0.4334016393442623,208
251,40,amr122,splice_natural,2.0,0.316916961130742,0.5223684210526316,208,0.95,0.5120967741935484,208
251,40,amr122,splice_synthetic,2.0,0.3246359223300971,0.8640202702702703,214,0.26,0.43194444444444446,208
251,40,amr122,splice_natural,3.0,0.3315527065527066,0.8894230769230769,214,0.46,0.5099431818181818,208
251,40,amr122,splice_synthetic,3.0,0.3201844262295082,0.5753968253968254,208,0.84,0.5060483870967742,208
251,40,amr122,splice_natural,5.0,0.3394894466628637,1.0,213,0.48,0.5230978260869565,208
251,40,amr122,splice_synthetic,5.0,0.3337565293093442,0.6566011235955056,208,0.808,0.5090579710144928,208
251,40,amr122,pause_inject_natural,3.0,0.3351123595505618,1.0,221,0.0,0.34507978723404253,208
251,40,amr122,pause_inject_synthetic,3.0,0.34897833241908943,1.0,223,0.0,0.3451388888888889,208
251,40,amr475,full_natural,60.0,0.6098320383912249,1.0,255,1.0,0.5423387096774194,208
251,40,amr475,full_synthetic,60.0,0.635230179028133,1.0,268,1.0,0.53359375,208
251,40,amr475,splice_natural,0.5,0.3898112931538912,0.5242346938775511,209,0.44,0.42986111111111114,208
251,40,amr475,splice_synthetic,0.5,0.38248083726415094,0.43548387096774194,208,1.0,0.43548387096774194,208
251,40,amr475,splice_natural,1.0,0.3896604938271605,0.46336206896551724,208,0.78,0.43064024390243905,208
251,40,amr475,splice_synthetic,1.0,0.38910105757931845,0.5625,209,0.86,0.47066326530612246,208
251,40,amr475,splice_natural,2.0,0.39021963443396224,0.4914772727272727,208,0.89,0.4914772727272727,208
251,40,amr475,splice_synthetic,2.0,0.3951048951048951,0.6151685393258427,208,0.69,0.5036231884057971,208
251,40,amr475,splice_natural,3.0,0.4018531976744186,0.65625,208,0.7,0.5284926470588235,208
251,40,amr475,splice_synthetic,3.0,0.42684268426842686,1.0,223,0.0,0.42986111111111114,208
251,40,amr475,splice_natural,5.0,0.42152854767184034,1.0,223,0.036,0.4270833333333333,208
251,40,amr475,splice_synthetic,5.0,0.4309536934950386,1.0,217,0.384,0.49625,208
251,40,amr475,pause_inject_natural,3.0,0.42054908485856907,1.0,221,0.0,0.42916666666666664,208
251,40,amr475,pause_inject_synthetic,3.0,0.42719178082191783,1.0,223,0.0,0.42916666666666664,208
251,40,amr122_g711u,full_natural,60.0,0.6084558823529411,1.0,256,1.0,0.5362903225806451,208
251,40,amr122_g711u,full_synthetic,60.0,0.6376628835645229,1.0,273,1.0,0.5301724137931034,208
251,40,amr122_g711u,splice_natural,0.5,0.3150644783118406,0.45774647887323944,208,0.52,0.3742732558139535,208
251,40,amr122_g711u,splice_synthetic,0.5,0.3125,0.3757530120481928,208,0.96,0.3757530120481928,208
251,40,amr122_g711u,splice_natural,1.0,0.31879046497939967,0.44027777777777777,208,0.84,0.4209770114942529,208
251,40,amr122_g711u,splice_synthetic,1.0,0.3195898778359511,0.7291666666666666,211,0.16,0.36370481927710846,208
251,40,amr122_g711u,splice_natural,2.0,0.3275348634514817,0.6362951807228916,208,0.59,0.496875,208
251,40,amr122_g711u,splice_synthetic,2.0,0.35013253348214285,1.0,223,0.0,0.3674698795180723,208
251,40,amr122_g711u,splice_natural,3.0,0.346134960718294,1.0,220,0.0,0.3633720930232558,208
251,40,amr122_g711u,splice_synthetic,3.0,0.3612704918032787,1.0,224,0.0,0.3621987951807229,208
251,40,amr122_g711u,splice_natural,5.0,0.327445652173913,0.5625,208,0.656,0.5127840909090909,208
251,40,amr122_g711u,splice_synthetic,5.0,0.34364035087719297,0.6310975609756098,209,0.884,0.5301966292134831,208
251,40,amr122_g711u,pause_inject_natural,3.0,0.34977703455964326,1.0,223,0.0,0.3644578313253012,208
251,40,amr122_g711u,pause_inject_synthetic,3.0,0.3521341463414634,1.0,224,0.0,0.3621987951807229,208
251,41,g711u,full_natural,60.0,0.6082886140923939,1.0,262,1.0,0.5361842105263158,208
251,41,g711u,full_synthetic,60.0,0.6692284807616026,1.0,290,1.0,0.5357142857142857,208
251,41,g711u,splice_natural,0.5,0.11699969951923077,0.28343023255813954,208,0.96,0.28343023255813954,208
251,41,g711u,splice_synthetic,0.5,0.1185772235576923,0.2636986301369863,208,1.0,0.2636986301369863,208
251,41,g711u,splice_natural,1.0,0.12357784431137725,0.3541666666666667,208,0.56,0.2870762711864407,208
251,41,g711u,splice_synthetic,1.0,0.1335328014184397,0.8241279069767442,211,0.36,0.2569444444444444,208
251,41,g711u,splice_natural,2.0,0.14107883817427386,0.5917119565217391,208,0.69,0.45561594202898553,208
251,41,g711u,splice_synthetic,2.0,0.13375150240384615,0.5040760869565217,208,0.92,0.5040760869565217,208
251,41,g711u,splice_natural,3.0,0.1559572599531616,0.7808734939759037,212,0.5733333333333334,0.5116279069767442,208
251,41,g711u,splice_synthetic,3.0,0.14299640071985603,0.5152777777777777,208,0.8866666666666667,0.4985632183908046,208
251,41,g711u,splice_natural,5.0,0.16800689259046525,1.0,218,0.22,0.5194444444444445,208
251,41,g711u,splice_synthetic,5.0,0.18003512880562061,0.771875,212,0.688,0.5353260869565217,208
251,41,g711u,pause_inject_natural,3.0,0.18023094045631607,1.0,226,0.0,0.17151162790697674,208
251,41,g711u,pause_inject_synthetic,3.0,0.16761844331641285,1.0,223,0.0,0.17313218390804597,208
251,41,g711a,full_natural,60.0,0.6084094101123596,1.0,261,1.0,0.5328947368421053,208
251,41,g711a,full_synthetic,60.0,0.6662406606370429,1.0,290,1.0,0.5335144927536232,208
251,41,g711a,splice_natural,0.5,0.11793870192307693,0.21985294117647058,208,1.0,0.21985294117647058,208
251,41,g711a,splice_synthetic,0.5,0.1216571514423077,0.32848837209302323,208,1.0,0.32848837209302323,208
251,41,g711a,splice_natural,1.0,0.1363669590643275,1.0,217,0.04,0.17,208
251,41,g711a,splice_synthetic,1.0,0.12267127403846154,0.32049418604651164,208,0.86,0.32049418604651164,208
251,41,g711a,splice_natural,2.0,0.1384649910233393,0.5855978260869565,209,0.89,0.5063405797101449,208
251,41,g711a,splice_synthetic,2.0,0.1627766742338252,1.0,219,0.0,0.1810344827586207,208
251,41,g711a,splice_natural,3.0,0.17356800225733635,1.0,220,0.18666666666666668,0.3263888888888889,208
251,41,g711a,splice_synthetic,3.0,0.1488344291691572,0.5796130952380952,208,0.8066666666666666,0.5291666666666667,208
251,41,g711a,splice_natural,5.0,0.16395522388059702,0.5465277777777777,208,0.872,0.5134408602150538,208
251,41,g711a,splice_synthetic,5.0,0.1992056856187291,1.0,224,0.38,0.5091292134831461,208
251,41,g711a,pause_inject_natural,3.0,0.1807526432943795,1.0,226,0.0,0.17959770114942528,208
251,41,g711a,pause_inject_synthetic,3.0,0.1812047857540345,1.0,227,0.0,0.18318965517241378,208
251,41,opus16,full_natural,60.0,0.6148787740164684,1.0,267,1.0,0.5339673913043478,208
251,41,opus16,full_synthetic,60.0,0.6706930693069307,1.0,290,1.0,0.5394021739130435,208
251,41,opus16,splice_natural,0.5,0.17426818450620934,0.6375,211,0.0,0.20416666666666666,208
251,41,opus16,splice_synthetic,0.5,0.16873504784688995,0.30851063829787234,209,0.0,0.20267857142857143,208
251,41,opus16,splice_natural,1.0,0.1800764847030594,0.5013888888888889,208,0.8,0.47819767441860467,208
251,41,opus16,splice_synthetic,1.0,0.1813997005988024,0.3474462365591398,208,0.96,0.3474462365591398,208
251,41,opus16,splice_natural,2.0,0.18860750147666863,0.6883445945945946,211,0.49,0.4986413043478261,208
251,41,opus16,splice_synthetic,2.0,0.19671052631578947,0.7619047619047619,212,0.39,0.3793604651162791,208
251,41,opus16,splice_natural,3.0,0.22564752252252251,1.0,220,0.18666666666666668,0.3763888888888889,208
251,41,opus16,splice_synthetic,3.0,0.1982334525939177,0.6046195652173914,209,0.86,0.5153508771929824,208
251,41,opus16,splice_natural,5.0,0.23736225895316804,1.0,230,0.072,0.2646276595744681,208
251,41,opus16,splice_synthetic,5.0,0.21843434343434343,0.59375,208,0.8,0.5101902173913043,208
251,41,opus16,pause_inject_natural,3.0,0.2253206915783603,1.0,225,0.0,0.2461734693877551,208
251,41,opus16,pause_inject_synthetic,3.0,0.22984877913429522,1.0,226,0.0,0.1989795918367347,208
251,41,amr122,full_natural,60.0,0.6183516735442458,1.0,267,1.0,0.5495689655172413,208
251,41,amr122,full_synthetic,60.0,0.6720766523269457,1.0,290,1.0,0.53625,208
251,41,amr122,splice_natural,0.5,0.2913161057692308,0.36594202898550726,208,1.0,0.36594202898550726,208
251,41,amr122,splice_synthetic,0.5,0.29974112426035504,0.3449675324675325,208,0.0,0.3449675324675325,208
251,41,amr122,splice_natural,1.0,0.29480919471153844,0.4348214285714286,208,0.94,0.4348214285714286,208
251,41,amr122,splice_synthetic,1.0,0.3028560830860534,0.56875,208,0.42,0.38392857142857145,208
251,41,amr122,splice_natural,2.0,0.3003003003003003,0.5286885245901639,208,0.93,0.5208333333333334,208
251,41,amr122,splice_synthetic,2.0,0.30198389021479716,0.6547619047619048,209,0.79,0.5088141025641025,208
251,41,amr122,splice_natural,3.0,0.3082986317668055,0.5809294871794872,212,0.66,0.5262681159420289,208
251,41,amr122,splice_synthetic,3.0,0.3210111046171829,0.7516025641025641,212,0.52,0.49899193548387094,208
251,41,amr122,splice_natural,5.0,0.35752871991247265,1.0,228,0.18,0.5069444444444444,208
251,41,amr122,splice_synthetic,5.0,0.3294392523364486,0.8125,215,0.62,0.5230978260869565,208
251,41,amr122,pause_inject_natural,3.0,0.34444367369589346,1.0,227,0.0,0.3550531914893617,208
251,41,amr122,pause_inject_synthetic,3.0,0.3420486111111111,1.0,226,0.0,0.3449675324675325,208
251,41,amr475,full_natural,60.0,0.6155190192483959,1.0,266,1.0,0.5309139784946236,208
251,41,amr475,full_synthetic,60.0,0.6689933149823044,1.0,290,1.0,0.53125,208
251,41,amr475,splice_natural,0.5,0.3730105105105105,0.4486111111111111,208,0.8,0.43607954545454547,208
251,41,amr475,splice_synthetic,0.5,0.37203275240384615,0.4578125,208,0.88,0.4578125,208
251,41,amr475,splice_natural,1.0,0.37439903846153844,0.4538690476190476,208,0.86,0.4538690476190476,208
251,41,amr475,splice_synthetic,1.0,0.3748134328358209,0.5189144736842105,208,0.76,0.4375,208
251,41,amr475,splice_natural,2.0,0.40431792399319344,1.0,221,0.0,0.4111111111111111,208
251,41,amr475,splice_synthetic,2.0,0.38581518540317833,0.7204391891891891,212,0.53,0.4898255813953488,208
251,41,amr475,splice_natural,3.0,0.381291192330737,0.5457589285714286,208,0.8066666666666666,0.5108695652173914,208
251,41,amr475,splice_synthetic,3.0,0.39818955568378533,1.0,218,0.3,0.5226063829787234,208
251,41,amr475,splice_natural,5.0,0.3892569982132222,0.5993975903614458,208,0.828,0.5115489130434783,208
251,41,amr475,splice_synthetic,5.0,0.40558280438545874,0.8756868131868132,214,0.64,0.5088028169014085,208
251,41,amr475,pause_inject_natural,3.0,0.42131944444444447,1.0,226,0.0,0.4169921875,208
251,41,amr475,pause_inject_synthetic,3.0,0.4195482431678751,1.0,226,0.0,0.4107142857142857,208
251,41,amr122_g711u,full_natural,60.0,0.614482480405717,1.0,267,1.0,0.5484375,208
251,41,amr122_g711u,full_synthetic,60.0,0.6715201644479248,1.0,290,1.0,0.5416666666666666,208
251,41,amr122_g711u,splice_natural,0.5,0.31353611604499704,0.363031914893617,208,0.0,0.363031914893617,208
251,41,amr122_g711u,splice_synthetic,0.5,0.30709278042959426,0.4382716049382716,208,0.24,0.363031914893617,208
251,41,amr122_g711u,splice_natural,1.0,0.31931349440188567,0.84765625,211,0.3,0.390625,208
251,41,amr122_g711u,splice_synthetic,1.0,0.3208454810495627,1.0,218,0.0,0.35904255319148937,208
251,41,amr122_g711u,splice_natural,2.0,0.3150165264423077,0.517219387755102,208,0.98,0.517219387755102,208
251,41,amr122_g711u,splice_synthetic,2.0,0.3144402985074627,0.5472560975609756,209,0.93,0.48185483870967744,208
251,41,amr122_g711u,splice_natural,3.0,0.32381305637982194,0.6131944444444445,208,0.7666666666666667,0.5033967391304348,208
251,41,amr122_g711u,splice_synthetic,3.0,0.3283549146556798,0.6902472527472527,208,0.6933333333333334,0.5021802325581395,208
251,41,amr122_g711u,splice_natural,5.0,0.3347976963969285,0.6996753246753247,208,0.612,0.5280612244897959,208
251,41,amr122_g711u,splice_synthetic,5.0,0.37780748663101604,1.0,236,0.012,0.363031914893617,208
251,41,amr122_g711u,pause_inject_natural,3.0,0.35148859209794103,1.0,226,0.0,0.35904255319148937,208
251,41,amr122_g711u,pause_inject_synthetic,3.0,0.35135323660714285,1.0,228,0.0,0.363031914893617,208
2803,42,g711u,full_natural,60.0,0.5536947513812155,1.0,227,1.0,0.5289634146341463,211
2803,42,g711u,full_synthetic,60.0,0.6445139503985828,1.0,285,1.0,0.53125,211
2803,42,g711u,splice_natural,0.5,0.10186485642946318,0.24859550561797752,211,0.68,0.21323529411764705,211
2803,42,g711u,splice_synthetic,0.5,0.09953848560700876,0.22355769230769232,211,0.76,0.22355769230769232,211
2803,42,g711u,splice_natural,1.0,0.10391896120150187,0.3346518987341772,211,0.94,0.3346518987341772,211
2803,42,g711u,splice_synthetic,1.0,0.10900712515489468,0.6438953488372093,213,0.56,0.30851063829787234,211
2803,42,g711u,splice_natural,2.0,0.1421126552335896,1.0,224,0.02,0.1443661971830986,211
2803,42,g711u,splice_synthetic,2.0,0.12323402948402948,0.6840277777777778,213,0.46,0.4583333333333333,211
2803,42,g711u,splice_natural,3.0,0.13805282555282555,0.6747159090909091,211,0.7,0.5064655172413793,211
2803,42,g711u,splice_synthetic,3.0,0.14121498172959804,0.9611111111111111,216,0.5533333333333333,0.4959016393442623,211
2803,42,g711u,splice_natural,5.0,0.15862708719851576,0.6707317073170732,213,0.796,0.5095588235294117,211
2803,42,g711u,splice_synthetic,5.0,0.185835263462652,1.0,227,0.328,0.5564516129032258,211
2803,42,g711u,pause_inject_natural,3.0,0.15504667444574097,1.0,225,0.0,0.125,211
2803,42,g711u,pause_inject_synthetic,3.0,0.1622902199074074,1.0,227,0.0,0.1307471264367816,211
2803,42,g711a,full_natural,60.0,0.5535022148394242,1.0,226,1.0,0.5484375,211
2803,42,g711a,full_synthetic,60.0,0.64453125,1.0,284,1.0,0.5288461538461539,211
2803,42,g711a,splice_natural,0.5,0.1083256315465188,0.6022727272727273,214,0.0,0.1396484375,211
2803,42,g711a,splice_synthetic,0.5,0.10990449784349969,0.13949275362318841,211,0.0,0.13949275362318841,211
2803,42,g711a,splice_natural,1.0,0.11997699386503068,0.59375,213,0.28,0.24375,211
2803,42,g711a,splice_synthetic,1.0,0.12412825955124318,1.0,217,0.0,0.1376953125,211
2803,42,g711a,splice_natural,2.0,0.1223586078309509,0.58,211,0.67,0.5078125,211
2803,42,g711a,splice_synthetic,2.0,0.1476534828807556,1.0,226,0.0,0.12794117647058822,211
2803,42,g711a,splice_natural,3.0,0.11737327909887359,0.49362244897959184,211,0.6333333333333333,0.49362244897959184,211
2803,42,g711a,splice_synthetic,3.0,0.13326600837821664,1.0,223,0.0,0.14583333333333334,211
2803,42,g711a,splice_natural,5.0,0.1602878138395591,0.7108516483516484,211,0.72,0.5342465753424658,211
2803,42,g711a,splice_synthetic,5.0,0.18718039772727274,1.0,232,0.156,0.4266304347826087,211
2803,42,g711a,pause_inject_natural,3.0,0.15637755102040815,1.0,225,0.0,0.13020833333333334,211
2803,42,g711a,pause_inject_synthetic,3.0,0.15813734030197446,1.0,226,0.0,0.13983050847457626,211
2803,42,opus16,full_natural,60.0,0.6112554374093765,1.0,265,1.0,0.5573979591836735,211
2803,42,opus16,full_synthetic,60.0,0.6457601054481547,1.0,282,1.0,0.5408163265306123,211
2803,42,opus16,splice_natural,0.5,0.18371212121212122,0.21710526315789475,211,0.0,0.21710526315789475,211
2803,42,opus16,splice_synthetic,0.5,0.1805772841051314,0.2996575342465753,211,1.0,0.2996575342465753,211
2803,42,opus16,splice_natural,1.0,0.190950682382134,0.4619140625,211,0.5,0.3267543859649123,211
2803,42,opus16,splice_synthetic,1.0,0.18323952470293933,0.47767857142857145,211,0.84,0.4649390243902439,211
2803,42,opus16,splice_natural,2.0,0.19469508400746732,0.5203125,213,0.71,0.4595070422535211,211
2803,42,opus16,splice_synthetic,2.0,0.19562850031113876,0.56953125,213,0.71,0.5149647887323944,211
2803,42,opus16,splice_natural,3.0,0.20357692307692307,0.7138671875,213,0.5333333333333333,0.5135869565217391,211
2803,42,opus16,splice_synthetic,3.0,0.2394208549971115,1.0,229,0.0,0.21575342465753425,211
2803,42,opus16,splice_natural,5.0,0.2652447651386531,1.0,234,0.116,0.4100609756097561,211
2803,42,opus16,splice_synthetic,5.0,0.24764567392583872,1.0,222,0.504,0.5174731182795699,211
2803,42,opus16,pause_inject_natural,3.0,0.23027275379229872,1.0,225,0.0,0.21404109589041095,211
2803,42,opus16,pause_inject_synthetic,3.0,0.23958935801041065,1.0,227,0.0,0.22529069767441862,211
2803,42,amr122,full_natural,60.0,0.6133130081300813,1.0,266,1.0,0.5305851063829787,211
2803,42,amr122,full_synthetic,60.0,0.6424933569530558,1.0,282,1.0,0.5433673469387755,211
2803,42,amr122,splice_natural,0.5,0.28900955021565006,0.3263888888888889,211,0.0,0.3263888888888889,211
2803,42,amr122,splice_synthetic,0.5,0.2787859824780976,0.36128048780487804,211,0.68,0.36128048780487804,211
2803,42,amr122,splice_natural,1.0,0.2841474797759801,0.5555555555555556,213,0.54,0.4375,211
2803,42,amr122,splice_synthetic,1.0,0.28324468085106386,0.42826704545454547,211,1.0,0.42826704545454547,211
2803,42,amr122,splice_natural,2.0,0.2856640625,0.5078125,211,0.79,0.4951923076923077,211
2803,42,amr122,splice_synthetic,2.0,0.2915106117353308,0.5237771739130435,211,0.88,0.5021306818181818,211
2803,42,amr122,splice_natural,3.0,0.29786001236093945,0.6179577464788732,211,0.6,0.5118534482758621,211
2803,42,amr122,splice_synthetic,3.0,0.32695380592678674,1.0,229,0.013333333333333334,0.31976744186046513,211
2803,42,amr122,splice_natural,5.0,0.3445121951219512,1.0,234,0.072,0.39098837209302323,211
2803,42,amr122,splice_synthetic,5.0,0.32194593787335724,1.0,219,0.476,0.5070422535211268,211
2803,42,amr122,pause_inject_natural,3.0,0.32234338407494145,1.0,227,0.0,0.32894736842105265,211
2803,42,amr122,pause_inject_synthetic,3.0,0.3309248554913295,1.0,227,0.0,0.32091346153846156,211
2803,42,amr475,full_natural,60.0,0.615120582617001,1.0,265,1.0,0.535958904109589,211
2803,42,amr475,full_synthetic,60.0,0.6405412946428571,1.0,282,1.0,0.5335820895522388,211
2803,42,amr475,splice_natural,0.5,0.3822458152510849,0.5420673076923077,213,0.08,0.41615853658536583,211
2803,42,amr475,splice_synthetic,0.5,0.38011079900124844,0.45014044943820225,211,0.6,0.42426470588235293,211
2803,42,amr475,splice_natural,1.0,0.3827540523690773,0.5436046511627907,213,0.5,0.43898809523809523,211
2803,42,amr475,splice_synthetic,1.0,0.38080941983780414,0.47333333333333333,211,0.7,0.4513888888888889,211
2803,42,amr475,splice_natural,2.0,0.38734423676012464,0.5267857142857143,211,0.74,0.498134328358209,211
2803,42,amr475,splice_synthetic,2.0,0.3955411585365854,0.9512195121951219,216,0.38,0.4573170731707317,211
2803,42,amr475,splice_natural,3.0,0.3928018575851393,0.6426886792452831,213,0.6133333333333333,0.5211267605633803,211
2803,42,amr475,splice_synthetic,3.0,0.398129618226601,0.6518895348837209,211,0.7466666666666667,0.5218023255813954,211
2803,42,amr475,splice_natural,5.0,0.39940147329650094,0.6160714285714286,215,0.676,0.5216049382716049,211
2803,42,amr475,splice_synthetic,5.0,0.42253989361702127,1.0,219,0.54,0.5152439024390244,211
2803,42,amr475,pause_inject_natural,3.0,0.4089584578601315,1.0,219,0.0,0.4171686746987952,211
2803,42,amr475,pause_inject_synthetic,3.0,0.4234501738122827,1.0,227,0.0,0.41615853658536583,211
2803,42,amr122_g711u,full_natural,60.0,0.6126743626743627,1.0,265,1.0,0.5274621212121212,211
2803,42,amr122_g711u,full_synthetic,60.0,0.6412898936170213,1.0,282,1.0,0.5395408163265306,211
2803,42,amr122_g711u,splice_natural,0.5,0.2848482478097622,0.375,211,0.92,0.375,211
2803,42,amr122_g711u,splice_synthetic,0.5,0.2953740763546798,0.3300438596491228,211,0.0,0.3300438596491228,211
2803,42,amr122_g711u,splice_natural,1.0,0.28692115143929914,0.49107142857142855,211,0.74,0.49107142857142855,211
2803,42,amr122_g711u,splice_synthetic,1.0,0.2856472795497186,0.4511363636363636,211,0.7,0.4409722222222222,211
2803,42,amr122_g711u,splice_natural,2.0,0.3009230769230769,0.6677631578947368,211,0.55,0.4955357142857143,211
2803,42,amr122_g711u,splice_synthetic,2.0,0.29848532167395375,0.5217696629213483,211,0.85,0.5050872093023255,211
2803,42,amr122_g711u,splice_natural,3.0,0.3134800965018094,1.0,219,0.3933333333333333,0.5045731707317073,211
2803,42,amr122_g711u,splice_synthetic,3.0,0.30339352428393523,0.5706845238095238,211,0.7666666666666667,0.5254934210526315,211
2803,42,amr122_g711u,splice_natural,5.0,0.31560964373464373,0.7513297872340425,214,0.548,0.530241935483871,211
2803,42,amr122_g711u,splice_synthetic,5.0,0.3188578914919852,0.7180851063829787,213,0.788,0.5261194029850746,211
2803,42,amr122_g711u,pause_inject_natural,3.0,0.324564639905549,1.0,225,0.0,0.3359375,211
2803,42,amr122_g711u,pause_inject_synthetic,3.0,0.3183372992266508,1.0,222,0.0,0.32060185185185186,211
2803,43,g711u,full_natural,60.0,0.5774772497472194,1.0,239,1.0,0.54296875,225
2803,43,g711u,full_synthetic,60.0,0.6436999578592499,1.0,287,1.0,0.5432692307692307,225
2803,43,g711u,splice_natural,0.5,0.09955882352941177,0.1356382978723404,225,0.0,0.1356382978723404,225
2803,43,g711u,splice_synthetic,0.5,0.10123602118893467,0.14130434782608695,225,0.0,0.14130434782608695,225
2803,43,g711u,splice_natural,1.0,0.10480542452830188,0.5505514705882353,225,0.4,0.33559782608695654,225
2803,43,g711u,splice_synthetic,1.0,0.09619402985074627,0.30236486486486486,225,0.66,0.2928082191780822,225
2803,43,g711u,splice_natural,2.0,0.13625776397515527,1.0,235,0.0,0.1443661971830986,225
2803,43,g711u,splice_synthetic,2.0,0.11413690476190476,0.5665760869565217,225,0.88,0.509698275862069,225
2803,43,g711u,splice_natural,3.0,0.14154721753794267,1.0,238,0.10666666666666667,0.25407608695652173,225
2803,43,g711u,splice_synthetic,3.0,0.1273953419811321,0.6814236111111112,225,0.6866666666666666,0.54125,225
2803,43,g711u,splice_natural,5.0,0.1571438995913602,0.6360677083333334,225,0.788,0.5341666666666667,225
2803,43,g711u,splice_synthetic,5.0,0.16984759507829977,1.0,237,0.472,0.4984375,225
2803,43,g711u,pause_inject_natural,3.0,0.14954115684093436,1.0,241,0.0,0.1307471264367816,225
2803,43,g711u,pause_inject_synthetic,3.0,0.14169713160854894,1.0,240,0.0,0.1362179487179487,225
2803,43,g711a,full_natural,60.0,0.5771761133603239,1.0,239,1.0,0.5364583333333334,225
2803,43,g711a,full_synthetic,60.0,0.6437922297297297,1.0,287,1.0,0.5413461538461538,225
2803,43,g711a,splice_natural,0.5,0.09362033195020747,0.30416666666666664,225,0.08,0.1221264367816092,225
2803,43,g711a,splice_synthetic,0.5,0.09752060035314891,0.6539634146341463,228,0.0,0.12833333333333333,225
2803,43,g711a,splice_natural,1.0,0.10310838747784996,0.3995253164556962,225,0.48,0.23057432432432431,225
2803,43,g711a,splice_synthetic,1.0,0.09664179104477612,0.3290229885057471,225,0.96,0.32122093023255816,225
2803,43,g711a,splice_natural,2.0,0.10778287914691943,0.58203125,225,0.58,0.4745762711864407,225
2803,43,g711a,splice_synthetic,2.0,0.13216515323496028,1.0,239,0.0,0.13541666666666666,225
2803,43,g711a,splice_natural,3.0,0.12855780516431925,0.7183441558441559,226,0.6133333333333333,0.5493421052631579,225
2803,43,g711a,splice_synthetic,3.0,0.13324800910125142,1.0,237,0.10666666666666667,0.23803191489361702,225
2803,43,g711a,splice_natural,5.0,0.14801285797779076,0.6898148148148148,225,0.716,0.5166139240506329,225
2803,43,g711a,splice_synthetic,5.0,0.15603571428571428,1.0,231,0.552,0.502906976744186,225
2803,43,g711a,pause_inject_natural,3.0,0.14132567264573992,1.0,239,0.0,0.13871951219512196,225
2803,43,g711a,pause_inject_synthetic,3.0,0.14971416620189626,1.0,241,0.0,0.13858695652173914,225
2803,43,opus16,full_natural,60.0,0.5805847076461769,1.0,239,1.0,0.5365853658536586,225
2803,43,opus16,full_synthetic,60.0,0.6446150610012621,1.0,289,1.0,0.5450819672131147,225
2803,43,opus16,splice_natural,0.5,0.17932034503271863,0.3375,226,0.52,0.27393617021276595,225
2803,43,opus16,splice_synthetic,0.5,0.1745972553699284,0.24636627906976744,225,0.96,0.24636627906976744,225
2803,43,opus16,splice_natural,1.0,0.18276346950858496,0.5102611940298507,225,0.68,0.3923611111111111,225
2803,43,opus16,splice_synthetic,1.0,0.17881115751789975,0.3626760563380282,225,0.74,0.3626760563380282,225
2803,43,opus16,splice_natural,2.0,0.21432616081540204,1.0,235,0.0,0.21336206896551724,225
2803,43,opus16,splice_synthetic,2.0,0.18894658753709198,0.5877192982456141,225,0.63,0.5204081632653061,225
2803,43,opus16,splice_natural,3.0,0.2301278488048916,1.0,244,0.0,0.19875,225
2803,43,opus16,splice_synthetic,3.0,0.2027448071216617,0.5655120481927711,225,0.8,0.512668918918919,225
2803,43,opus16,splice_natural,5.0,0.2166126179245283,0.6519230769230769,225,0.74,0.5135869565217391,225
2803,43,opus16,splice_synthetic,5.0,0.2345465049104564,0.7080592105263158,225,0.708,0.5517857142857143,225
2803,43,opus16,pause_inject_natural,3.0,0.22840404880754298,1.0,241,0.0,0.21125,225
2803,43,opus16,pause_inject_synthetic,3.0,0.23103424276169265,1.0,240,0.0,0.225,225
2803,43,amr122,full_natural,60.0,0.5794342699448068,1.0,239,1.0,0.5425531914893617,225
2803,43,amr122,full_synthetic,60.0,0.64291719209752,1.0,289,1.0,0.5405092592592593,225
2803,43,amr122,splice_natural,0.5,0.27206098998232175,0.5027985074626866,225,0.0,0.3075,225
2803,43,amr122,splice_synthetic,0.5,0.2738235294117647,0.5141666666666667,225,0.0,0.30916666666666665,225
2803,43,amr122,splice_natural,1.0,0.28190179606025495,1.0,234,0.0,0.30333333333333334,225
2803,43,amr122,splice_synthetic,1.0,0.2736217570754717,0.5827205882352942,225,0.5,0.40217391304347827,225
2803,43,amr122,splice_natural,2.0,0.27675909361955875,0.49921875,225,0.98,0.49921875,225
2803,43,amr122,splice_synthetic,2.0,0.2744776119402985,0.49816176470588236,225,0.9,0.49816176470588236,225
2803,43,amr122,splice_natural,3.0,0.2782640949554896,0.5805921052631579,225,0.7333333333333333,0.5247844827586207,225
2803,43,amr122,splice_synthetic,3.0,0.28714139344262296,0.6818910256410257,225,0.6133333333333333,0.50375,225
2803,43,amr122,splice_natural,5.0,0.3296143250688705,1.0,241,0.248,0.5079787234042553,225
2803,43,amr122,splice_synthetic,5.0,0.31888534147695724,1.0,244,0.276,0.496875,225
2803,43,amr122,pause_inject_natural,3.0,0.3117335562987737,1.0,240,0.0,0.31416666666666665,225
2803,43,amr122,pause_inject_synthetic,3.0,0.30773809523809526,1.0,239,0.0,0.3075,225
2803,43,amr475,full_natural,60.0,0.5802690029615005,1.0,238,1.0,0.5280797101449275,225
2803,43,amr475,full_synthetic,60.0,0.6430084745762712,1.0,288,1.0,0.5420454545454545,225
2803,43,amr475,splice_natural,0.5,0.37355598341232227,0.5799418604651163,227,0.28,0.425531914893617,225
2803,43,amr475,splice_synthetic,0.5,0.3707063918757467,0.45795454545454545,225,1.0,0.45795454545454545,225
2803,43,amr475,splice_natural,1.0,0.3863109048723898,1.0,233,0.0,0.4160958904109589,225
2803,43,amr475,splice_synthetic,1.0,0.37611342042755347,0.5435267857142857,225,0.68,0.44429347826086957,225
2803,43,amr475,splice_natural,2.0,0.39478211009174313,1.0,233,0.25,0.43478260869565216,225
2803,43,amr475,splice_synthetic,2.0,0.38385508524397416,0.685,225,0.46,0.5078125,225
2803,43,amr475,splice_natural,3.0,0.3837809917355372,0.6179775280898876,225,0.7933333333333333,0.5072463768115942,225
2803,43,amr475,splice_synthetic,3.0,0.41378116343490307,1.0,245,0.0,0.4162234042553192,225
2803,43,amr475,splice_natural,5.0,0.3934468147282291,0.6761363636363636,225,0.724,0.5162671232876712,225
2803,43,amr475,splice_synthetic,5.0,0.4149509803921569,1.0,237,0.472,0.490625,225
2803,43,amr475,pause_inject_natural,3.0,0.4133601553829079,1.0,241,0.0,0.4162234042553192,225
2803,43,amr475,pause_inject_synthetic,3.0,0.4072829131652661,1.0,239,0.0,0.4195205479452055,225
2803,43,amr122_g711u,full_natural,60.0,0.5819925742574258,1.0,239,1.0,0.55375,225
2803,43,amr122_g711u,full_synthetic,60.0,0.6419495993251793,1.0,289,1.0,0.5520833333333334,225
2803,43,amr122_g711u,splice_natural,0.5,0.2769402985074627,0.3584558823529412,225,1.0,0.3584558823529412,225
2803,43,amr122_g711u,splice_synthetic,0.5,0.27272050059594755,0.38651315789473684,225,0.68,0.3613013698630137,225
2803,43,amr122_g711u,splice_natural,1.0,0.28702761627906975,1.0,233,0.0,0.31333333333333335,225
2803,43,amr122_g711u,splice_synthetic,1.0,0.2790878178592549,0.6807065217391305,226,0.6,0.4328125,225
2803,43,amr122_g711u,splice_natural,2.0,0.2956343498273878,1.0,234,0.0,0.32083333333333336,225
2803,43,amr122_g711u,splice_synthetic,2.0,0.2883100475624257,0.55,225,0.89,0.5120481927710844,225
2803,43,amr122_g711u,splice_natural,3.0,0.31281654473832304,1.0,237,0.14,0.35,225
2803,43,amr122_g711u,splice_synthetic,3.0,0.2898598820058997,0.6505681818181818,225,0.6066666666666667,0.5248161764705882,225
2803,43,amr122_g711u,splice_natural,5.0,0.30573625073920757,0.5976123595505618,225,0.848,0.5204081632653061,225
2803,43,amr122_g711u,splice_synthetic,5.0,0.31750572082379863,1.0,233,0.516,0.5367647058823529,225
2803,43,amr122_g711u,pause_inject_natural,3.0,0.3172701949860724,1.0,240,0.0,0.3138020833333333,225
2803,43,amr122_g711u,pause_inject_synthetic,3.0,0.3136548152295633,1.0,239,0.0,0.31083333333333335,225
2803,44,g711u,full_natural,60.0,0.64011754726127,1.0,260,1.0,0.5277777777777778,202
2803,44,g711u,full_synthetic,60.0,0.6757864056313242,1.0,281,1.0,0.5426136363636364,202
2803,44,g711u,splice_natural,0.5,0.11415078284547311,0.3416666666666667,202,0.64,0.29464285714285715,202
2803,44,g711u,splice_synthetic,0.5,0.12034708249496982,0.15982142857142856,202,0.0,0.15982142857142856,202
2803,44,g711u,splice_natural,1.0,0.11459041468388852,0.4716981132075472,202,0.76,0.4166666666666667,202
2803,44,g711u,splice_synthetic,1.0,0.11049183117767189,0.37037037037037035,202,0.6,0.3333333333333333,202
2803,44,g711u,splice_natural,2.0,0.12802694406548432,0.49862637362637363,202,0.91,0.49862637362637363,202
2803,44,g711u,splice_synthetic,2.0,0.1400538511749347,1.0,214,0.0,0.137987012987013,202
2803,44,g711u,splice_natural,3.0,0.14174560216508797,0.5779320987654321,202,0.74,0.5045289855072463,202
2803,44,g711u,splice_synthetic,3.0,0.1497657295850067,0.6927083333333334,208,0.7,0.5234375,202
2803,44,g711u,splice_natural,5.0,0.17464800261951538,1.0,210,0.536,0.5130208333333334,202
2803,44,g711u,splice_synthetic,5.0,0.16964871963230466,0.6724683544303798,202,0.544,0.49287974683544306,202
2803,44,g711u,pause_inject_natural,3.0,0.1701279216677195,1.0,217,0.0,0.14351851851851852,202
2803,44,g711u,pause_inject_synthetic,3.0,0.1796825895663105,1.0,219,0.0,0.16166666666666665,202
2803,44,g711a,full_natural,60.0,0.6437350119904077,1.0,261,1.0,0.5364583333333334,202
2803,44,g711a,full_synthetic,60.0,0.6754554433713784,1.0,281,1.0,0.5595238095238095,202
2803,44,g711a,splice_natural,0.5,0.10696623465211459,0.23768939393939395,202,0.92,0.23768939393939395,202
2803,44,g711a,splice_synthetic,0.5,0.1065350578624915,0.2729591836734694,203,0.44,0.22554347826086957,202
2803,44,g711a,splice_natural,1.0,0.1313160501981506,1.0,211,0.0,0.13322368421052633,202
2803,44,g711a,splice_synthetic,1.0,0.11602280462899932,0.4050925925925926,202,0.64,0.3700980392156863,202
2803,44,g711a,splice_natural,2.0,0.12899293880295898,0.6599264705882353,202,0.52,0.5192307692307693,202
2803,44,g711a,splice_synthetic,2.0,0.1397203947368421,0.8263888888888888,208,0.27,0.3328125,202
2803,44,g711a,splice_natural,3.0,0.1581583969465649,1.0,217,0.02666666666666667,0.13712686567164178,202
2803,44,g711a,splice_synthetic,3.0,0.1649206349206349,1.0,218,0.0,0.16087962962962962,202
2803,44,g711a,splice_natural,5.0,0.1810358502538071,1.0,218,0.268,0.5277777777777778,202
2803,44,g711a,splice_synthetic,5.0,0.16144096064042696,0.6652397260273972,202,0.596,0.5122950819672131,202
2803,44,g711a,pause_inject_natural,3.0,0.1652012040557668,1.0,217,0.0,0.14973958333333334,202
2803,44,g711a,pause_inject_synthetic,3.0,0.14629032258064517,1.0,213,0.0,0.1421875,202
2803,44,opus16,full_natural,60.0,0.6482551214864221,1.0,261,1.0,0.5375,202
2803,44,opus16,full_synthetic,60.0,0.676850635129216,1.0,281,1.0,0.5366847826086957,202
2803,44,opus16,splice_natural,0.5,0.1850929054054054,0.39818548387096775,202,0.36,0.22916666666666666,202
2803,44,opus16,splice_synthetic,0.5,0.1843284844384303,0.3689516129032258,202,0.2,0.22291666666666668,202
2803,44,opus16,splice_natural,1.0,0.19072690217391305,0.5923295454545454,204,0.86,0.4973958333333333,202
2803,44,opus16,splice_synthetic,1.0,0.18528459441036127,0.4302536231884058,202,0.9,0.421875,202
2803,44,opus16,splice_natural,2.0,0.2001780868385346,0.5584935897435898,202,0.81,0.5088141025641025,202
2803,44,opus16,splice_synthetic,2.0,0.19536507402422612,0.68359375,208,0.45,0.503125,202
2803,44,opus16,splice_natural,3.0,0.21306057563587685,0.66484375,202,0.6666666666666666,0.5029296875,202
2803,44,opus16,splice_synthetic,3.0,0.21107859531772574,0.7736111111111111,205,0.5533333333333333,0.5150462962962963,202
2803,44,opus16,splice_natural,5.0,0.23961070959264127,0.6752873563218391,202,0.632,0.5291666666666667,202
2803,44,opus16,splice_synthetic,5.0,0.24718468468468469,1.0,215,0.424,0.5308219178082192,202
2803,44,opus16,pause_inject_natural,3.0,0.2338403041825095,1.0,219,0.0,0.21022727272727273,202
2803,44,opus16,pause_inject_synthetic,3.0,0.24135763670647392,1.0,218,0.0,0.2159090909090909,202
2803,44,amr122,full_natural,60.0,0.6482406086543033,1.0,262,1.0,0.5580357142857143,202
2803,44,amr122,full_synthetic,60.0,0.6749508948057616,1.0,281,1.0,0.540625,202
2803,44,amr122,splice_natural,0.5,0.2825721961047683,0.32313829787234044,202,0.0,0.32313829787234044,202
2803,44,amr122,splice_synthetic,0.5,0.2778482082488168,0.42995689655172414,202,0.36,0.3230932203389831,202
2803,44,amr122,splice_natural,1.0,0.28008157715839566,0.44485294117647056,202,0.74,0.42803030303030304,202
2803,44,amr122,splice_synthetic,1.0,0.28932865731462926,0.5745738636363636,202,0.36,0.3654661016949153,202
2803,44,amr122,splice_natural,2.0,0.2911073825503356,0.6355633802816901,202,0.64,0.4908854166666667,202
2803,44,amr122,splice_synthetic,2.0,0.31039915966386555,1.0,212,0.0,0.31994047619047616,202
2803,44,amr122,splice_natural,3.0,0.3264943074003795,1.0,221,0.0,0.3288690476190476,202
2803,44,amr122,splice_synthetic,3.0,0.29979026845637585,0.5824468085106383,202,0.7133333333333334,0.4902597402597403,202
2803,44,amr122,splice_natural,5.0,0.31583778371161547,0.6744186046511628,202,0.768,0.5211397058823529,202
2803,44,amr122,splice_synthetic,5.0,0.3518646408839779,1.0,221,0.18,0.5296875,202
2803,44,amr122,pause_inject_natural,3.0,0.3302115987460815,1.0,217,0.0,0.31994047619047616,202
2803,44,amr122,pause_inject_synthetic,3.0,0.33315149625935164,1.0,219,0.0,0.31994047619047616,202
2803,44,amr475,full_natural,60.0,0.647203552568411,1.0,266,1.0,0.5362318840579711,202
2803,44,amr475,full_synthetic,60.0,0.6723759332454985,1.0,281,1.0,0.5377604166666666,202
2803,44,amr475,splice_natural,0.5,0.38537432249322495,0.46986607142857145,202,0.64,0.41888297872340424,202
2803,44,amr475,splice_synthetic,0.5,0.3917866711319491,0.7179878048780488,205,0.0,0.4316860465116279,202
2803,44,amr475,splice_natural,1.0,0.3888654753877276,0.560515873015873,202,0.42,0.4231770833333333,202
2803,44,amr475,splice_synthetic,1.0,0.3847363945578231,0.47879464285714285,202,0.76,0.4387019230769231,202
2803,44,amr475,splice_natural,2.0,0.41540077569489336,1.0,212,0.0,0.4253731343283582,202
2803,44,amr475,splice_synthetic,2.0,0.3871186440677966,0.5671875,204,0.75,0.49592391304347827,202
2803,44,amr475,splice_natural,3.0,0.42545037926675094,1.0,218,0.0,0.4236111111111111,202
2803,44,amr475,splice_synthetic,3.0,0.42409003831417624,1.0,214,0.18666666666666668,0.48046875,202
2803,44,amr475,splice_natural,5.0,0.40764304723885564,0.6608333333333334,202,0.592,0.49125,202
2803,44,amr475,splice_synthetic,5.0,0.4435919185687847,1.0,221,0.236,0.5169270833333334,202
2803,44,amr475,pause_inject_natural,3.0,0.42845342983008183,1.0,217,0.0,0.41888297872340424,202
2803,44,amr475,pause_inject_synthetic,3.0,0.4335864120225423,1.0,219,0.0,0.42325949367088606,202
2803,44,amr122_g711u,full_natural,60.0,0.6476076555023923,1.0,261,1.0,0.5370370370370371,202
2803,44,amr122_g711u,full_synthetic,60.0,0.6706794195250659,1.0,281,1.0,0.5225,202
2803,44,amr122_g711u,splice_natural,0.5,0.2832709326072158,0.4527439024390244,203,0.72,0.39285714285714285,202
2803,44,amr122_g711u,splice_synthetic,0.5,0.28171896316507505,0.40555555555555556,202,0.84,0.40555555555555556,202
2803,44,amr122_g711u,splice_natural,1.0,0.2835490463215259,0.4596354166666667,202,0.62,0.4361413043478261,202
2803,44,amr122_g711u,splice_synthetic,1.0,0.29178035470668484,0.4186046511627907,202,0.92,0.4186046511627907,202
2803,44,amr122_g711u,splice_natural,2.0,0.2965273095077546,0.650390625,202,0.48,0.523936170212766,202
2803,44,amr122_g711u,splice_synthetic,2.0,0.2919921875,0.5421511627906976,202,0.8,0.5078125,202
2803,44,amr122_g711u,splice_natural,3.0,0.3260038240917782,1.0,217,0.0,0.3523936170212766,202
2803,44,amr122_g711u,splice_synthetic,3.0,0.3123761558784676,0.8347602739726028,208,0.4266666666666667,0.5578125,202
2803,44,amr122_g711u,splice_natural,5.0,0.357257326007326,1.0,223,0.128,0.4361979166666667,202
2803,44,amr122_g711u,splice_synthetic,5.0,0.31588855421686746,0.6727941176470589,202,0.732,0.513771186440678,202
2803,44,amr122_g711u,pause_inject_natural,3.0,0.33020437262357416,1.0,218,0.0,0.3318452380952381,202
2803,44,amr122_g711u,pause_inject_synthetic,3.0,0.3306045340050378,1.0,218,0.0,0.3318452380952381,202
2902,45,g711u,full_natural,60.0,0.6084360138348465,1.0,279,1.0,0.5489457831325302,233
2902,45,g711u,full_synthetic,60.0,0.6346056877773296,1.0,290,1.0,0.5380434782608695,233
2902,45,g711u,splice_natural,0.5,0.0784072249589491,0.11397058823529412,233,0.0,0.11397058823529412,233
2902,45,g711u,splice_synthetic,0.5,0.06562326485285952,0.18425324675324675,233,0.84,0.18425324675324675,233
2902,45,g711u,splice_natural,1.0,0.09127843986998917,1.0,242,0.0,0.11785714285714285,233
2902,45,g711u,splice_synthetic,1.0,0.07493763858093126,0.39945652173913043,233,0.58,0.35755813953488375,233
2902,45,g711u,splice_natural,2.0,0.09618243243243244,1.0,238,0.33,0.4190340909090909,233
2902,45,g711u,splice_synthetic,2.0,0.08590293141592921,0.5364583333333334,233,0.76,0.4943181818181818,233
2902,45,g711u,splice_natural,3.0,0.09504847645429362,0.5297619047619048,233,0.8066666666666666,0.5182926829268293,233
2902,45,g711u,splice_synthetic,3.0,0.10263229678123295,0.7257653061224489,235,0.66,0.5256410256410257,233
2902,45,g711u,splice_natural,5.0,0.11821998898678414,0.605072463768116,233,0.74,0.5301724137931034,233
2902,45,g711u,splice_synthetic,5.0,0.12370923913043479,0.6370192307692307,233,0.644,0.5262096774193549,233
2902,45,g711u,pause_inject_natural,3.0,0.11318897637795275,1.0,248,0.0,0.11298076923076923,233
2902,45,g711u,pause_inject_synthetic,3.0,0.1277103768714507,1.0,249,0.0,0.11298076923076923,233
2902,45,g711a,full_natural,60.0,0.6076839826839827,1.0,279,1.0,0.548728813559322,233
2902,45,g711a,full_synthetic,60.0,0.6358750504642713,1.0,290,1.0,0.5610119047619048,233
2902,45,g711a,splice_natural,0.5,0.06885063853414769,0.21428571428571427,233,1.0,0.21428571428571427,233
2902,45,g711a,splice_synthetic,0.5,0.07331599123767799,0.09895833333333333,233,0.0,0.09895833333333333,233
2902,45,g711a,splice_natural,1.0,0.07141865630205442,0.36693548387096775,233,0.86,0.36693548387096775,233
2902,45,g711a,splice_synthetic,1.0,0.0719853752759382,0.3371478873239437,233,0.6,0.22426470588235295,233
2902,45,g711a,splice_natural,2.0,0.08591160220994475,0.5369718309859155,233,0.65,0.47150735294117646,233
2902,45,g711a,splice_synthetic,2.0,0.08322933998890737,0.5110294117647058,233,0.86,0.5,233
2902,45,g711a,splice_natural,3.0,0.09763273125342091,0.6460843373493976,233,0.7066666666666667,0.5060483870967742,233
2902,45,g711a,splice_synthetic,3.0,0.0902547065337763,0.4936797752808989,233,0.8466666666666667,0.4914772727272727,233
2902,45,g711a,splice_natural,5.0,0.11098421926910298,0.5352822580645161,233,0.74,0.5032327586206896,233
2902,45,g711a,splice_synthetic,5.0,0.12822816826411076,0.875,241,0.536,0.5012019230769231,233
2902,45,g711a,pause_inject_natural,3.0,0.1236038961038961,1.0,248,0.0,0.1346153846153846,233
2902,45,g711a,pause_inject_synthetic,3.0,0.1220191809227579,1.0,249,0.0,0.11057692307692307,233
2902,45,opus16,full_natural,60.0,0.6103368489022816,1.0,283,1.0,0.5342261904761905,233
2902,45,opus16,full_synthetic,60.0,0.6352025392986699,1.0,290,1.0,0.5366379310344828,233
2902,45,opus16,splice_natural,0.5,0.17850301039956212,0.715625,236,0.0,0.2107843137254902,233
2902,45,opus16,splice_synthetic,0.5,0.17042615213770126,0.2984154929577465,233,1.0,0.2984154929577465,233
2902,45,opus16,splice_natural,1.0,0.17321231363887354,0.5434782608695652,235,0.5,0.3638888888888889,233
2902,45,opus16,splice_synthetic,1.0,0.17479872293170462,0.4078525641025641,233,1.0,0.4078525641025641,233
2902,45,opus16,splice_natural,2.0,0.19113253666485605,0.9488636363636364,237,0.48,0.4772727272727273,233
2902,45,opus16,splice_synthetic,2.0,0.18387029867256638,0.5357142857142857,233,0.8,0.4935064935064935,233
2902,45,opus16,splice_natural,3.0,0.22312176165803108,1.0,247,0.05333333333333334,0.21875,233
2902,45,opus16,splice_synthetic,3.0,0.19250274122807018,0.6646959459459459,235,0.7133333333333334,0.5235655737704918,233
2902,45,opus16,splice_natural,5.0,0.20982142857142858,0.6848958333333334,233,0.68,0.5090725806451613,233
2902,45,opus16,splice_synthetic,5.0,0.21459242093784078,0.6831896551724138,234,0.732,0.5247844827586207,233
2902,45,opus16,pause_inject_natural,3.0,0.209143457698371,1.0,248,0.0,0.22282608695652173,233
2902,45,opus16,pause_inject_synthetic,3.0,0.2202858251422659,1.0,249,0.0,0.20923913043478262,233
2902,45,amr122,full_natural,60.0,0.608775334195774,1.0,283,1.0,0.5280172413793104,233
2902,45,amr122,full_synthetic,60.0,0.6356431159420289,1.0,290,1.0,0.5342261904761905,233
2902,45,amr122,splice_natural,0.5,0.2699194891726818,0.3394607843137255,233,0.52,0.3394607843137255,233
2902,45,amr122,splice_synthetic,0.5,0.27248750694058854,0.3877840909090909,233,1.0,0.3877840909090909,233
2902,45,amr122,splice_natural,1.0,0.27869475138121547,0.5149253731343284,233,0.78,0.4396551724137931,233
2902,45,amr122,splice_synthetic,1.0,0.27436146585230425,0.4494485294117647,233,1.0,0.4494485294117647,233
2902,45,amr122,splice_natural,2.0,0.28155974669603523,0.5989583333333334,233,0.45,0.4742647058823529,233
2902,45,amr122,splice_synthetic,2.0,0.27724625623960064,0.5021802325581395,233,0.83,0.49032738095238093,233
2902,45,amr122,splice_natural,3.0,0.29110669226549646,0.62421875,233,0.72,0.5052816901408451,233
2902,45,amr122,splice_synthetic,3.0,0.2915982484948002,0.6592261904761905,233,0.68,0.5064655172413793,233
2902,45,amr122,splice_natural,5.0,0.30578175895765475,0.61875,233,0.788,0.516725352112676,233
2902,45,amr122,splice_synthetic,5.0,0.3046364379084967,0.675,233,0.708,0.543859649122807,233
2902,45,amr122,pause_inject_natural,3.0,0.3058000525486075,1.0,249,0.0,0.3275862068965517,233
2902,45,amr122,pause_inject_synthetic,3.0,0.31448567708333336,1.0,248,0.0,0.3275862068965517,233
2902,45,amr475,full_natural,60.0,0.6095220273738238,1.0,283,1.0,0.5494791666666666,233
2902,45,amr475,full_synthetic,60.0,0.6298096395301742,1.0,290,1.0,0.5388513513513513,233
2902,45,amr475,splice_natural,0.5,0.3794813902572523,0.40406976744186046,233,0.0,0.40406976744186046,233
2902,45,amr475,splice_synthetic,0.5,0.3689963908939478,0.4055232558139535,233,0.92,0.4055232558139535,233
2902,45,amr475,splice_natural,1.0,0.37247229916897506,0.4641768292682927,233,0.68,0.43669871794871795,233
2902,45,amr475,splice_synthetic,1.0,0.3753114617940199,0.47230113636363635,233,0.82,0.44051204819277107,233
2902,45,amr475,splice_natural,2.0,0.37423822714681443,0.5274621212121212,233,0.62,0.4969758064516129,233
2902,45,amr475,splice_synthetic,2.0,0.37544939159292035,0.5308641975308642,233,0.74,0.4864864864864865,233
2902,45,amr475,splice_natural,3.0,0.38378155872667397,0.6376404494382022,233,0.76,0.5257352941176471,233
2902,45,amr475,splice_synthetic,3.0,0.38399725274725277,0.6201298701298701,233,0.7533333333333333,0.5014880952380952,233
2902,45,amr475,splice_natural,5.0,0.4014279913373037,0.6475903614457831,233,0.688,0.5131578947368421,233
2902,45,amr475,splice_synthetic,5.0,0.39684794372294374,0.7121478873239436,235,0.66,0.5141509433962265,233
2902,45,amr475,pause_inject_natural,3.0,0.4102048755186722,1.0,249,0.0,0.407703488372093,233
2902,45,amr475,pause_inject_synthetic,3.0,0.4122926386728875,1.0,248,0.0,0.41271551724137934,233
2902,45,amr122_g711u,full_natural,60.0,0.6065064794816415,1.0,279,1.0,0.5275735294117647,233
2902,45,amr122_g711u,full_synthetic,60.0,0.6352107704719645,1.0,290,1.0,0.5324074074074074,233
2902,45,amr122_g711u,splice_natural,0.5,0.27562431394072445,0.6234756097560976,235,0.0,0.3275862068965517,233
2902,45,amr122_g711u,splice_synthetic,0.5,0.273441790225151,0.6234375,239,0.0,0.3098958333333333,233
2902,45,amr122_g711u,splice_natural,1.0,0.2735587583148559,0.4244791666666667,233,0.52,0.3861111111111111,233
2902,45,amr122_g711u,splice_synthetic,1.0,0.27214047751249304,0.43526785714285715,233,0.62,0.43526785714285715,233
2902,45,amr122_g711u,splice_natural,2.0,0.28816819654427644,0.8896484375,241,0.28,0.3898809523809524,233
2902,45,amr122_g711u,splice_synthetic,2.0,0.279446448390677,0.5152777777777777,233,0.89,0.5098314606741573,233
2902,45,amr122_g711u,splice_natural,3.0,0.2873421197144426,0.618140243902439,233,0.7133333333333334,0.5148026315789473,233
2902,45,amr122_g711u,splice_synthetic,3.0,0.28560564159292035,0.5455882352941176,233,0.8333333333333334,0.5048076923076923,233
2902,45,amr122_g711u,splice_natural,5.0,0.3020435967302452,0.6659226190476191,233,0.728,0.5092213114754098,233
2902,45,amr122_g711u,splice_synthetic,5.0,0.3260475944128298,1.0,247,0.376,0.505,233
2902,45,amr122_g711u,pause_inject_natural,3.0,0.30930753027909424,1.0,247,0.0,0.3275862068965517,233
2902,45,amr122_g711u,pause_inject_synthetic,3.0,0.3195663397005679,1.0,249,0.0,0.3254310344827586,233
2902,46,g711u,full_natural,60.0,0.5926922273297116,1.0,285,1.0,0.5298076923076923,247
2902,46,g711u,full_synthetic,60.0,0.6098818582298758,1.0,290,1.0,0.5265625,247
2902,46,g711u,splice_natural,0.5,0.061918304033092036,0.17454268292682926,247,0.84,0.17454268292682926,247
2902,46,g711u,splice_synthetic,0.5,0.0703528955532575,0.23355263157894737,247,0.92,0.23355263157894737,247
2902,46,g711u,splice_natural,1.0,0.0720164609053498,0.5226063829787234,249,0.62,0.3921875,247
2902,46,g711u,splice_synthetic,1.0,0.07596649484536082,0.5198863636363636,249,0.68,0.3736979166666667,247
2902,46,g711u,splice_natural,2.0,0.1013252862120458,1.0,259,0.0,0.11160714285714286,247
2902,46,g711u,splice_synthetic,2.0,0.08811579481970544,0.7077702702702703,249,0.41,0.43452380952380953,247
2902,46,g711u,splice_natural,3.0,0.09624292331446217,0.5727941176470588,247,0.88,0.522203947368421,247
2902,46,g711u,splice_synthetic,3.0,0.09631147540983606,0.5477150537634409,247,0.78,0.475,247
2902,46,g711u,splice_natural,5.0,0.10793701799485861,0.5965909090909091,247,0.736,0.5245535714285714,247
2902,46,g711u,splice_synthetic,5.0,0.11404344512195122,0.8011363636363636,253,0.684,0.5333333333333333,247
2902,46,g711u,pause_inject_natural,3.0,0.10669160942100098,1.0,262,0.0,0.10648148148148148,247
2902,46,g711u,pause_inject_synthetic,3.0,0.12210703953712633,1.0,264,0.0,0.1027542372881356,247
2902,46,g711a,full_natural,60.0,0.5926409185803758,1.0,286,1.0,0.5461309523809523,247
2902,46,g711a,full_synthetic,60.0,0.6103899358460305,1.0,290,1.0,0.5505952380952381,247
2902,46,g711a,splice_natural,0.5,0.06447130299896588,0.1840277777777778,247,0.8,0.1840277777777778,247
2902,46,g711a,splice_synthetic,0.5,0.0692090395480226,0.25,247,0.44,0.128125,247
2902,46,g711a,splice_natural,1.0,0.07245346432264736,0.3410714285714286,247,0.94,0.3410714285714286,247
2902,46,g711a,splice_synthetic,1.0,0.07564776808619805,0.5968137254901961,249,0.66,0.41220238095238093,247
2902,46,g711a,splice_natural,2.0,0.07867987647967062,0.5876865671641791,247,0.69,0.5317796610169492,247
2902,46,g711a,splice_synthetic,2.0,0.08458886618998979,0.705078125,249,0.55,0.52875,247
2902,46,g711a,splice_natural,3.0,0.10230429292929293,1.0,253,0.5,0.5101744186046512,247
2902,46,g711a,splice_synthetic,3.0,0.11120329400196657,1.0,259,0.16666666666666666,0.27761627906976744,247
2902,46,g711a,splice_natural,5.0,0.1185881157948197,0.6923611111111111,247,0.764,0.5055803571428571,247
2902,46,g711a,splice_synthetic,5.0,0.12031966377992868,0.6685267857142857,249,0.812,0.5065104166666666,247
2902,46,g711a,pause_inject_natural,3.0,0.10487444608567208,1.0,263,0.0,0.11574074074074074,247
2902,46,g711a,pause_inject_synthetic,3.0,0.11851672321861367,1.0,264,0.0,0.13117283950617284,247
2902,46,opus16,full_natural,60.0,0.595707175445873,1.0,285,1.0,0.5379098360655737,247
2902,46,opus16,full_synthetic,60.0,0.6106864508393285,1.0,290,1.0,0.5486111111111112,247
2902,46,opus16,splice_natural,0.5,0.1794208893485005,0.2826923076923077,247,1.0,0.2826923076923077,247
2902,46,opus16,splice_synthetic,0.5,0.17609229576008273,0.3087686567164179,247,0.92,0.3087686567164179,247
2902,46,opus16,splice_natural,1.0,0.17631851085832473,0.35240963855421686,247,1.0,0.35240963855421686,247
2902,46,opus16,splice_synthetic,1.0,0.1779764979338843,0.42827868852459017,247,0.84,0.4088983050847458,247
2902,46,opus16,splice_natural,2.0,0.19880653266331658,0.8189102564102564,253,0.36,0.4568452380952381,247
2902,46,opus16,splice_synthetic,2.0,0.18724146845915202,0.55,247,0.97,0.55,247
2902,46,opus16,splice_natural,3.0,0.19796986721144025,0.625,247,0.62,0.5110294117647058,247
2902,46,opus16,splice_synthetic,3.0,0.2283954326923077,1.0,267,0.0,0.21398305084745764,247
2902,46,opus16,splice_natural,5.0,0.21225152905198777,0.6587837837837838,247,0.704,0.5222457627118644,247
2902,46,opus16,splice_synthetic,5.0,0.20461844809866392,0.560515873015873,247,0.704,0.5138888888888888,247
2902,46,opus16,pause_inject_natural,3.0,0.21174595389897008,1.0,261,0.0,0.20170454545454544,247
2902,46,opus16,pause_inject_synthetic,3.0,0.2215002417794971,1.0,264,0.0,0.221875,247
2902,46,amr122,full_natural,60.0,0.5956447259136213,1.0,285,1.0,0.5484375,247
2902,46,amr122,full_synthetic,60.0,0.6098560575769693,1.0,290,1.0,0.5298295454545454,247
2902,46,amr122,splice_natural,0.5,0.26984229576008273,0.3379237288135593,247,0.92,0.3379237288135593,247
2902,46,amr122,splice_synthetic,0.5,0.26838805584281283,0.3697033898305085,247,1.0,0.3697033898305085,247
2902,46,amr122,splice_natural,1.0,0.2704886246122027,0.3965909090909091,247,0.84,0.3965909090909091,247
2902,46,amr122,splice_synthetic,1.0,0.27291235780765255,0.42567567567567566,247,1.0,0.42567567567567566,247
2902,46,amr122,splice_natural,2.0,0.28412006157003594,0.5941901408450704,247,0.6,0.48549107142857145,247
2902,46,amr122,splice_synthetic,2.0,0.27673037190082644,0.5183423913043478,247,0.91,0.5076388888888889,247
2902,46,amr122,splice_natural,3.0,0.2896357106208312,0.6294014084507042,247,0.6933333333333334,0.5301339285714286,247
2902,46,amr122,splice_synthetic,3.0,0.2876847604485219,0.7083333333333334,249,0.6533333333333333,0.49609375,247
2902,46,amr122,splice_natural,5.0,0.3018523185483871,0.8107142857142857,252,0.648,0.5045731707317073,247
2902,46,amr122,splice_synthetic,5.0,0.29705882352941176,0.6716101694915254,249,0.724,0.5017857142857143,247
2902,46,amr122,pause_inject_natural,3.0,0.31201573849878933,1.0,264,0.0,0.3203125,247
2902,46,amr122,pause_inject_synthetic,3.0,0.31140776699029127,1.0,263,0.0,0.30113636363636365,247
2902,46,amr475,full_natural,60.0,0.5996246400658165,1.0,284,1.0,0.5370370370370371,247
2902,46,amr475,full_synthetic,60.0,0.6078633079084705,1.0,290,1.0,0.5347222222222222,247
2902,46,amr475,splice_natural,0.5,0.3696031540847983,0.4237012987012987,247,0.96,0.4237012987012987,247
2902,46,amr475,splice_synthetic,0.5,0.37796859039836567,0.69140625,252,0.0,0.4237012987012987,247
2902,46,amr475,splice_natural,1.0,0.3736427094105481,0.44471153846153844,247,0.96,0.44471153846153844,247
2902,46,amr475,splice_synthetic,1.0,0.37422440537745605,0.4479166666666667,247,0.96,0.4479166666666667,247
2902,46,amr475,splice_natural,2.0,0.38185545873910814,0.6962209302325582,249,0.73,0.49835526315789475,247
2902,46,amr475,splice_synthetic,2.0,0.38083632632119035,0.61,247,0.69,0.5125,247
2902,46,amr475,splice_natural,3.0,0.38753172588832485,0.793859649122807,253,0.7,0.4913194444444444,247
2902,46,amr475,splice_synthetic,3.0,0.3859030271934325,0.6019021739130435,247,0.7933333333333333,0.5421875,247
2902,46,amr475,splice_natural,5.0,0.39808417085427134,0.6797752808988764,247,0.612,0.5191532258064516,247
2902,46,amr475,splice_synthetic,5.0,0.39586485123550175,0.7571022727272727,250,0.632,0.5158898305084746,247
2902,46,amr475,pause_inject_natural,3.0,0.4115566037735849,1.0,264,0.0,0.42288961038961037,247
2902,46,amr475,pause_inject_synthetic,3.0,0.4096852300242131,1.0,263,0.0,0.42045454545454547,247
2902,46,amr122_g711u,full_natural,60.0,0.5936720049916805,1.0,285,1.0,0.524364406779661,247
2902,46,amr122_g711u,full_synthetic,60.0,0.6070428171268507,1.0,290,1.0,0.5411931818181818,247
2902,46,amr122_g711u,splice_natural,0.5,0.27643115007735947,0.4247881355932203,247,0.64,0.3715277777777778,247
2902,46,amr122_g711u,splice_synthetic,0.5,0.2765161207778915,0.540625,249,0.0,0.32407407407407407,247
2902,46,amr122_g711u,splice_natural,1.0,0.2748393316195373,0.447463768115942,247,0.52,0.3550347222222222,247
2902,46,amr122_g711u,splice_synthetic,1.0,0.27567480719794346,0.4678308823529412,247,0.44,0.3651315789473684,247
2902,46,amr122_g711u,splice_natural,2.0,0.2826406649616368,0.676906779661017,249,0.58,0.49353448275862066,247
2902,46,amr122_g711u,splice_synthetic,2.0,0.2956299800796813,1.0,255,0.21,0.36684782608695654,247
2902,46,amr122_g711u,splice_natural,3.0,0.2950433231396534,0.6731927710843374,247,0.6733333333333333,0.5208333333333334,247
2902,46,amr122_g711u,splice_synthetic,3.0,0.2851602564102564,0.6084770114942529,247,0.8066666666666666,0.5202464788732394,247
2902,46,amr122_g711u,splice_natural,5.0,0.3306163731556402,1.0,270,0.1,0.42877906976744184,247
2902,46,amr122_g711u,splice_synthetic,5.0,0.30376721060683326,0.6490384615384616,247,0.772,0.5135416666666667,247
2902,46,amr122_g711u,pause_inject_natural,3.0,0.3158898305084746,1.0,264,0.0,0.32142857142857145,247
2902,46,amr122_g711u,pause_inject_synthetic,3.0,0.3167999031007752,1.0,264,0.0,0.31493506493506496,247
2902,47,g711u,full_natural,60.0,0.597211684370258,1.0,234,1.0,0.5277777777777778,200
2902,47,g711u,full_synthetic,60.0,0.6724307278742763,1.0,290,1.0,0.55,200
2902,47,g711u,splice_natural,0.5,0.06119379354021533,0.19166666666666668,200,0.32,0.13541666666666666,200
2902,47,g711u,splice_synthetic,0.5,0.06974013775829681,0.3572761194029851,200,0.08,0.10518292682926829,200
2902,47,g711u,splice_natural,1.0,0.07467330429371499,0.7678571428571429,206,0.0,0.09495192307692307,200
2902,47,g711u,splice_synthetic,1.0,0.08341020910209102,1.0,208,0.0,0.08413461538461539,200
2902,47,g711u,splice_natural,2.0,0.08427189086294416,0.5110294117647058,200,0.92,0.5110294117647058,200
2902,47,g711u,splice_synthetic,2.0,0.0911923076923077,0.9027777777777778,207,0.29,0.3201219512195122,200
2902,47,g711u,splice_natural,3.0,0.09529393370856785,0.6479166666666667,200,0.52,0.5056818181818182,200
2902,47,g711u,splice_synthetic,3.0,0.09688293147208121,0.5082831325301205,200,0.8866666666666667,0.5082831325301205,200
2902,47,g711u,splice_natural,5.0,0.12136264080100125,0.6482142857142857,200,0.72,0.5263888888888889,200
2902,47,g711u,splice_synthetic,5.0,0.10573874445149017,0.5269097222222222,200,0.716,0.5202464788732394,200
2902,47,g711u,pause_inject_natural,3.0,0.09511695018226002,1.0,213,0.0,0.08648255813953488,200
2902,47,g711u,pause_inject_synthetic,3.0,0.10668622141997593,1.0,217,0.0,0.10454545454545454,200
2902,47,g711a,full_natural,60.0,0.5990768841679313,1.0,234,1.0,0.5485197368421053,200
2902,47,g711a,full_synthetic,60.0,0.6712732919254658,1.0,290,1.0,0.5395833333333333,200
2902,47,g711a,splice_natural,0.5,0.06079473350253807,0.17151162790697674,200,0.44,0.17151162790697674,200
2902,47,g711a,splice_synthetic,0.5,0.07151780137414117,0.12627551020408162,200,0.0,0.12627551020408162,200
2902,47,g711a,splice_natural,1.0,0.08051108374384236,1.0,206,0.0,0.09183673469387756,200
2902,47,g711a,splice_synthetic,1.0,0.08314114391143912,1.0,207,0.0,0.1119186046511628,200
2902,47,g711a,splice_natural,2.0,0.11192908653846154,1.0,214,0.0,0.10227272727272728,200
2902,47,g711a,splice_synthetic,2.0,0.0783984375,0.65625,200,0.48,0.484375,200
2902,47,g711a,splice_natural,3.0,0.09105329949238579,0.5059931506849316,200,0.7733333333333333,0.5059931506849316,200
2902,47,g711a,splice_synthetic,3.0,0.0950984990619137,0.6730769230769231,200,0.6066666666666667,0.5279017857142857,200
2902,47,g711a,splice_natural,5.0,0.14343712753277713,1.0,211,0.512,0.5414402173913043,200
2902,47,g711a,splice_synthetic,5.0,0.14271330548926014,1.0,212,0.496,0.5025,200
2902,47,g711a,pause_inject_natural,3.0,0.10843058049072411,1.0,216,0.0,0.11005434782608696,200
2902,47,g711a,pause_inject_synthetic,3.0,0.12419165196942974,1.0,216,0.0,0.08890845070422536,200
2902,47,opus16,full_natural,60.0,0.6077457795431976,1.0,234,1.0,0.53125,200
2902,47,opus16,full_synthetic,60.0,0.6734882764294529,1.0,290,1.0,0.5409722222222222,200
2902,47,opus16,splice_natural,0.5,0.1713991116751269,0.30520833333333336,200,1.0,0.30520833333333336,200
2902,47,opus16,splice_synthetic,0.5,0.18014245460237946,0.48173076923076924,200,0.04,0.234375,200
2902,47,opus16,splice_natural,1.0,0.18060776942355888,0.498046875,200,0.26,0.26988636363636365,200
2902,47,opus16,splice_synthetic,1.0,0.17175602791878172,0.3637152777777778,200,0.78,0.3637152777777778,200
2902,47,opus16,splice_natural,2.0,0.19408700980392157,1.0,208,0.27,0.3871951219512195,200
2902,47,opus16,splice_synthetic,2.0,0.21261961722488038,1.0,213,0.0,0.19444444444444445,200
2902,47,opus16,splice_natural,3.0,0.19712140175219023,0.586376404494382,201,0.7333333333333333,0.4958791208791209,200
2902,47,opus16,splice_synthetic,3.0,0.22286965558194774,1.0,214,0.1,0.2688953488372093,200
2902,47,opus16,splice_natural,5.0,0.2115474703310431,0.6685606060606061,201,0.632,0.53125,200
2902,47,opus16,splice_synthetic,5.0,0.2153040327662256,0.5733024691358025,200,0.844,0.5251288659793815,200
2902,47,opus16,pause_inject_natural,3.0,0.21413076002393777,1.0,216,0.0,0.20375,200
2902,47,opus16,pause_inject_synthetic,3.0,0.2241150442477876,1.0,217,0.0,0.19402985074626866,200
2902,47,amr122,full_natural,60.0,0.6058143845773604,1.0,235,1.0,0.5339673913043478,200
2902,47,amr122,full_synthetic,60.0,0.672029958677686,1.0,290,1.0,0.5521978021978022,200
2902,47,amr122,splice_natural,0.5,0.27479662077596995,0.30120481927710846,200,0.0,0.30120481927710846,200
2902,47,amr122,splice_synthetic,0.5,0.26910377358490567,0.48404255319148937,201,0.08,0.30089285714285713,200
2902,47,amr122,splice_natural,1.0,0.26953868103994927,0.5259146341463414,200,0.76,0.5140625,200
2902,47,amr122,splice_synthetic,1.0,0.27441896984924624,0.6607142857142857,201,0.62,0.4316860465116279,200
2902,47,amr122,splice_natural,2.0,0.28269291587602785,0.5171052631578947,201,0.9,0.4958791208791209,200
2902,47,amr122,splice_synthetic,2.0,0.2892568407960199,0.6860294117647059,200,0.53,0.4964622641509434,200
2902,47,amr122,splice_natural,3.0,0.28819225928256764,0.5653409090909091,201,0.8266666666666667,0.5112179487179487,200
2902,47,amr122,splice_synthetic,3.0,0.3072257383966245,1.0,209,0.38,0.5058139534883721,200
2902,47,amr122,splice_natural,5.0,0.31230875152998777,0.8376736111111112,207,0.616,0.5243055555555556,200
2902,47,amr122,splice_synthetic,5.0,0.31977533172496986,0.8628048780487805,210,0.552,0.5085227272727273,200
2902,47,amr122,pause_inject_natural,3.0,0.30585820895522386,1.0,216,0.0,0.30892857142857144,200
2902,47,amr122,pause_inject_synthetic,3.0,0.3064215393794749,1.0,215,0.0,0.30089285714285713,200
2902,47,amr475,full_natural,60.0,0.6074074074074074,1.0,234,1.0,0.5610795454545454,200
2902,47,amr475,full_synthetic,60.0,0.6725808122668877,1.0,290,1.0,0.5560661764705882,200
2902,47,amr475,splice_natural,0.5,0.3707963197969543,0.4107142857142857,200,1.0,0.4107142857142857,200
2902,47,amr475,splice_synthetic,0.5,0.37293781725888325,0.4139705882352941,200,1.0,0.4139705882352941,200
2902,47,amr475,splice_natural,1.0,0.3722239847715736,0.421474358974359,200,0.62,0.421474358974359,200
2902,47,amr475,splice_synthetic,1.0,0.37681962025316457,0.5072916666666667,200,0.7,0.4720982142857143,200
2902,47,amr475,splice_natural,2.0,0.40383162031438935,1.0,208,0.04,0.43459302325581395,200
2902,47,amr475,splice_synthetic,2.0,0.3895096213531968,0.7126524390243902,200,0.52,0.49867021276595747,200
2902,47,amr475,splice_natural,3.0,0.4005265567765568,1.0,208,0.31333333333333335,0.5097222222222222,200
2902,47,amr475,splice_synthetic,3.0,0.3975694444444444,1.0,206,0.6,0.5034090909090909,200
2902,47,amr475,splice_natural,5.0,0.4299694412107101,1.0,217,0.172,0.5013888888888889,200
2902,47,amr475,splice_synthetic,5.0,0.39134554643082753,0.5371376811594203,201,0.816,0.5234375,200
2902,47,amr475,pause_inject_natural,3.0,0.4126040428061831,1.0,216,0.0,0.4149305555555556,200
2902,47,amr475,pause_inject_synthetic,3.0,0.42371645274212366,1.0,217,0.0,0.4149305555555556,200
2902,47,amr122_g711u,full_natural,60.0,0.6072978670634921,1.0,235,1.0,0.5380434782608695,200
2902,47,amr122_g711u,full_synthetic,60.0,0.6716742644011604,1.0,290,1.0,0.5303819444444444,200
2902,47,amr122_g711u,splice_natural,0.5,0.27521106941838647,0.646875,203,0.0,0.3026785714285714,200
2902,47,amr122_g711u,splice_synthetic,0.5,0.27529668956901937,0.3086734693877551,200,0.0,0.3086734693877551,200
2902,47,amr122_g711u,splice_natural,1.0,0.2728677869372226,0.40316901408450706,200,0.9,0.40316901408450706,200
2902,47,amr122_g711u,splice_synthetic,1.0,0.28400279156327546,0.9453125,204,0.24,0.35,200
2902,47,amr122_g711u,splice_natural,2.0,0.2753013959390863,0.5026041666666666,200,0.8,0.5026041666666666,200
2902,47,amr122_g711u,splice_synthetic,2.0,0.28817088217149905,0.9840425531914894,205,0.25,0.3997093023255814,200
2902,47,amr122_g711u,splice_natural,3.0,0.29575823492852704,0.69140625,203,0.7333333333333333,0.5421511627906976,200
2902,47,amr122_g711u,splice_synthetic,3.0,0.31893218322427125,1.0,211,0.24,0.48546511627906974,200
2902,47,amr122_g711u,splice_natural,5.0,0.31020922419059255,0.7942307692307692,209,0.552,0.5072674418604651,200
2902,47,amr122_g711u,splice_synthetic,5.0,0.3100769230769231,0.6654929577464789,200,0.64,0.49806701030927836,200
2902,47,amr122_g711u,pause_inject_natural,3.0,0.3119807121661721,1.0,217,0.0,0.3044642857142857,200
2902,47,amr122_g711u,pause_inject_synthetic,3.0,0.31830882352941176,1.0,215,0.0,0.3080357142857143,200
3000,48,g711u,full_natural,60.0,0.6227014010507881,1.0,272,1.0,0.5520833333333334,218
3000,48,g711u,full_synthetic,60.0,0.6459102091020911,1.0,285,1.0,0.5361842105263158,218
3000,48,g711u,splice_natural,0.5,0.125,0.4201388888888889,223,0.08,0.16493055555555555,218
3000,48,g711u,splice_synthetic,0.5,0.12398960739030022,0.319683908045977,218,0.52,0.22121710526315788,218
3000,48,g711u,splice_natural,1.0,0.1331926159129937,0.5515873015873016,220,0.44,0.3169642857142857,218
3000,48,g711u,splice_synthetic,1.0,0.1328805926786752,0.4238636363636364,218,0.92,0.4238636363636364,218
3000,48,g711u,splice_natural,2.0,0.1378242074927954,0.5811011904761905,218,0.73,0.4973214285714286,218
3000,48,g711u,splice_synthetic,2.0,0.13388196055684454,0.5434027777777778,218,0.69,0.5235507246376812,218
3000,48,g711u,splice_natural,3.0,0.14506083429895714,0.525390625,218,0.92,0.4993131868131868,218
3000,48,g711u,splice_synthetic,3.0,0.1571601941747573,0.6860955056179775,218,0.7066666666666667,0.5264830508474576,218
3000,48,g711u,splice_natural,5.0,0.16342272202998848,0.5994718309859155,218,0.768,0.509698275862069,218
3000,48,g711u,splice_synthetic,5.0,0.1737179487179487,0.6712962962962963,218,0.74,0.5019230769230769,218
3000,48,g711u,pause_inject_natural,3.0,0.1762933369447454,1.0,233,0.0,0.18198529411764705,218
3000,48,g711u,pause_inject_synthetic,3.0,0.17289181127982647,1.0,231,0.0,0.15871710526315788,218
3000,48,g711a,full_natural,60.0,0.6201373626373626,1.0,273,1.0,0.53515625,218
3000,48,g711a,full_synthetic,60.0,0.6445569490131579,1.0,285,1.0,0.5458333333333333,218
3000,48,g711a,splice_natural,0.5,0.12750429307384087,0.5752551020408163,220,0.0,0.17349137931034483,218
3000,48,g711a,splice_synthetic,0.5,0.11497675769901221,0.24390243902439024,218,0.92,0.24390243902439024,218
3000,48,g711a,splice_natural,1.0,0.1268193493150685,0.49702380952380953,218,0.26,0.2034090909090909,218
3000,48,g711a,splice_synthetic,1.0,0.12403955606146841,0.5751811594202898,223,0.08,0.16056034482758622,218
3000,48,g711a,splice_natural,2.0,0.1506659267480577,1.0,227,0.09,0.16365131578947367,218
3000,48,g711a,splice_synthetic,2.0,0.14036353144835545,0.5852272727272727,219,0.78,0.4897260273972603,218
3000,48,g711a,splice_natural,3.0,0.14335060449050085,0.595679012345679,219,0.7333333333333333,0.5111940298507462,218
3000,48,g711a,splice_synthetic,3.0,0.1457494246260069,0.6200657894736842,218,0.7066666666666667,0.5115384615384615,218
3000,48,g711a,splice_natural,5.0,0.18210907067334448,1.0,226,0.528,0.5107142857142857,218
3000,48,g711a,splice_synthetic,5.0,0.17160056657223796,0.8578125,221,0.736,0.5305232558139535,218
3000,48,g711a,pause_inject_natural,3.0,0.17195105462412114,1.0,232,0.0,0.19073275862068967,218
3000,48,g711a,pause_inject_synthetic,3.0,0.1613984674329502,1.0,231,0.0,0.17708333333333334,218
3000,48,opus16,full_natural,60.0,0.6247831743278404,1.0,272,1.0,0.5279605263157895,218
3000,48,opus16,full_synthetic,60.0,0.6478150406504065,1.0,286,1.0,0.5420673076923077,218
3000,48,opus16,splice_natural,0.5,0.1893971935853379,0.6223958333333334,220,0.0,0.2225877192982456,218
3000,48,opus16,splice_synthetic,0.5,0.18492155723416617,0.3428308823529412,218,1.0,0.3428308823529412,218
3000,48,opus16,splice_natural,1.0,0.18648314933178384,0.4085820895522388,218,0.94,0.4085820895522388,218
3000,48,opus16,splice_synthetic,1.0,0.18840005760368664,0.43243243243243246,218,0.4,0.2932692307692308,218
3000,48,opus16,splice_natural,2.0,0.194090382387022,0.5477150537634409,218,0.91,0.5220170454545454,218
3000,48,opus16,splice_synthetic,2.0,0.19766027475672582,0.6389705882352941,218,0.59,0.4798728813559322,218
3000,48,opus16,splice_natural,3.0,0.20935364464692482,0.7426470588235294,223,0.6266666666666667,0.5033333333333333,218
3000,48,opus16,splice_synthetic,3.0,0.20254896313364054,0.5913461538461539,218,0.84,0.5106907894736842,218
3000,48,opus16,splice_natural,5.0,0.23096446700507614,0.8210227272727273,221,0.66,0.5262096774193549,218
3000,48,opus16,splice_synthetic,5.0,0.23352495793606282,0.8036764705882353,223,0.644,0.5098684210526315,218
3000,48,opus16,pause_inject_natural,3.0,0.23732564377682402,1.0,234,0.0,0.22877358490566038,218
3000,48,opus16,pause_inject_synthetic,3.0,0.23375134843581447,1.0,234,0.0,0.20225694444444445,218
3000,48,amr122,full_natural,60.0,0.6244863754325259,1.0,272,1.0,0.5235849056603774,218
3000,48,amr122,full_synthetic,60.0,0.6471247960848288,1.0,286,1.0,0.5544354838709677,218
3000,48,amr122,splice_natural,0.5,0.295957997698504,0.5972222222222222,220,0.24,0.3294270833333333,218
3000,48,amr122,splice_synthetic,0.5,0.2928488708743486,0.3884943181818182,218,0.36,0.34375,218
3000,48,amr122,splice_natural,1.0,0.29539511911679256,0.4216666666666667,218,0.96,0.4216666666666667,218
3000,48,amr122,splice_synthetic,1.0,0.2955040674026729,0.4258720930232558,218,1.0,0.4258720930232558,218
3000,48,amr122,splice_natural,2.0,0.316382204812535,1.0,225,0.2,0.37209302325581395,218
3000,48,amr122,splice_synthetic,2.0,0.3064573798627002,0.65625,218,0.59,0.4989406779661017,218
3000,48,amr122,splice_natural,3.0,0.31102560414269276,0.598644578313253,218,0.76,0.5,218
3000,48,amr122,splice_synthetic,3.0,0.3076396889400922,0.5694444444444444,218,0.78,0.48817567567567566,218
3000,48,amr122,splice_natural,5.0,0.35300615961435455,1.0,236,0.2,0.49127906976744184,218
3000,48,amr122,splice_synthetic,5.0,0.3386894824707846,0.9627659574468085,223,0.568,0.5377155172413793,218
3000,48,amr122,pause_inject_natural,3.0,0.33742559523809523,1.0,234,0.0,0.32276119402985076,218
3000,48,amr122,pause_inject_synthetic,3.0,0.3401092233009709,1.0,234,0.0,0.32575757575757575,218
3000,48,amr475,full_natural,60.0,0.6268524484536082,1.0,272,1.0,0.5329861111111112,218
3000,48,amr475,full_synthetic,60.0,0.643755152514427,1.0,285,1.0,0.5501760563380281,218
3000,48,amr475,splice_natural,0.5,0.39032539221382917,0.45723684210526316,218,1.0,0.45723684210526316,218
3000,48,amr475,splice_synthetic,0.5,0.39203224869262054,0.44956140350877194,218,1.0,0.44956140350877194,218
3000,48,amr475,splice_natural,1.0,0.39773379231210554,0.6690573770491803,220,0.52,0.46316964285714285,218
3000,48,amr475,splice_synthetic,1.0,0.39679561200923785,0.5056818181818182,218,0.66,0.44956140350877194,218
3000,48,amr475,splice_natural,2.0,0.41376050420168065,0.8404255319148937,223,0.3,0.45285087719298245,218
3000,48,amr475,splice_synthetic,2.0,0.4051123435722412,0.73515625,225,0.45,0.5298295454545454,218
3000,48,amr475,splice_natural,3.0,0.4194252077562327,1.0,228,0.26666666666666666,0.5232558139534884,218
3000,48,amr475,splice_synthetic,3.0,0.41868055555555556,1.0,228,0.16,0.44339622641509435,218
3000,48,amr475,splice_natural,5.0,0.41123859749144814,0.6666666666666666,218,0.76,0.5052083333333334,218
3000,48,amr475,splice_synthetic,5.0,0.41921244394618834,0.7873134328358209,225,0.496,0.5426136363636364,218
3000,48,amr475,pause_inject_natural,3.0,0.4273952095808383,1.0,233,0.0,0.4605263157894737,218
3000,48,amr475,pause_inject_synthetic,3.0,0.43148648648648646,1.0,234,0.0,0.45285087719298245,218
3000,48,amr122_g711u,full_natural,60.0,0.6242940920938315,1.0,272,1.0,0.5299479166666666,218
3000,48,amr122_g711u,full_synthetic,60.0,0.6439090722495895,1.0,285,1.0,0.5534274193548387,218
3000,48,amr122_g711u,splice_natural,0.5,0.303130447414294,0.3875,218,1.0,0.3875,218
3000,48,amr122_g711u,splice_synthetic,0.5,0.3085289066971952,0.34441489361702127,218,0.0,0.34441489361702127,218
3000,48,amr122_g711u,splice_natural,1.0,0.30878534333525676,0.5056089743589743,218,0.66,0.41571969696969696,218
3000,48,amr122_g711u,splice_synthetic,1.0,0.3091782206816869,0.5227272727272727,218,0.76,0.4375,218
3000,48,amr122_g711u,splice_natural,2.0,0.31314878892733566,0.5579427083333334,218,0.83,0.48870481927710846,218
3000,48,amr122_g711u,splice_synthetic,2.0,0.31568220823798626,0.6272058823529412,218,0.62,0.4889112903225806,218
3000,48,amr122_g711u,splice_natural,3.0,0.329606001121705,0.9015625,224,0.44666666666666666,0.5066964285714286,218
3000,48,amr122_g711u,splice_synthetic,3.0,0.3198508318990247,0.6278409090909091,218,0.76,0.5046296296296297,218
3000,48,amr122_g711u,splice_natural,5.0,0.3677317967522263,1.0,239,0.036,0.33675373134328357,218
3000,48,amr122_g711u,splice_synthetic,5.0,0.33226129216695255,0.6444444444444445,219,0.784,0.5168650793650794,218
3000,48,amr122_g711u,pause_inject_natural,3.0,0.34861859838274933,1.0,232,0.0,0.33675373134328357,218
3000,48,amr122_g711u,pause_inject_synthetic,3.0,0.34611486486486487,1.0,234,0.0,0.34421641791044777,218
3000,49,g711u,full_natural,60.0,0.6011965899753492,1.0,288,1.0,0.542572463768116,245
3000,49,g711u,full_synthetic,60.0,0.6038231657048639,1.0,286,1.0,0.5567129629629629,245
3000,49,g711u,splice_natural,0.5,0.11288531870428423,0.20467032967032966,245,0.88,0.20467032967032966,245
3000,49,g711u,splice_synthetic,0.5,0.11229754440961337,0.2694672131147541,245,1.0,0.2694672131147541,245
3000,49,g711u,splice_natural,1.0,0.11582419017763845,0.40851449275362317,245,1.0,0.40851449275362317,245
3000,49,g711u,splice_synthetic,1.0,0.11860134436401241,0.3918918918918919,245,0.12,0.17165492957746478,245
3000,49,g711u,splice_natural,2.0,0.12590909090909091,0.5910714285714286,245,0.72,0.5148305084745762,245
3000,49,g711u,splice_synthetic,2.0,0.12132926195426195,0.5817307692307693,245,0.55,0.5056818181818182,245
3000,49,g711u,splice_natural,3.0,0.1451417262512768,0.7191091954022989,245,0.5866666666666667,0.47192028985507245,245
3000,49,g711u,splice_synthetic,3.0,0.1458758937691522,0.7648809523809523,245,0.6466666666666666,0.5221354166666666,245
3000,49,g711u,splice_natural,5.0,0.1758756783423779,1.0,256,0.424,0.52,245
3000,49,g711u,splice_synthetic,5.0,0.15092016588906168,0.5955357142857143,245,0.792,0.4973958333333333,245
3000,49,g711u,pause_inject_natural,3.0,0.164306640625,1.0,261,0.0,0.17253521126760563,245
3000,49,g711u,pause_inject_synthetic,3.0,0.16204156479217605,1.0,260,0.0,0.17077464788732394,245
3000,49,g711a,full_natural,60.0,0.6004932182490752,1.0,290,1.0,0.5343137254901961,245
3000,49,g711a,full_synthetic,60.0,0.6025402726146221,1.0,286,1.0,0.559375,245
3000,49,g711a,splice_natural,0.5,0.10762800417972831,0.2997159090909091,245,0.88,0.2997159090909091,245
3000,49,g711a,splice_synthetic,0.5,0.10896682340647858,0.23863636363636365,245,1.0,0.23863636363636365,245
3000,49,g711a,splice_natural,1.0,0.11989400206825232,0.46914556962025317,245,0.4,0.2891949152542373,245
3000,49,g711a,splice_synthetic,1.0,0.12011568123393317,0.5512820512820513,245,0.24,0.2553191489361702,245
3000,49,g711a,splice_natural,2.0,0.12790247678018576,0.6129261363636364,245,0.64,0.4677734375,245
3000,49,g711a,splice_synthetic,2.0,0.12604058272632673,0.5406976744186046,245,0.85,0.4935897435897436,245
3000,49,g711a,splice_natural,3.0,0.13811528497409326,0.5842105263157895,245,0.8466666666666667,0.5,245
3000,49,g711a,splice_synthetic,3.0,0.13067292644757433,0.5146604938271605,245,0.84,0.513235294117647,245
3000,49,g711a,splice_natural,5.0,0.16495073269327942,0.7680555555555556,245,0.596,0.5147058823529411,245
3000,49,g711a,splice_synthetic,5.0,0.16531234128999492,0.65546875,245,0.692,0.4992469879518072,245
3000,49,g711a,pause_inject_natural,3.0,0.159375,1.0,261,0.0,0.16138059701492538,245
3000,49,g711a,pause_inject_synthetic,3.0,0.16675817471937532,1.0,262,0.0,0.16461267605633803,245
3000,49,opus16,full_natural,60.0,0.6061888254486134,1.0,290,1.0,0.5420081967213115,245
3000,49,opus16,full_synthetic,60.0,0.6046624948707428,1.0,287,1.0,0.5354166666666667,245
3000,49,opus16,splice_natural,0.5,0.18746778350515464,0.6453804347826086,247,0.0,0.21915584415584416,245
3000,49,opus16,splice_synthetic,0.5,0.17956504702194356,0.30520833333333336,245,1.0,0.30520833333333336,245
3000,49,opus16,splice_natural,1.0,0.1846264367816092,0.359775641025641,245,0.88,0.359775641025641,245
3000,49,opus16,splice_synthetic,1.0,0.19257451181911614,0.8375,248,0.32,0.2609375,245
3000,49,opus16,splice_natural,2.0,0.19325828157349897,0.5933823529411765,245,0.67,0.4841417910447761,245
3000,49,opus16,splice_synthetic,2.0,0.21686784469885514,1.0,255,0.0,0.22887323943661972,245
3000,49,opus16,splice_natural,3.0,0.2041387744593203,0.6700949367088608,245,0.66,0.5137362637362637,245
3000,49,opus16,splice_synthetic,3.0,0.20672829994863892,0.6833333333333333,245,0.6866666666666666,0.5302083333333333,245
3000,49,opus16,splice_natural,5.0,0.21469218830832903,0.615953947368421,245,0.788,0.5052966101694916,245
3000,49,opus16,splice_synthetic,5.0,0.21831530139103555,0.6111918604651163,245,0.752,0.5027985074626866,245
3000,49,opus16,pause_inject_natural,3.0,0.2303466796875,1.0,261,0.0,0.22564935064935066,245
3000,49,opus16,pause_inject_synthetic,3.0,0.227935791015625,1.0,261,0.0,0.22646103896103897,245
3000,49,amr122,full_natural,60.0,0.6096353108492483,1.0,290,1.0,0.53875,245
3000,49,amr122,full_synthetic,60.0,0.6078176062091504,1.0,286,1.0,0.5410714285714285,245
3000,49,amr122,splice_natural,0.5,0.3038659793814433,0.6991279069767442,248,0.0,0.33948863636363635,245
3000,49,amr122,splice_synthetic,0.5,0.2949647335423197,0.42073170731707316,245,0.88,0.42073170731707316,245
3000,49,amr122,splice_natural,1.0,0.30094647519582246,0.4817708333333333,245,0.96,0.47074468085106386,245
3000,49,amr122,splice_synthetic,1.0,0.29745430809399476,0.41304347826086957,245,0.88,0.4065934065934066,245
3000,49,amr122,splice_natural,2.0,0.30473643006263046,0.5285493827160493,245,0.97,0.5166139240506329,245
3000,49,amr122,splice_synthetic,2.0,0.309033177812338,0.5985294117647059,245,0.82,0.5125,245
3000,49,amr122,splice_natural,3.0,0.3137926577042399,0.6018258426966292,245,0.7666666666666667,0.5078125,245
3000,49,amr122,splice_synthetic,3.0,0.3087565104166667,0.5237771739130435,245,0.9066666666666666,0.5111842105263158,245
3000,49,amr122,splice_natural,5.0,0.32620782208588955,0.7241379310344828,245,0.736,0.5234375,245
3000,49,amr122,splice_synthetic,5.0,0.33031631097560976,0.654796511627907,245,0.696,0.5096153846153846,245
3000,49,amr122,pause_inject_natural,3.0,0.3404164637116415,1.0,261,0.0,0.34232954545454547,245
3000,49,amr122,pause_inject_synthetic,3.0,0.3382946210268949,1.0,262,0.0,0.34375,245
3000,49,amr475,full_natural,60.0,0.6105281832927818,1.0,290,1.0,0.53125,245
3000,49,amr475,full_synthetic,60.0,0.604269801980198,1.0,285,1.0,0.5389344262295082,245
3000,49,amr475,splice_natural,0.5,0.39021682340647856,0.4290254237288136,245,1.0,0.4290254237288136,245
3000,49,amr475,splice_synthetic,0.5,0.3901188610240334,0.4679878048780488,245,1.0,0.4679878048780488,245
3000,49,amr475,splice_natural,1.0,0.40066964285714285,1.0,251,0.0,0.4269067796610169,245
3000,49,amr475,splice_synthetic,1.0,0.3916601966873706,0.6919642857142857,247,0.6,0.44664634146341464,245
3000,49,amr475,splice_natural,2.0,0.400263903192585,0.6743827160493827,245,0.62,0.5023584905660378,245
3000,49,amr475,splice_synthetic,2.0,0.4189424031777557,1.0,260,0.0,0.44221698113207547,245
3000,49,amr475,splice_natural,3.0,0.40256973140495866,0.6306179775280899,245,0.78,0.5093283582089553,245
3000,49,amr475,splice_synthetic,3.0,0.3996905621454358,0.6350308641975309,247,0.74,0.4982142857142857,245
3000,49,amr475,splice_natural,5.0,0.41187118902439024,0.7270569620253164,245,0.584,0.5170454545454546,245
3000,49,amr475,splice_synthetic,5.0,0.41027863379558294,0.6168478260869565,245,0.78,0.52578125,245
3000,49,amr475,pause_inject_natural,3.0,0.42808679706601466,1.0,261,0.0,0.4269067796610169,245
3000,49,amr475,pause_inject_synthetic,3.0,0.4266357421875,1.0,262,0.0,0.4269067796610169,245
3000,49,amr122_g711u,full_natural,60.0,0.6081143031784841,1.0,290,1.0,0.5480769230769231,245
3000,49,amr122_g711u,full_synthetic,60.0,0.6051904176904177,1.0,286,1.0,0.5410714285714285,245
3000,49,amr122_g711u,splice_natural,0.5,0.3004272397721388,0.43882978723404253,245,0.2,0.34330985915492956,245
3000,49,amr122_g711u,splice_synthetic,0.5,0.30064655172413796,0.3842905405405405,245,1.0,0.3842905405405405,245
3000,49,amr122_g711u,splice_natural,1.0,0.3112589103869654,1.0,252,0.0,0.3397887323943662,245
3000,49,amr122_g711u,splice_synthetic,1.0,0.31122708757637474,1.0,250,0.0,0.34066901408450706,245
3000,49,amr122_g711u,splice_natural,2.0,0.31550819252432155,0.714185393258427,245,0.5,0.49125,245
3000,49,amr122_g711u,splice_synthetic,2.0,0.3128540164778579,0.6638719512195121,245,0.63,0.507172131147541,245
3000,49,amr122_g711u,splice_natural,3.0,0.31563793995859213,0.5391483516483516,245,0.7533333333333333,0.47578125,245
3000,49,amr122_g711u,splice_synthetic,3.0,0.32191342213114754,0.726123595505618,245,0.68,0.5401785714285714,245
3000,49,amr122_g711u,splice_natural,5.0,0.32582862281603286,0.7010135135135135,245,0.74,0.5254120879120879,245
3000,49,amr122_g711u,splice_synthetic,5.0,0.3350773718924404,0.7514204545454546,247,0.672,0.5316558441558441,245
3000,49,amr122_g711u,pause_inject_natural,3.0,0.340057373046875,1.0,261,0.0,0.34066901408450706,245
3000,49,amr122_g711u,pause_inject_synthetic,3.0,0.3397788367546432,1.0,260,0.0,0.34066901408450706,245
3000,50,g711u,full_natural,60.0,0.622984761484099,1.0,277,1.0,0.5373475609756098,208
3000,50,g711u,full_synthetic,60.0,0.6426896623593163,1.0,277,1.0,0.5332661290322581,208
3000,50,g711u,splice_natural,0.5,0.11473607038123167,0.24289772727272727,208,0.44,0.1875,208
3000,50,g711u,splice_synthetic,0.5,0.11771630370806356,0.26029411764705884,208,0.96,0.26029411764705884,208
3000,50,g711u,splice_natural,1.0,0.13892857142857143,1.0,215,0.0,0.158203125,208
3000,50,g711u,splice_synthetic,1.0,0.12968205574912892,0.5475746268656716,208,0.5,0.3125,208
3000,50,g711u,splice_natural,2.0,0.15144366197183098,1.0,217,0.09,0.18877551020408162,208
3000,50,g711u,splice_synthetic,2.0,0.1579754601226994,1.0,223,0.0,0.19087837837837837,208
3000,50,g711u,splice_natural,3.0,0.14059747504403994,0.5303819444444444,208,0.7866666666666666,0.5027573529411765,208
3000,50,g711u,splice_synthetic,3.0,0.17703168044077136,1.0,221,0.16666666666666666,0.3845108695652174,208
3000,50,g711u,splice_natural,5.0,0.17808948863636365,0.7242647058823529,208,0.648,0.52265625,208
3000,50,g711u,splice_synthetic,5.0,0.169229118993135,0.8826219512195121,211,0.668,0.5083333333333333,208
3000,50,g711u,pause_inject_natural,3.0,0.1586350974930362,1.0,218,0.0,0.15299479166666666,208
3000,50,g711u,pause_inject_synthetic,3.0,0.1784351145038168,1.0,222,0.0,0.16883116883116883,208
3000,50,g711a,full_natural,60.0,0.6257963532513181,1.0,279,1.0,0.5377155172413793,208
3000,50,g711a,full_synthetic,60.0,0.6403242677824268,1.0,277,1.0,0.53125,208
3000,50,g711a,splice_natural,0.5,0.11370659211300765,0.25082236842105265,208,1.0,0.25082236842105265,208
3000,50,g711a,splice_synthetic,0.5,0.12471014492753624,0.6141304347826086,211,0.0,0.16397058823529412,208
3000,50,g711a,splice_natural,1.0,0.12150735294117647,0.3602941176470588,208,0.74,0.35074626865671643,208
3000,50,g711a,splice_synthetic,1.0,0.12488964096527369,0.38125,208,1.0,0.38125,208
3000,50,g711a,splice_natural,2.0,0.13786549707602339,0.5698924731182796,208,0.82,0.5121951219512195,208
3000,50,g711a,splice_synthetic,2.0,0.13715783343040186,0.6097560975609756,208,0.65,0.5,208
3000,50,g711a,splice_natural,3.0,0.13691520467836257,0.6130952380952381,208,0.6266666666666667,0.5413306451612904,208
3000,50,g711a,splice_synthetic,3.0,0.17471358428805236,1.0,223,0.0,0.1816860465116279,208
3000,50,g711a,splice_natural,5.0,0.1625072971395213,0.5741279069767442,208,0.812,0.5147058823529411,208
3000,50,g711a,splice_synthetic,5.0,0.19436924742826206,1.0,225,0.232,0.5065104166666666,208
3000,50,g711a,pause_inject_natural,3.0,0.15905626385809313,1.0,219,0.0,0.1569767441860465,208
3000,50,g711a,pause_inject_synthetic,3.0,0.17232976386600768,1.0,220,0.0,0.17567567567567569,208
3000,50,opus16,full_natural,60.0,0.635719632164243,1.0,284,1.0,0.5443181818181818,208
3000,50,opus16,full_synthetic,60.0,0.6410885917258671,1.0,279,1.0,0.5326492537313433,208
3000,50,opus16,splice_natural,0.5,0.18938515081206497,0.6526162790697675,211,0.0,0.22410714285714287,208
3000,50,opus16,splice_synthetic,0.5,0.1839685108887581,0.296474358974359,208,1.0,0.296474358974359,208
3000,50,opus16,splice_natural,1.0,0.19283402001177163,0.45408163265306123,208,1.0,0.45408163265306123,208
3000,50,opus16,splice_synthetic,1.0,0.20265911697247707,1.0,215,0.0,0.20808823529411766,208
3000,50,opus16,splice_natural,2.0,0.22234762979683972,1.0,217,0.17,0.3190104166666667,208
3000,50,opus16,splice_synthetic,2.0,0.19923484402589758,0.5021067415730337,208,0.93,0.5021067415730337,208
3000,50,opus16,splice_natural,3.0,0.217001997716895,1.0,214,0.4666666666666667,0.49356617647058826,208
3000,50,opus16,splice_synthetic,3.0,0.22405527354765933,1.0,217,0.44666666666666666,0.4788135593220339,208
3000,50,opus16,splice_natural,5.0,0.23424971363115693,0.735252808988764,208,0.692,0.5168269230769231,208
3000,50,opus16,splice_synthetic,5.0,0.23770138089758344,0.6261160714285714,208,0.788,0.540296052631579,208
3000,50,opus16,pause_inject_natural,3.0,0.23651153212520593,1.0,222,0.0,0.22674418604651161,208
3000,50,opus16,pause_inject_synthetic,3.0,0.23772565645514224,1.0,223,0.0,0.2078125,208
3000,50,amr122,full_natural,60.0,0.6379897785349233,1.0,282,1.0,0.5411585365853658,208
3000,50,amr122,full_synthetic,60.0,0.6420146137787056,1.0,279,1.0,0.5324074074074074,208
3000,50,amr122,splice_natural,0.5,0.29877869334902885,0.3463235294117647,208,1.0,0.3463235294117647,208
3000,50,amr122,splice_synthetic,0.5,0.3042705916473318,0.33515625,208,0.0,0.33515625,208
3000,50,amr122,splice_natural,1.0,0.3157857142857143,1.0,216,0.0,0.346875,208
3000,50,amr122,splice_synthetic,1.0,0.3193649885583524,1.0,215,0.0,0.346875,208
3000,50,amr122,splice_natural,2.0,0.3117324561403509,0.5280172413793104,208,0.76,0.4597039473684211,208
3000,50,amr122,splice_synthetic,2.0,0.3072549882629108,0.509493670886076,208,0.74,0.47635135135135137,208
3000,50,amr122,splice_natural,3.0,0.3355390798226164,1.0,223,0.02666666666666667,0.34453125,208
3000,50,amr122,splice_synthetic,3.0,0.3472870879120879,1.0,221,0.03333333333333333,0.3484375,208
3000,50,amr122,splice_natural,5.0,0.3293073341094296,0.667572463768116,209,0.824,0.546875,208
3000,50,amr122,splice_synthetic,5.0,0.33742816091954025,0.6553571428571429,208,0.768,0.5192307692307693,208
3000,50,amr122,pause_inject_natural,3.0,0.3407927504150526,1.0,219,0.0,0.33984375,208
3000,50,amr122,pause_inject_synthetic,3.0,0.35032174151150053,1.0,223,0.0,0.359375,208
3000,50,amr475,full_natural,60.0,0.6424810446503791,1.0,286,1.0,0.5345588235294118,208
3000,50,amr475,full_synthetic,60.0,0.6449170124481328,1.0,278,1.0,0.5550986842105263,208
3000,50,amr475,splice_natural,0.5,0.3922160094173043,0.4494047619047619,208,1.0,0.4494047619047619,208
3000,50,amr475,splice_synthetic,0.5,0.3939449676280165,0.44341216216216217,208,1.0,0.44341216216216217,208
3000,50,amr475,splice_natural,1.0,0.4009660081348053,0.5998376623376623,208,0.52,0.453125,208
3000,50,amr475,splice_synthetic,1.0,0.4013234438627109,0.650390625,208,0.56,0.4914772727272727,208
3000,50,amr475,splice_natural,2.0,0.40186915887850466,0.5751329787234043,208,0.81,0.5069444444444444,208
3000,50,amr475,splice_synthetic,2.0,0.4059049970947124,0.7545731707317073,211,0.72,0.49107142857142855,208
3000,50,amr475,splice_natural,3.0,0.4063042848870874,0.6157670454545454,208,0.66,0.48519736842105265,208
3000,50,amr475,splice_synthetic,3.0,0.4089823393167342,0.625,209,0.7533333333333333,0.49107142857142855,208
3000,50,amr475,splice_natural,5.0,0.41165550378567267,0.60703125,208,0.836,0.5189873417721519,208
3000,50,amr475,splice_synthetic,5.0,0.4116831971995333,0.6273148148148148,208,0.836,0.5426136363636364,208
3000,50,amr475,pause_inject_natural,3.0,0.43138736263736266,1.0,222,0.0,0.42378048780487804,208
3000,50,amr475,pause_inject_synthetic,3.0,0.4353813559322034,1.0,222,0.0,0.42877906976744184,208
3000,50,amr122_g711u,full_natural,60.0,0.6294604238754326,1.0,278,1.0,0.5376602564102564,208
3000,50,amr122_g711u,full_synthetic,60.0,0.6406119465329991,1.0,279,1.0,0.5396634615384616,208
3000,50,amr122_g711u,splice_natural,0.5,0.30389199529134786,0.3639112903225806,208,0.72,0.3639112903225806,208
3000,50,amr122_g711u,splice_synthetic,0.5,0.304664508534432,0.4090909090909091,208,1.0,0.4090909090909091,208
3000,50,amr122_g711u,splice_natural,1.0,0.30804885226603884,0.42338709677419356,208,0.96,0.42338709677419356,208
3000,50,amr122_g711u,splice_synthetic,1.0,0.31066392479435956,0.5048828125,208,0.92,0.4805327868852459,208
3000,50,amr122_g711u,splice_natural,2.0,0.34213451917732074,1.0,222,0.0,0.33963815789473684,208
3000,50,amr122_g711u,splice_synthetic,2.0,0.3201140300230947,0.8673780487804879,211,0.53,0.475,208
3000,50,amr122_g711u,splice_natural,3.0,0.3229524627720504,0.7560975609756098,211,0.11333333333333333,0.3619791666666667,208
3000,50,amr122_g711u,splice_synthetic,3.0,0.321553738317757,0.592296511627907,208,0.7866666666666666,0.5325,208
3000,50,amr122_g711u,splice_natural,5.0,0.3280700468933177,0.5370370370370371,208,0.864,0.49324324324324326,208
3000,50,amr122_g711u,splice_synthetic,5.0,0.3288916471962617,0.5866666666666667,208,0.836,0.5066176470588235,208
3000,50,amr122_g711u,pause_inject_natural,3.0,0.3453911000552792,1.0,221,0.0,0.346875,208
3000,50,amr122_g711u,pause_inject_synthetic,3.0,0.34117769744160176,1.0,222,0.0,0.34868421052631576,208
3536,57,g711u,full_natural,60.0,0.6335004610419548,1.0,285,1.0,0.5495283018867925,222
3536,57,g711u,full_synthetic,60.0,0.6303613053613054,1.0,274,1.0,0.5344827586206896,222
3536,57,g711u,splice_natural,0.5,0.05968074968233799,0.19038461538461537,222,0.8,0.19038461538461537,222
3536,57,g711u,splice_synthetic,0.5,0.06071315120711563,0.240625,222,0.72,0.240625,222
3536,57,g711u,splice_natural,1.0,0.08592307692307692,1.0,230,0.0,0.0953125,222
3536,57,g711u,splice_synthetic,1.0,0.06929002541296062,0.31138392857142855,222,0.64,0.31138392857142855,222
3536,57,g711u,splice_natural,2.0,0.07456140350877193,0.6212121212121212,222,0.44,0.4444444444444444,222
3536,57,g711u,splice_synthetic,2.0,0.08252351097178684,0.6242378048780488,222,0.64,0.4948770491803279,222
3536,57,g711u,splice_natural,3.0,0.09223568281938326,0.5413851351351351,222,0.6266666666666667,0.5009328358208955,222
3536,57,g711u,splice_synthetic,3.0,0.10649875621890548,0.8671875,225,0.6533333333333333,0.5215773809523809,222
3536,57,g711u,splice_natural,5.0,0.11747361887026692,0.6455479452054794,222,0.596,0.5109649122807017,222
3536,57,g711u,splice_synthetic,5.0,0.12239096573208723,0.7291666666666666,224,0.696,0.53125,222
3536,57,g711u,pause_inject_natural,3.0,0.11757278669043375,1.0,239,0.0,0.09722222222222222,222
3536,57,g711u,pause_inject_synthetic,3.0,0.11713649851632048,1.0,239,0.0,0.08050847457627118,222
3536,57,g711a,full_natural,60.0,0.6359482758620689,1.0,285,1.0,0.5413135593220338,222
3536,57,g711a,full_synthetic,60.0,0.6277932960893855,1.0,273,1.0,0.5410447761194029,222
3536,57,g711a,splice_natural,0.5,0.07305347091932458,0.548469387755102,224,0.0,0.09311224489795919,222
3536,57,g711a,splice_synthetic,0.5,0.06349017743979721,0.19543650793650794,222,0.64,0.1408898305084746,222
3536,57,g711a,splice_natural,1.0,0.07086489898989899,0.43080357142857145,222,0.52,0.3070652173913043,222
3536,57,g711a,splice_synthetic,1.0,0.07023847125710676,0.4375,223,0.38,0.228125,222
3536,57,g711a,splice_natural,2.0,0.08229691435768262,0.5751582278481012,222,0.65,0.48365384615384616,222
3536,57,g711a,splice_synthetic,2.0,0.0875778816199377,0.836436170212766,226,0.44,0.5203125,222
3536,57,g711a,splice_natural,3.0,0.09195983810709839,0.6949013157894737,222,0.5266666666666666,0.49592391304347827,222
3536,57,g711a,splice_synthetic,3.0,0.09802018633540373,0.6910919540229885,222,0.5866666666666667,0.5023148148148148,222
3536,57,g711a,splice_natural,5.0,0.13448096371207616,1.0,235,0.284,0.5238095238095238,222
3536,57,g711a,splice_synthetic,5.0,0.14457478005865101,1.0,242,0.248,0.510593220338983,222
3536,57,g711a,pause_inject_natural,3.0,0.12115612063867534,1.0,240,0.0,0.08967391304347826,222
3536,57,g711a,pause_inject_synthetic,3.0,0.1230791962174941,1.0,240,0.0,0.09216101694915255,222
3536,57,opus16,full_natural,60.0,0.6355874316939891,1.0,286,1.0,0.5267857142857143,222
3536,57,opus16,full_synthetic,60.0,0.6329682429299953,1.0,274,1.0,0.53125,222
3536,57,opus16,splice_natural,0.5,0.14878494282083862,0.24899193548387097,222,0.84,0.24899193548387097,222
3536,57,opus16,splice_synthetic,0.5,0.14576715374841168,0.25,222,0.64,0.25,222
3536,57,opus16,splice_natural,1.0,0.16328655151141272,1.0,232,0.0,0.19385593220338984,222
3536,57,opus16,splice_synthetic,1.0,0.14797619047619048,0.34375,222,0.6,0.33181818181818185,222
3536,57,opus16,splice_natural,2.0,0.17071296865396435,1.0,230,0.21,0.3055555555555556,222
3536,57,opus16,splice_synthetic,2.0,0.1604782882315922,0.5456081081081081,222,0.61,0.4487704918032787,222
3536,57,opus16,splice_natural,3.0,0.19059701492537312,1.0,236,0.04666666666666667,0.1825657894736842,222
3536,57,opus16,splice_synthetic,3.0,0.17052954116907607,0.6267123287671232,222,0.5466666666666666,0.5133928571428571,222
3536,57,opus16,splice_natural,5.0,0.18903494962216624,0.5734797297297297,222,0.696,0.5121527777777778,222
3536,57,opus16,splice_synthetic,5.0,0.1871859296482412,0.6412671232876712,222,0.648,0.5484913793103449,222
3536,57,opus16,pause_inject_natural,3.0,0.19896079009433962,1.0,240,0.0,0.16727941176470587,222
3536,57,opus16,pause_inject_synthetic,3.0,0.20252792475014697,1.0,240,0.0,0.17403846153846153,222
3536,57,amr122,full_natural,60.0,0.6362855178735105,1.0,286,1.0,0.5223880597014925,222
3536,57,amr122,full_synthetic,60.0,0.6319798424467099,1.0,274,1.0,0.5327868852459017,222
3536,57,amr122,splice_natural,0.5,0.22121188055908514,0.309375,222,0.8,0.309375,222
3536,57,amr122,splice_synthetic,0.5,0.21976062143310082,0.3178191489361702,222,0.56,0.2796610169491525,222
3536,57,amr122,splice_natural,1.0,0.22583333333333333,0.39549180327868855,222,0.74,0.3854166666666667,222
3536,57,amr122,splice_synthetic,1.0,0.24258148831488316,1.0,229,0.0,0.2796610169491525,222
3536,57,amr122,splice_natural,2.0,0.2360062893081761,0.5836038961038961,222,0.61,0.47438524590163933,222
3536,57,amr122,splice_synthetic,2.0,0.2350740390674228,0.5857371794871795,222,0.65,0.5028846153846154,222
3536,57,amr122,splice_natural,3.0,0.24369551681195517,0.8522727272727273,226,0.47333333333333333,0.5115740740740741,222
3536,57,amr122,splice_synthetic,3.0,0.2422416509136736,0.579225352112676,222,0.6533333333333333,0.4982638888888889,222
3536,57,amr122,splice_natural,5.0,0.2585049937578027,0.5762987012987013,222,0.636,0.5008116883116883,222
3536,57,amr122,splice_synthetic,5.0,0.28227124183006536,1.0,236,0.284,0.5444444444444444,222
3536,57,amr122,pause_inject_natural,3.0,0.269896449704142,1.0,240,0.0,0.2849576271186441,222
3536,57,amr122,pause_inject_synthetic,3.0,0.26344889420203227,1.0,238,0.0,0.288135593220339,222
3536,57,amr475,full_natural,60.0,0.6399278954484002,1.0,287,1.0,0.5411931818181818,222
3536,57,amr475,full_synthetic,60.0,0.6235795454545454,1.0,271,1.0,0.5470890410958904,222
3536,57,amr475,splice_natural,0.5,0.3096068484464172,0.3967013888888889,222,0.52,0.3864795918367347,222
3536,57,amr475,splice_synthetic,0.5,0.31675515302935664,0.3771186440677966,222,0.0,0.3771186440677966,222
3536,57,amr475,splice_natural,1.0,0.31380290587492105,0.4607142857142857,222,0.46,0.38114754098360654,222
3536,57,amr475,splice_synthetic,1.0,0.32597282273008027,1.0,228,0.0,0.3762755102040816,222
3536,57,amr475,splice_natural,2.0,0.32461059190031155,0.6882530120481928,222,0.53,0.5208333333333334,222
3536,57,amr475,splice_synthetic,2.0,0.3402819662243667,1.0,232,0.0,0.36862244897959184,222
3536,57,amr475,splice_natural,3.0,0.36427320490367776,1.0,244,0.0,0.3734375,222
3536,57,amr475,splice_synthetic,3.0,0.32969141604010027,0.6865942028985508,222,0.66,0.5436320754716981,222
3536,57,amr475,splice_natural,5.0,0.3394912881144991,0.6390845070422535,222,0.592,0.5165094339622641,222
3536,57,amr475,splice_synthetic,5.0,0.3365656407035176,0.5954391891891891,222,0.608,0.5107421875,222
3536,57,amr475,pause_inject_natural,3.0,0.3549750146972369,1.0,240,0.0,0.371875,222
3536,57,amr475,pause_inject_synthetic,3.0,0.3594208211143695,1.0,239,0.0,0.36862244897959184,222
3536,57,amr122_g711u,full_natural,60.0,0.6402771467514766,1.0,286,1.0,0.55,222
3536,57,amr122_g711u,full_synthetic,60.0,0.6287004662004662,1.0,274,1.0,0.5286885245901639,222
3536,57,amr122_g711u,splice_natural,0.5,0.2317854909318324,0.6466836734693877,224,0.0,0.30994897959183676,222
3536,57,amr122_g711u,splice_synthetic,0.5,0.2337890625,0.7609375,225,0.0,0.29846938775510207,222
3536,57,amr122_g711u,splice_natural,1.0,0.24241955445544555,1.0,228,0.0,0.3137755102040816,222
3536,57,amr122_g711u,splice_synthetic,1.0,0.24695966748768472,1.0,232,0.0,0.3022959183673469,222
3536,57,amr122_g711u,splice_natural,2.0,0.23550380228136883,0.5277777777777778,222,0.68,0.5,222
3536,57,amr122_g711u,splice_synthetic,2.0,0.2661579892280072,1.0,238,0.0,0.29846938775510207,222
3536,57,amr122_g711u,splice_natural,3.0,0.2560118675827608,0.6328125,222,0.7,0.5085616438356164,222
3536,57,amr122_g711u,splice_synthetic,3.0,0.25730971534653463,0.8721590909090909,228,0.5,0.5119047619047619,222
3536,57,amr122_g711u,splice_natural,5.0,0.2611969413233458,0.6302083333333334,222,0.596,0.5244140625,222
3536,57,amr122_g711u,splice_synthetic,5.0,0.2667701863354037,0.6657986111111112,222,0.632,0.5121753246753247,222
3536,57,amr122_g711u,pause_inject_natural,3.0,0.26852678571428573,1.0,239,0.0,0.29846938775510207,222
3536,57,amr122_g711u,pause_inject_synthetic,3.0,0.2726395486935867,1.0,239,0.0,0.31760204081632654,222
3536,58,g711u,full_natural,60.0,0.6144647548161121,1.0,272,1.0,0.5446428571428571,227
3536,58,g711u,full_synthetic,60.0,0.6392103646046702,1.0,283,1.0,0.5383522727272727,227
3536,58,g711u,splice_natural,0.5,0.0626782658300057,0.321875,228,0.76,0.24609375,227
3536,58,g711u,splice_synthetic,0.5,0.06200255827174531,0.26674107142857145,227,0.32,0.14453125,227
3536,58,g711u,splice_natural,1.0,0.06492441528807757,0.3671875,228,0.52,0.2669270833333333,227
3536,58,g711u,splice_synthetic,1.0,0.06694397042093288,0.31484375,227,0.7,0.24914383561643835,227
3536,58,g711u,splice_natural,2.0,0.08146748431260696,0.4939516129032258,227,0.94,0.4939516129032258,227
3536,58,g711u,splice_synthetic,2.0,0.10978084415584416,1.0,239,0.0,0.12896825396825398,227
3536,58,g711u,splice_natural,3.0,0.09602625635234331,0.6331521739130435,228,0.6933333333333334,0.5,227
3536,58,g711u,splice_synthetic,3.0,0.1201145552560647,1.0,240,0.16,0.2791666666666667,227
3536,58,g711u,splice_natural,5.0,0.1497995344024832,1.0,255,0.04,0.1744186046511628,227
3536,58,g711u,splice_synthetic,5.0,0.11531938948558508,0.6352611940298507,227,0.784,0.5335051546391752,227
3536,58,g711u,pause_inject_natural,3.0,0.1280471648118707,1.0,245,0.0,0.11328125,227
3536,58,g711u,pause_inject_synthetic,3.0,0.12509952229299362,1.0,245,0.0,0.09758771929824561,227
3536,58,g711a,full_natural,60.0,0.6139320069960648,1.0,274,1.0,0.5427631578947368,227
3536,58,g711a,full_synthetic,60.0,0.6387837561374795,1.0,283,1.0,0.5517578125,227
3536,58,g711a,splice_natural,0.5,0.06779119318181819,0.3248106060606061,227,0.6,0.21820175438596492,227
3536,58,g711a,splice_synthetic,0.5,0.0694248162803844,0.14783653846153846,227,0.0,0.14783653846153846,227
3536,58,g711a,splice_natural,1.0,0.07502855511136493,0.3717105263157895,227,1.0,0.3717105263157895,227
3536,58,g711a,splice_synthetic,1.0,0.06881061038220194,0.42401960784313725,227,0.72,0.4005102040816326,227
3536,58,g711a,splice_natural,2.0,0.0839031339031339,0.5100308641975309,227,0.93,0.48457792207792205,227
3536,58,g711a,splice_synthetic,2.0,0.0875,0.6434426229508197,228,0.62,0.5372340425531915,227
3536,58,g711a,splice_natural,3.0,0.10258114157806379,0.7456395348837209,229,0.7,0.5213068181818182,227
3536,58,g711a,splice_synthetic,3.0,0.10194275442477876,0.8236607142857143,234,0.44,0.4049479166666667,227
3536,58,g711a,splice_natural,5.0,0.11750700280112045,0.6858974358974359,227,0.668,0.51625,227
3536,58,g711a,splice_synthetic,5.0,0.1132373595505618,0.6579861111111112,227,0.676,0.5060483870967742,227
3536,58,g711a,pause_inject_natural,3.0,0.12084883103081828,1.0,244,0.0,0.11778846153846154,227
3536,58,g711a,pause_inject_synthetic,3.0,0.12416799787007454,1.0,244,0.0,0.13210227272727273,227
3536,58,opus16,full_natural,60.0,0.6157800261096605,1.0,274,1.0,0.5419407894736842,227
3536,58,opus16,full_synthetic,60.0,0.6404652351738241,1.0,283,1.0,0.541015625,227
3536,58,opus16,splice_natural,0.5,0.15138888888888888,0.25922131147540983,227,0.48,0.2341101694915254,227
3536,58,opus16,splice_synthetic,0.5,0.16089143990929705,0.4557926829268293,230,0.48,0.2604166666666667,227
3536,58,opus16,splice_natural,1.0,0.1576195219123506,0.3938679245283019,227,0.6,0.34438775510204084,227
3536,58,opus16,splice_synthetic,1.0,0.17626871880199668,1.0,236,0.0,0.20081967213114754,227
3536,58,opus16,splice_natural,2.0,0.16428978893325727,0.5076013513513513,227,0.79,0.5076013513513513,227
3536,58,opus16,splice_synthetic,2.0,0.17145270270270271,0.6838768115942029,227,0.53,0.5171568627450981,227
3536,58,opus16,splice_natural,3.0,0.18451879910213242,0.6664244186046512,227,0.6733333333333333,0.513771186440678,227
3536,58,opus16,splice_synthetic,3.0,0.2094014270613108,1.0,246,0.0,0.20285087719298245,227
3536,58,opus16,splice_natural,5.0,0.23463167351129363,1.0,255,0.0,0.18206521739130435,227
3536,58,opus16,splice_synthetic,5.0,0.22919937205651492,1.0,247,0.18,0.49709302325581395,227
3536,58,opus16,pause_inject_natural,3.0,0.20414004259850904,1.0,244,0.0,0.19318181818181818,227
3536,58,opus16,pause_inject_synthetic,3.0,0.20911803713527852,1.0,245,0.0,0.20454545454545456,227
3536,58,amr122,full_natural,60.0,0.6172147212543554,1.0,274,1.0,0.5373134328358209,227
3536,58,amr122,full_synthetic,60.0,0.6392857142857142,1.0,283,1.0,0.5317796610169492,227
3536,58,amr122,splice_natural,0.5,0.2323873359954364,0.3391544117647059,227,0.96,0.3391544117647059,227
3536,58,amr122,splice_synthetic,0.5,0.23959505061867267,0.3158482142857143,227,0.0,0.30113636363636365,227
3536,58,amr122,splice_natural,1.0,0.24295724801812005,0.501008064516129,227,0.54,0.3700980392156863,227
3536,58,amr122,splice_synthetic,1.0,0.2397129524886878,0.6075581395348837,229,0.38,0.3390957446808511,227
3536,58,amr122,splice_natural,2.0,0.24929577464788732,0.61875,227,0.68,0.4954044117647059,227
3536,58,amr122,splice_synthetic,2.0,0.24325385494003426,0.5,227,0.98,0.5,227
3536,58,amr122,splice_natural,3.0,0.2526618398637138,0.5278716216216216,227,0.7333333333333333,0.4935064935064935,227
3536,58,amr122,splice_synthetic,3.0,0.263712789415656,1.0,235,0.38666666666666666,0.47844827586206895,227
3536,58,amr122,splice_natural,5.0,0.3036681279009799,1.0,255,0.0,0.2940340909090909,227
3536,58,amr122,splice_synthetic,5.0,0.2891711229946524,1.0,243,0.284,0.5333333333333333,227
3536,58,amr122,pause_inject_natural,3.0,0.28345959595959597,1.0,243,0.0,0.29976851851851855,227
3536,58,amr122,pause_inject_synthetic,3.0,0.2818157614483493,1.0,243,0.0,0.3025568181818182,227
3536,58,amr475,full_natural,60.0,0.613509825327511,1.0,273,1.0,0.5338114754098361,227
3536,58,amr475,full_synthetic,60.0,0.636890118901189,1.0,282,1.0,0.5368303571428571,227
3536,58,amr475,splice_natural,0.5,0.3211341671404207,0.43125,229,0.56,0.38920454545454547,227
3536,58,amr475,splice_synthetic,0.5,0.3294431946006749,0.39545454545454545,227,0.0,0.39545454545454545,227
3536,58,amr475,splice_natural,1.0,0.32283352337514254,0.4650735294117647,227,0.84,0.457089552238806,227
3536,58,amr475,splice_synthetic,1.0,0.32544209925841416,0.4914772727272727,227,1.0,0.4914772727272727,227
3536,58,amr475,splice_natural,2.0,0.3568144943212547,1.0,242,0.0,0.3806818181818182,227
3536,58,amr475,splice_synthetic,2.0,0.3342990390050876,0.6071428571428571,227,0.61,0.5020833333333333,227
3536,58,amr475,splice_natural,3.0,0.3303672716959728,0.5762867647058824,227,0.82,0.4933712121212121,227
3536,58,amr475,splice_synthetic,3.0,0.33414147176269254,0.5360824742268041,227,0.94,0.5360824742268041,227
3536,58,amr475,splice_natural,5.0,0.38505859375,1.0,247,0.172,0.5085227272727273,227
3536,58,amr475,splice_synthetic,5.0,0.34833940582959644,0.6675347222222222,227,0.808,0.5167410714285714,227
3536,58,amr475,pause_inject_natural,3.0,0.3646886641830761,1.0,243,0.0,0.38920454545454547,227
3536,58,amr475,pause_inject_synthetic,3.0,0.3674322889006904,1.0,244,0.0,0.40625,227
3536,58,amr122_g711u,full_natural,60.0,0.6151875272568688,1.0,274,1.0,0.537828947368421,227
3536,58,amr122_g711u,full_synthetic,60.0,0.639167348608838,1.0,284,1.0,0.5283203125,227
3536,58,amr122_g711u,splice_natural,0.5,0.2373787792355961,0.35261194029850745,227,1.0,0.35261194029850745,227
3536,58,amr122_g711u,splice_synthetic,0.5,0.23682528409090908,0.4193181818181818,227,0.4,0.30570652173913043,227
3536,58,amr122_g711u,splice_natural,1.0,0.24400198750709823,0.4725,227,0.6,0.40951492537313433,227
3536,58,amr122_g711u,splice_synthetic,1.0,0.2516657412548584,1.0,234,0.0,0.29129464285714285,227
3536,58,amr122_g711u,splice_natural,2.0,0.2465059897318882,0.46578947368421053,227,0.95,0.46578947368421053,227
3536,58,amr122_g711u,splice_synthetic,2.0,0.24642351274787536,0.569672131147541,227,0.55,0.47433035714285715,227
3536,58,amr122_g711u,splice_natural,3.0,0.25982042648709314,0.7201492537313433,234,0.68,0.5225290697674418,227
3536,58,amr122_g711u,splice_synthetic,3.0,0.2561763054463784,0.6702302631578947,227,0.54,0.48046875,227
3536,58,amr122_g711u,splice_natural,5.0,0.26592582106455265,0.6032986111111112,227,0.696,0.5459558823529411,227
3536,58,amr122_g711u,splice_synthetic,5.0,0.2749230984340045,0.6957236842105263,227,0.644,0.525,227
3536,58,amr122_g711u,pause_inject_natural,3.0,0.2823987746403836,1.0,245,0.0,0.2940340909090909,227
3536,58,amr122_g711u,pause_inject_synthetic,3.0,0.2866322204557499,1.0,245,0.0,0.29976851851851855,227
3536,59,g711u,full_natural,60.0,0.5687772925764192,1.0,252,1.0,0.5640625,240
3536,59,g711u,full_synthetic,60.0,0.6168259023354564,1.0,284,1.0,0.5269396551724138,240
3536,59,g711u,splice_natural,0.5,0.06827464788732394,0.22587719298245615,240,0.8,0.21205357142857142,240
3536,59,g711u,splice_synthetic,0.5,0.07233185102834909,0.64375,243,0.0,0.09745762711864407,240
3536,59,g711u,splice_natural,1.0,0.06827464788732394,0.3700980392156863,240,0.7,0.3575,240
3536,59,g711u,splice_synthetic,1.0,0.08044554455445545,1.0,246,0.0,0.09615384615384616,240
3536,59,g711u,splice_natural,2.0,0.08733397897066962,0.7166095890410958,240,0.4,0.4828125,240
3536,59,g711u,splice_synthetic,2.0,0.11163333333333333,1.0,256,0.0,0.10135135135135136,240
3536,59,g711u,splice_natural,3.0,0.09232321826280623,0.643581081081081,240,0.6066666666666667,0.49278846153846156,240
3536,59,g711u,splice_synthetic,3.0,0.09882596685082873,0.7839673913043478,244,0.5533333333333333,0.52875,240
3536,59,g711u,splice_natural,5.0,0.11137060791968767,0.6013513513513513,240,0.68,0.5275735294117647,240
3536,59,g711u,splice_synthetic,5.0,0.12846068660022147,0.6774425287356322,240,0.804,0.5173076923076924,240
3536,59,g711u,pause_inject_natural,3.0,0.1111,1.0,252,0.0,0.11346153846153846,240
3536,59,g711u,pause_inject_synthetic,3.0,0.10674986580783682,1.0,252,0.0,0.09926470588235294,240
3536,59,g711a,full_natural,60.0,0.5677462396894711,1.0,252,1.0,0.546875,240
3536,59,g711a,full_synthetic,60.0,0.6226450042337003,1.0,283,1.0,0.5503048780487805,240
3536,59,g711a,splice_natural,0.5,0.06905128923766816,0.2517361111111111,240,0.28,0.14464285714285716,240
3536,59,g711a,splice_synthetic,0.5,0.06994546979865772,0.4329268292682927,243,0.28,0.12211538461538461,240
3536,59,g711a,splice_natural,1.0,0.08946683114035088,1.0,251,0.0,0.10833333333333334,240
3536,59,g711a,splice_synthetic,1.0,0.07084977452085682,0.4213709677419355,240,1.0,0.4213709677419355,240
3536,59,g711a,splice_natural,2.0,0.09481926048565122,0.9603658536585366,244,0.46,0.5137195121951219,240
3536,59,g711a,splice_synthetic,2.0,0.083779516749039,1.0,246,0.0,0.12403846153846154,240
3536,59,g711a,splice_natural,3.0,0.09885097493036211,0.6193820224719101,240,0.7066666666666667,0.5018382352941176,240
3536,59,g711a,splice_synthetic,3.0,0.12161362440820621,1.0,255,0.0,0.1375,240
3536,59,g711a,splice_natural,5.0,0.1257321618743344,1.0,256,0.208,0.4742647058823529,240
3536,59,g711a,splice_synthetic,5.0,0.12610680686220255,0.6967329545454546,240,0.804,0.525,240
3536,59,g711a,pause_inject_natural,3.0,0.11945324881141046,1.0,253,0.0,0.1625,240
3536,59,g711a,pause_inject_synthetic,3.0,0.11194178628389155,1.0,253,0.0,0.10625,240
3536,59,opus16,full_natural,60.0,0.5777066697980272,1.0,262,1.0,0.5317622950819673,240
3536,59,opus16,full_synthetic,60.0,0.6170651713922979,1.0,284,1.0,0.5241071428571429,240
3536,59,opus16,splice_natural,0.5,0.1494151634723788,0.24779411764705883,240,1.0,0.24779411764705883,240
3536,59,opus16,splice_synthetic,0.5,0.14747745208568208,0.2620192307692308,240,1.0,0.2620192307692308,240
3536,59,opus16,splice_natural,1.0,0.16074380165289257,1.0,245,0.0,0.18191964285714285,240
3536,59,opus16,splice_synthetic,1.0,0.14983117613956107,0.5340909090909091,240,0.8,0.5,240
3536,59,opus16,splice_natural,2.0,0.1625771172181716,0.5482594936708861,240,0.76,0.4917763157894737,240
3536,59,opus16,splice_synthetic,2.0,0.17510273972602738,1.0,246,0.47,0.4739583333333333,240
3536,59,opus16,splice_natural,3.0,0.17284122562674095,0.64375,240,0.6733333333333333,0.525,240
3536,59,opus16,splice_synthetic,3.0,0.16963788300835655,0.6408450704225352,240,0.6333333333333333,0.49772727272727274,240
3536,59,opus16,splice_natural,5.0,0.19073816155988857,0.6099397590361446,240,0.74,0.5495426829268293,240
3536,59,opus16,splice_synthetic,5.0,0.22333376222336593,1.0,261,0.144,0.45426829268292684,240
3536,59,opus16,pause_inject_natural,3.0,0.16764947888096543,1.0,247,0.0,0.1943359375,240
3536,59,opus16,pause_inject_synthetic,3.0,0.1917372881355932,1.0,253,0.0,0.1742957746478873,240
3536,59,amr122,full_natural,60.0,0.5822460391425909,1.0,261,1.0,0.5416666666666666,240
3536,59,amr122,full_synthetic,60.0,0.6167937314697162,1.0,284,1.0,0.5277777777777778,240
3536,59,amr122,splice_natural,0.5,0.22669014084507041,0.3,240,0.6,0.3,240
3536,59,amr122,splice_synthetic,0.5,0.23065559932470456,0.35520833333333335,240,0.56,0.32127192982456143,240
3536,59,amr122,splice_natural,1.0,0.23082306830907054,0.47076612903225806,240,0.44,0.34375,240
3536,59,amr122,splice_synthetic,1.0,0.23035714285714284,0.46726190476190477,240,0.42,0.3545673076923077,240
3536,59,amr122,splice_natural,2.0,0.23956582633053222,0.6110074626865671,240,0.6,0.5345982142857143,240
3536,59,amr122,splice_synthetic,2.0,0.24242424242424243,0.5588235294117647,240,0.77,0.512987012987013,240
3536,59,amr122,splice_natural,3.0,0.256098401323043,0.9444444444444444,244,0.72,0.5213235294117647,240
3536,59,amr122,splice_synthetic,3.0,0.2656502423263328,1.0,249,0.34,0.4739583333333333,240
3536,59,amr122,splice_natural,5.0,0.2889678778304371,1.0,254,0.444,0.51875,240
3536,59,amr122,splice_synthetic,5.0,0.2666117517847337,0.74140625,240,0.652,0.49,240
3536,59,amr122,pause_inject_natural,3.0,0.2763313221406086,1.0,255,0.0,0.2727272727272727,240
3536,59,amr122,pause_inject_synthetic,3.0,0.2634311361200429,1.0,254,0.0,0.2727272727272727,240
3536,59,amr475,full_natural,60.0,0.5831493959107806,1.0,262,1.0,0.5347222222222222,240
3536,59,amr475,full_synthetic,60.0,0.618563829787234,1.0,283,1.0,0.5357142857142857,240
3536,59,amr475,splice_natural,0.5,0.31967905405405406,0.40948275862068967,240,0.6,0.3903846153846154,240
3536,59,amr475,splice_synthetic,0.5,0.3198985343855693,0.38875,240,0.76,0.38875,240
3536,59,amr475,splice_natural,1.0,0.33638797364085665,1.0,247,0.0,0.38875,240
3536,59,amr475,splice_synthetic,1.0,0.3386986301369863,1.0,247,0.0,0.3875,240
3536,59,amr475,splice_natural,2.0,0.3322551474680022,0.6765873015873016,240,0.4,0.490625,240
3536,59,amr475,splice_synthetic,2.0,0.3289896590273896,0.5647590361445783,240,0.68,0.46875,240
3536,59,amr475,splice_natural,3.0,0.32917837078651685,0.546875,240,0.84,0.5137195121951219,240
3536,59,amr475,splice_synthetic,3.0,0.3351383454443823,0.58359375,240,0.74,0.4982876712328767,240
3536,59,amr475,splice_natural,5.0,0.34850166481687017,0.6995192307692307,240,0.764,0.5345588235294118,240
3536,59,amr475,splice_synthetic,5.0,0.37929586563307494,1.0,263,0.136,0.5182926829268293,240
3536,59,amr475,pause_inject_natural,3.0,0.35600718467269826,1.0,253,0.0,0.3925,240
3536,59,amr475,pause_inject_synthetic,3.0,0.3528645833333333,1.0,254,0.0,0.38055555555555554,240
3536,59,amr122_g711u,full_natural,60.0,0.5822843822843823,1.0,261,1.0,0.5344827586206896,240
3536,59,amr122_g711u,full_synthetic,60.0,0.6175797872340425,1.0,284,1.0,0.5329391891891891,240
3536,59,amr122_g711u,splice_natural,0.5,0.23327464788732394,0.34539473684210525,240,0.72,0.33370535714285715,240
3536,59,amr122_g711u,splice_synthetic,0.5,0.23169014084507042,0.33771929824561403,240,0.8,0.32589285714285715,240
3536,59,amr122_g711u,splice_natural,1.0,0.2499314692982456,1.0,248,0.0,0.2902777777777778,240
3536,59,amr122_g711u,splice_synthetic,1.0,0.23517067711247902,0.4739583333333333,240,0.58,0.3580508474576271,240
3536,59,amr122_g711u,splice_natural,2.0,0.25320687772925765,1.0,246,0.29,0.3958333333333333,240
3536,59,amr122_g711u,splice_synthetic,2.0,0.2653068060021436,1.0,251,0.0,0.28295454545454546,240
3536,59,amr122_g711u,splice_natural,3.0,0.24506025784753363,0.5616776315789473,240,0.7266666666666667,0.5076013513513513,240
3536,59,amr122_g711u,splice_synthetic,3.0,0.26744889725658955,1.0,249,0.2733333333333333,0.47638888888888886,240
3536,59,amr122_g711u,splice_natural,5.0,0.2931079664570231,1.0,254,0.312,0.5258333333333334,240
3536,59,amr122_g711u,splice_synthetic,5.0,0.26770775237032907,0.631578947368421,240,0.8,0.5172413793103449,240
3536,59,amr122_g711u,pause_inject_natural,3.0,0.2858028720626632,1.0,255,0.0,0.29625,240
3536,59,amr122_g711u,pause_inject_synthetic,3.0,0.277620116156283,1.0,255,0.0,0.2825,240
3853,66,g711u,full_natural,60.0,0.5867296222664016,1.0,268,1.0,0.5387931034482759,234
3853,66,g711u,full_synthetic,60.0,0.6213833634719711,1.0,289,1.0,0.541015625,234
3853,66,g711u,splice_natural,0.5,0.0599406528189911,0.07746478873239436,234,0.0,0.07746478873239436,234
3853,66,g711u,splice_synthetic,0.5,0.04750602772754672,0.1762295081967213,234,0.56,0.1762295081967213,234
3853,66,g711u,splice_natural,1.0,0.054324894514767935,0.2850609756097561,234,0.42,0.2850609756097561,234
3853,66,g711u,splice_synthetic,1.0,0.056291390728476824,0.3867924528301887,234,0.76,0.3627450980392157,234
3853,66,g711u,splice_natural,2.0,0.07431629013079667,0.6145833333333334,234,0.57,0.4861111111111111,234
3853,66,g711u,splice_synthetic,2.0,0.0725210970464135,0.5100574712643678,234,0.87,0.5100574712643678,234
3853,66,g711u,splice_natural,3.0,0.10916385135135136,1.0,252,0.0,0.10185185185185185,234
3853,66,g711u,splice_synthetic,3.0,0.0823406789755807,0.6206597222222222,234,0.6133333333333333,0.5125,234
3853,66,g711u,splice_natural,5.0,0.10216058612440192,0.65234375,236,0.676,0.5396341463414634,234
3853,66,g711u,splice_synthetic,5.0,0.14693396226415095,1.0,260,0.0,0.09154929577464789,234
3853,66,g711u,pause_inject_natural,3.0,0.08364661654135339,1.0,245,0.0,0.09110169491525423,234
3853,66,g711u,pause_inject_synthetic,3.0,0.0960443938531588,1.0,248,0.0,0.08617424242424243,234
3853,66,g711a,full_natural,60.0,0.5847615499254843,1.0,268,1.0,0.5487804878048781,234
3853,66,g711a,full_synthetic,60.0,0.622341628959276,1.0,289,1.0,0.5462962962962963,234
3853,66,g711a,splice_natural,0.5,0.0481088004822182,0.14682539682539683,234,0.44,0.14682539682539683,234
3853,66,g711a,splice_synthetic,0.5,0.04871157323688969,0.11755952380952381,234,0.28,0.11755952380952381,234
3853,66,g711a,splice_natural,1.0,0.053684448462929475,0.25396825396825395,234,0.62,0.25396825396825395,234
3853,66,g711a,splice_synthetic,1.0,0.05301204819277108,0.2989583333333333,234,0.64,0.2870762711864407,234
3853,66,g711a,splice_natural,2.0,0.07304852320675105,0.4952445652173913,234,0.96,0.4952445652173913,234
3853,66,g711a,splice_synthetic,2.0,0.058333333333333334,0.5241935483870968,234,0.58,0.49137931034482757,234
3853,66,g711a,splice_natural,3.0,0.07692307692307693,0.5508333333333333,234,0.8,0.51875,234
3853,66,g711a,splice_synthetic,3.0,0.08400779376498801,0.5379464285714286,236,0.8133333333333334,0.5212912087912088,234
3853,66,g711a,splice_natural,5.0,0.09251497005988024,0.5824652777777778,234,0.612,0.5302734375,234
3853,66,g711a,splice_synthetic,5.0,0.10740795724465559,0.6549295774647887,235,0.656,0.545,234
3853,66,g711a,pause_inject_natural,3.0,0.08372844827586207,1.0,246,0.0,0.0654296875,234
3853,66,g711a,pause_inject_synthetic,3.0,0.10370762711864406,1.0,250,0.0,0.09375,234
3853,66,opus16,full_natural,60.0,0.59368961352657,1.0,269,1.0,0.5350609756097561,234
3853,66,opus16,full_synthetic,60.0,0.6264827663384065,1.0,289,1.0,0.5431034482758621,234
3853,66,opus16,splice_natural,0.5,0.1469258589511754,0.2721153846153846,234,0.8,0.2721153846153846,234
3853,66,opus16,splice_synthetic,0.5,0.14923239012642986,0.2921875,236,0.44,0.2546875,234
3853,66,opus16,splice_natural,1.0,0.1554795550210463,0.34983766233766234,234,0.78,0.3142123287671233,234
3853,66,opus16,splice_synthetic,1.0,0.15113227354529093,0.5159883720930233,235,0.52,0.3556547619047619,234
3853,66,opus16,splice_natural,2.0,0.1704009433962264,0.740582191780822,236,0.36,0.4009146341463415,234
3853,66,opus16,splice_synthetic,2.0,0.16248497596153846,0.5489130434782609,235,0.63,0.4973958333333333,234
3853,66,opus16,splice_natural,3.0,0.17952598936798583,0.7527173913043478,236,0.52,0.53,234
3853,66,opus16,splice_synthetic,3.0,0.16445801072066707,0.6334745762711864,236,0.4266666666666667,0.49709302325581395,234
3853,66,opus16,splice_natural,5.0,0.19276393831553973,0.6217105263157895,234,0.684,0.5179924242424242,234
3853,66,opus16,splice_synthetic,5.0,0.2307328285559762,1.0,260,0.008,0.18303571428571427,234
3853,66,opus16,pause_inject_natural,3.0,0.1877511481056257,1.0,246,0.0,0.2113095238095238,234
3853,66,opus16,pause_inject_synthetic,3.0,0.19812853107344633,1.0,251,0.0,0.18098958333333334,234
3853,66,amr122,full_natural,60.0,0.600071907957814,1.0,271,1.0,0.57,234
3853,66,amr122,full_synthetic,60.0,0.6241007194244604,1.0,289,1.0,0.5425,234
3853,66,amr122,splice_natural,0.5,0.22433774834437087,0.2980769230769231,234,0.64,0.2980769230769231,234
3853,66,amr122,splice_synthetic,0.5,0.23141891891891891,0.33575581395348836,235,0.4,0.3,234
3853,66,amr122,splice_natural,1.0,0.23230353929214156,0.5,235,0.66,0.41220238095238093,234
3853,66,amr122,splice_synthetic,1.0,0.22806291390728478,0.45,234,0.7,0.45,234
3853,66,amr122,splice_natural,2.0,0.24074074074074073,0.5503472222222222,234,0.63,0.4794921875,234
3853,66,amr122,splice_synthetic,2.0,0.2469973309608541,0.6397058823529411,236,0.61,0.4895833333333333,234
3853,66,amr122,splice_natural,3.0,0.24619856887298747,0.5878623188405797,234,0.7,0.48973880597014924,234
3853,66,amr122,splice_synthetic,3.0,0.2476232917409388,0.6425,234,0.6666666666666666,0.503968253968254,234
3853,66,amr122,splice_natural,5.0,0.26767825574543314,0.6416666666666667,234,0.632,0.5107758620689655,234
3853,66,amr122,splice_synthetic,5.0,0.2983792431830829,1.0,251,0.276,0.5296610169491526,234
3853,66,amr122,pause_inject_natural,3.0,0.27122241086587434,1.0,250,0.0,0.29464285714285715,234
3853,66,amr122,pause_inject_synthetic,3.0,0.28053221288515406,1.0,250,0.0,0.30319148936170215,234
3853,66,amr475,full_natural,60.0,0.6050987624940505,1.0,271,1.0,0.5348360655737705,234
3853,66,amr475,full_synthetic,60.0,0.6225236380009005,1.0,290,1.0,0.5252403846153846,234
3853,66,amr475,splice_natural,0.5,0.3125,0.7544642857142857,237,0.0,0.40301724137931033,234
3853,66,amr475,splice_synthetic,0.5,0.30253459687123946,0.4084051724137931,234,0.84,0.4084051724137931,234
3853,66,amr475,splice_natural,1.0,0.31216397849462363,0.517578125,234,0.66,0.4386574074074074,234
3853,66,amr475,splice_synthetic,1.0,0.3096505698860228,0.4501689189189189,234,0.72,0.4172077922077922,234
3853,66,amr475,splice_natural,2.0,0.33326124567474047,1.0,242,0.13,0.42887931034482757,234
3853,66,amr475,splice_synthetic,2.0,0.3181142177275431,0.7241847826086957,236,0.59,0.5265625,234
3853,66,amr475,splice_natural,3.0,0.3202054794520548,0.6060855263157895,236,0.8,0.5010416666666667,234
3853,66,amr475,splice_synthetic,3.0,0.31669161676646707,0.5643656716417911,234,0.68,0.5052966101694916,234
3853,66,amr475,splice_natural,5.0,0.3480185497470489,1.0,250,0.0,0.41379310344827586,234
3853,66,amr475,splice_synthetic,5.0,0.3665254237288136,1.0,258,0.1,0.3954741379310345,234
3853,66,amr475,pause_inject_natural,3.0,0.3325803212851406,1.0,247,0.0,0.41271551724137934,234
3853,66,amr475,pause_inject_synthetic,3.0,0.35267857142857145,1.0,250,0.0,0.4084051724137931,234
3853,66,amr122_g711u,full_natural,60.0,0.5993936119116234,1.0,271,1.0,0.55875,234
3853,66,amr122_g711u,full_synthetic,60.0,0.6224040632054176,1.0,289,1.0,0.5475,234
3853,66,amr122_g711u,splice_natural,0.5,0.22663305237808548,0.3,234,0.0,0.3,234
3853,66,amr122_g711u,splice_synthetic,0.5,0.2322126955475331,0.31048387096774194,234,0.64,0.29918032786885246,234
3853,66,amr122_g711u,splice_natural,1.0,0.23621544471153846,0.4344758064516129,234,0.82,0.4071969696969697,234
3853,66,amr122_g711u,splice_synthetic,1.0,0.23665012033694344,0.44583333333333336,234,0.76,0.4364406779661017,234
3853,66,amr122_g711u,splice_natural,2.0,0.24026022864019253,0.5120192307692307,234,0.77,0.5056818181818182,234
3853,66,amr122_g711u,splice_synthetic,2.0,0.2422715053763441,0.5419117647058823,234,0.85,0.4592013888888889,234
3853,66,amr122_g711u,splice_natural,3.0,0.2516711229946524,0.66875,236,0.56,0.5302083333333333,234
3853,66,amr122_g711u,splice_synthetic,3.0,0.25033244680851063,0.6875,236,0.41333333333333333,0.47767857142857145,234
3853,66,amr122_g711u,splice_natural,5.0,0.2949022346368715,1.0,249,0.356,0.5065104166666666,234
3853,66,amr122_g711u,splice_synthetic,5.0,0.2717214328004737,0.6120689655172413,234,0.708,0.5164930555555556,234
3853,66,amr122_g711u,pause_inject_natural,3.0,0.25939306358381503,1.0,245,0.0,0.3,234
3853,66,amr122_g711u,pause_inject_synthetic,3.0,0.2786810247747748,1.0,250,0.0,0.3,234
3853,67,g711u,full_natural,60.0,0.635440053884149,1.0,282,1.0,0.5285714285714286,215
3853,67,g711u,full_synthetic,60.0,0.6596550273453934,1.0,290,1.0,0.5439814814814815,215
3853,67,g711u,splice_natural,0.5,0.04892147734326505,0.20192307692307693,215,0.52,0.17,215
3853,67,g711u,splice_synthetic,0.5,0.048788067122436295,0.17454268292682926,215,1.0,0.17454268292682926,215
3853,67,g711u,splice_natural,1.0,0.0625,0.7416666666666667,218,0.0,0.07684426229508197,215
3853,67,g711u,splice_synthetic,1.0,0.05702299564947172,0.4197916666666667,215,1.0,0.4197916666666667,215
3853,67,g711u,splice_natural,2.0,0.06910129709697344,0.5183823529411765,215,0.78,0.4567901234567901,215
3853,67,g711u,splice_synthetic,2.0,0.09521370023419204,1.0,225,0.0,0.08823529411764706,215
3853,67,g711u,splice_natural,3.0,0.08161855036855037,0.6306089743589743,215,0.6533333333333333,0.5192307692307693,215
3853,67,g711u,splice_synthetic,3.0,0.12053316180674671,1.0,234,0.0,0.0974264705882353,215
3853,67,g711u,splice_natural,5.0,0.10092338217338218,0.6111111111111112,215,0.556,0.5229166666666667,215
3853,67,g711u,splice_synthetic,5.0,0.12139212827988338,1.0,229,0.316,0.4640625,215
3853,67,g711u,pause_inject_natural,3.0,0.102975495915986,1.0,231,0.0,0.12182203389830508,215
3853,67,g711u,pause_inject_synthetic,3.0,0.09961279953243717,1.0,232,0.0,0.08493589743589744,215
3853,67,g711a,full_natural,60.0,0.635178331090175,1.0,281,1.0,0.5486111111111112,215
3853,67,g711a,full_synthetic,60.0,0.657871151412906,1.0,290,1.0,0.5439814814814815,215
3853,67,g711a,splice_natural,0.5,0.054904380012338064,0.3277439024390244,219,0.0,0.09551886792452831,215
3853,67,g711a,splice_synthetic,0.5,0.048516687268232384,0.22869318181818182,216,0.0,0.08304794520547945,215
3853,67,g711a,splice_natural,1.0,0.05390334572490706,0.29375,215,0.56,0.23942307692307693,215
3853,67,g711a,splice_synthetic,1.0,0.052750155376009945,0.3256578947368421,215,0.72,0.3256578947368421,215
3853,67,g711a,splice_natural,2.0,0.06700590428837787,0.4890625,215,0.77,0.4890625,215
3853,67,g711a,splice_synthetic,2.0,0.07078173374613003,0.5411392405063291,215,0.82,0.5034246575342466,215
3853,67,g711a,splice_natural,3.0,0.08804744525547445,0.6259057971014492,220,0.5933333333333334,0.4775,215
3853,67,g711a,splice_synthetic,3.0,0.09709096278795039,1.0,227,0.20666666666666667,0.35138888888888886,215
3853,67,g711a,splice_natural,5.0,0.12054360636417207,1.0,226,0.328,0.517578125,215
3853,67,g711a,splice_synthetic,5.0,0.11672738312082574,0.6072761194029851,217,0.74,0.5127314814814815,215
3853,67,g711a,pause_inject_natural,3.0,0.09916180758017493,1.0,232,0.0,0.08272058823529412,215
3853,67,g711a,pause_inject_synthetic,3.0,0.10652584204413473,1.0,231,0.0,0.09851694915254237,215
3853,67,opus16,full_natural,60.0,0.6421055531070956,1.0,285,1.0,0.534375,215
3853,67,opus16,full_synthetic,60.0,0.660077600671141,1.0,290,1.0,0.5328947368421053,215
3853,67,opus16,splice_natural,0.5,0.16107536764705882,0.4088983050847458,216,0.72,0.23817567567567569,215
3853,67,opus16,splice_synthetic,0.5,0.1645744029393754,0.4317434210526316,216,0.6,0.20861486486486486,215
3853,67,opus16,splice_natural,1.0,0.16568791946308725,0.4258474576271186,216,0.18,0.22135416666666666,215
3853,67,opus16,splice_synthetic,1.0,0.1730565638233515,0.6976744186046512,221,0.26,0.2703125,215
3853,67,opus16,splice_natural,2.0,0.18607185808779314,0.8319444444444445,219,0.66,0.4851190476190476,215
3853,67,opus16,splice_synthetic,2.0,0.17832007343941247,0.5146103896103896,216,0.82,0.5030487804878049,215
3853,67,opus16,splice_natural,3.0,0.1918866226754649,0.8675595238095238,221,0.5,0.49444444444444446,215
3853,67,opus16,splice_synthetic,3.0,0.20301285885167464,0.711436170212766,216,0.7133333333333334,0.5241228070175439,215
3853,67,opus16,splice_natural,5.0,0.19913583990297148,0.5915492957746479,217,0.608,0.5135416666666667,215
3853,67,opus16,splice_synthetic,5.0,0.23970547180346174,1.0,238,0.172,0.48295454545454547,215
3853,67,opus16,pause_inject_natural,3.0,0.2090393452039058,1.0,233,0.0,0.1828125,215
3853,67,opus16,pause_inject_synthetic,3.0,0.2158409480296973,1.0,233,0.0,0.1800595238095238,215
3853,67,amr122,full_natural,60.0,0.6378717265867732,1.0,281,1.0,0.5300925925925926,215
3853,67,amr122,full_synthetic,60.0,0.6575559307724779,1.0,290,1.0,0.5375,215
3853,67,amr122,splice_natural,0.5,0.24118638871857756,0.4777542372881356,216,0.76,0.346875,215
3853,67,amr122,splice_synthetic,0.5,0.24344727161250768,0.4819915254237288,216,1.0,0.3125,215
3853,67,amr122,splice_natural,1.0,0.257185628742515,0.9491279069767442,220,0.18,0.2863372093023256,215
3853,67,amr122,splice_synthetic,1.0,0.25344696969696967,0.4894067796610169,216,0.46,0.3313356164383562,215
3853,67,amr122,splice_natural,2.0,0.2566066066066066,0.9234375,223,0.24,0.3875,215
3853,67,amr122,splice_synthetic,2.0,0.2535398903775883,0.5941558441558441,216,0.71,0.5265151515151515,215
3853,67,amr122,splice_natural,3.0,0.26015054744525545,0.5757042253521126,216,0.5733333333333334,0.4981060606060606,215
3853,67,amr122,splice_synthetic,3.0,0.2790646853146853,1.0,227,0.24,0.4125,215
3853,67,amr122,splice_natural,5.0,0.27695497630331756,1.0,222,0.36,0.4867021276595745,215
3853,67,amr122,splice_synthetic,5.0,0.31549092409240925,1.0,242,0.004,0.29505813953488375,215
3853,67,amr122,pause_inject_natural,3.0,0.2865180619266055,1.0,231,0.0,0.2863372093023256,215
3853,67,amr122,pause_inject_synthetic,3.0,0.29186789772727273,1.0,232,0.0,0.2863372093023256,215
3853,67,amr475,full_natural,60.0,0.6424889135254989,1.0,285,1.0,0.5355902777777778,215
3853,67,amr475,full_synthetic,60.0,0.65479466553768,1.0,290,1.0,0.5340909090909091,215
3853,67,amr475,splice_natural,0.5,0.31709840588595956,0.5222457627118644,216,0.52,0.3851744186046512,215
3853,67,amr475,splice_synthetic,0.5,0.3163848263254113,0.5222457627118644,216,0.52,0.3851744186046512,215
3853,67,amr475,splice_natural,1.0,0.3200107296137339,0.5211864406779662,216,1.0,0.453125,215
3853,67,amr475,splice_synthetic,1.0,0.33473378941106485,1.0,223,0.0,0.39244186046511625,215
3853,67,amr475,splice_natural,2.0,0.3263001824817518,0.56953125,216,0.67,0.48600746268656714,215
3853,67,amr475,splice_synthetic,2.0,0.3529007523148148,1.0,228,0.0,0.39098837209302323,215
3853,67,amr475,splice_natural,3.0,0.3345677146311971,0.6295572916666666,216,0.82,0.5128424657534246,215
3853,67,amr475,splice_synthetic,3.0,0.363480251860332,1.0,228,0.16,0.4387019230769231,215
3853,67,amr475,splice_natural,5.0,0.3659985422740525,1.0,222,0.632,0.5488013698630136,215
3853,67,amr475,splice_synthetic,5.0,0.37023606370875994,1.0,228,0.404,0.5188953488372093,215
3853,67,amr475,pause_inject_natural,3.0,0.3551855581127733,1.0,233,0.0,0.3851744186046512,215
3853,67,amr475,pause_inject_synthetic,3.0,0.36287792355961207,1.0,233,0.0,0.3851744186046512,215
3853,67,amr122_g711u,full_natural,60.0,0.6391918967052538,1.0,281,1.0,0.5303819444444444,215
3853,67,amr122_g711u,full_synthetic,60.0,0.6576927149512918,1.0,289,1.0,0.5372340425531915,215
3853,67,amr122_g711u,splice_natural,0.5,0.2421827099938688,0.4777542372881356,216,0.64,0.32180851063829785,215
3853,67,amr122_g711u,splice_synthetic,0.5,0.25165962582981294,0.4777542372881356,216,0.0,0.29069767441860467,215
3853,67,amr122_g711u,splice_natural,1.0,0.25155397210430563,0.7127976190476191,218,0.58,0.3835227272727273,215
3853,67,amr122_g711u,splice_synthetic,1.0,0.24509503372164315,0.4883474576271186,216,1.0,0.4810606060606061,215
3853,67,amr122_g711u,splice_natural,2.0,0.26231916817359857,0.7288602941176471,216,0.41,0.5390625,215
3853,67,amr122_g711u,splice_synthetic,2.0,0.2544451256897609,0.4895833333333333,216,0.93,0.4895833333333333,215
3853,67,amr122_g711u,splice_natural,3.0,0.300669014084507,1.0,232,0.0,0.29069767441860467,215
3853,67,amr122_g711u,splice_synthetic,3.0,0.29239787111622556,1.0,227,0.24,0.41761363636363635,215
3853,67,amr122_g711u,splice_natural,5.0,0.28581502375296913,0.6683823529411764,216,0.66,0.5110887096774194,215
3853,67,amr122_g711u,splice_synthetic,5.0,0.3177685950413223,1.0,244,0.016,0.29069767441860467,215
3853,67,amr122_g711u,pause_inject_natural,3.0,0.2848786828422877,1.0,231,0.0,0.29069767441860467,215
3853,67,amr122_g711u,pause_inject_synthetic,3.0,0.29227207977207975,1.0,233,0.0,0.3066860465116279,215
3853,68,g711u,full_natural,60.0,0.6210232668566001,1.0,282,1.0,0.553125,228
3853,68,g711u,full_synthetic,60.0,0.6511006974716652,1.0,290,1.0,0.5458333333333333,228
3853,68,g711u,splice_natural,0.5,0.045239596469104665,0.15694444444444444,228,0.04,0.08450704225352113,228
3853,68,g711u,splice_synthetic,0.5,0.04779411764705882,0.19054878048780488,228,1.0,0.19054878048780488,228
3853,68,g711u,splice_natural,1.0,0.06304112554112554,0.08362676056338028,228,0.0,0.08362676056338028,228
3853,68,g711u,splice_synthetic,1.0,0.052781289506953225,0.32889344262295084,228,0.72,0.3177083333333333,228
3853,68,g711u,splice_natural,2.0,0.06261740763932373,0.6458333333333334,229,0.48,0.5087209302325582,228
3853,68,g711u,splice_synthetic,2.0,0.070616373902133,0.5548076923076923,228,0.72,0.5026041666666666,228
3853,68,g711u,splice_natural,3.0,0.0947827417380661,0.7928370786516854,229,0.43333333333333335,0.5138888888888888,228
3853,68,g711u,splice_synthetic,3.0,0.08871722846441947,0.6185344827586207,228,0.8466666666666667,0.5190217391304348,228
3853,68,g711u,splice_natural,5.0,0.12183881779402803,0.7819444444444444,229,0.64,0.5139705882352941,228
3853,68,g711u,splice_synthetic,5.0,0.10697263222632226,0.7366666666666667,229,0.62,0.5178571428571429,228
3853,68,g711u,pause_inject_natural,3.0,0.1075916617386162,1.0,245,0.0,0.109375,228
3853,68,g711u,pause_inject_synthetic,3.0,0.10086743772241993,1.0,244,0.0,0.0765625,228
3853,68,g711a,full_natural,60.0,0.6204804947668887,1.0,281,1.0,0.5382462686567164,228
3853,68,g711a,full_synthetic,60.0,0.656371700562527,1.0,290,1.0,0.5394736842105263,228
3853,68,g711a,splice_natural,0.5,0.043785533796588755,0.1896551724137931,228,0.72,0.16188524590163936,228
3853,68,g711a,splice_synthetic,0.5,0.05024509803921569,0.19462025316455697,228,1.0,0.19462025316455697,228
3853,68,g711a,splice_natural,1.0,0.053526249209361165,0.3359375,228,1.0,0.3359375,228
3853,68,g711a,splice_synthetic,1.0,0.0482311320754717,0.4923780487804878,230,0.48,0.27439024390243905,228
3853,68,g711a,splice_natural,2.0,0.061079545454545456,0.5079113924050633,228,0.75,0.49512987012987014,228
3853,68,g711a,splice_synthetic,2.0,0.06644284821986259,0.5514705882352942,228,0.69,0.4696691176470588,228
3853,68,g711a,splice_natural,3.0,0.07634965473948525,0.6282327586206896,228,0.6733333333333333,0.5447916666666667,228
3853,68,g711a,splice_synthetic,3.0,0.08341209829867675,0.54,228,0.8666666666666667,0.5007911392405063,228
3853,68,g711a,splice_natural,5.0,0.10520573566084788,0.6278409090909091,228,0.704,0.5087890625,228
3853,68,g711a,splice_synthetic,5.0,0.09467478421701603,0.7052238805970149,228,0.492,0.50625,228
3853,68,g711a,pause_inject_natural,3.0,0.0973750743604997,1.0,245,0.0,0.08163265306122448,228
3853,68,g711a,pause_inject_synthetic,3.0,0.09306052474657125,1.0,244,0.0,0.07142857142857142,228
3853,68,opus16,full_natural,60.0,0.6289390756302521,1.0,288,1.0,0.5407608695652174,228
3853,68,opus16,full_synthetic,60.0,0.650458916083916,1.0,290,1.0,0.5384615384615384,228
3853,68,opus16,splice_natural,0.5,0.14990512333965844,0.3293269230769231,228,1.0,0.3293269230769231,228
3853,68,opus16,splice_synthetic,0.5,0.1607809583074051,0.1875,228,0.0,0.1875,228
3853,68,opus16,splice_natural,1.0,0.15432147355163728,0.359375,228,0.7,0.3318014705882353,228
3853,68,opus16,splice_synthetic,1.0,0.15196078431372548,0.3686440677966102,228,0.68,0.3686440677966102,228
3853,68,opus16,splice_natural,2.0,0.1779286150091519,1.0,237,0.09,0.27896341463414637,228
3853,68,opus16,splice_synthetic,2.0,0.17061759201497192,0.6135752688172043,228,0.71,0.49383802816901406,228
3853,68,opus16,splice_natural,3.0,0.1786993769470405,0.6672077922077922,228,0.66,0.5165094339622641,228
3853,68,opus16,splice_synthetic,3.0,0.2119106519208382,1.0,250,0.0,0.18218085106382978,228
3853,68,opus16,splice_natural,5.0,0.19598522941546198,0.5503246753246753,228,0.836,0.5123239436619719,228
3853,68,opus16,splice_synthetic,5.0,0.2015518838789376,0.6403985507246377,228,0.62,0.5224609375,228
3853,68,opus16,pause_inject_natural,3.0,0.20169278533412183,1.0,244,0.0,0.1875,228
3853,68,opus16,pause_inject_synthetic,3.0,0.21004398826979473,1.0,245,0.0,0.20280612244897958,228
3853,68,amr122,full_natural,60.0,0.6281030444964871,1.0,287,1.0,0.5285326086956522,228
3853,68,amr122,full_synthetic,60.0,0.653005017452007,1.0,290,1.0,0.5463709677419355,228
3853,68,amr122,splice_natural,0.5,0.22174873737373738,0.3606418918918919,228,0.6,0.3336267605633803,228
3853,68,amr122,splice_synthetic,0.5,0.22205091714104996,0.35827464788732394,228,1.0,0.35827464788732394,228
3853,68,amr122,splice_natural,1.0,0.2326215710723192,0.7530487804878049,230,0.54,0.4046875,228
3853,68,amr122,splice_synthetic,1.0,0.24,1.0,235,0.0,0.3004032258064516,228
3853,68,amr122,splice_natural,2.0,0.24075512740832816,0.6703125,229,0.52,0.49278846153846156,228
3853,68,amr122,splice_synthetic,2.0,0.22857368753953194,0.4892241379310345,228,0.58,0.4892241379310345,228
3853,68,amr122,splice_natural,3.0,0.24451276463262764,0.6450320512820513,228,0.66,0.47759433962264153,228
3853,68,amr122,splice_synthetic,3.0,0.27205664294187426,1.0,238,0.2733333333333333,0.5223214285714286,228
3853,68,amr122,splice_natural,5.0,0.2686390079608083,0.7764705882352941,229,0.688,0.5175561797752809,228
3853,68,amr122,splice_synthetic,5.0,0.26247675139491633,0.6376811594202898,228,0.648,0.5,228
3853,68,amr122,pause_inject_natural,3.0,0.25687349759615385,1.0,241,0.0,0.3072916666666667,228
3853,68,amr122,pause_inject_synthetic,3.0,0.27188054405677115,1.0,245,0.0,0.3004032258064516,228
3853,68,amr475,full_natural,60.0,0.6286627906976744,1.0,287,1.0,0.5344387755102041,228
3853,68,amr475,full_synthetic,60.0,0.6522084612012276,1.0,290,1.0,0.5495283018867925,228
3853,68,amr475,splice_natural,0.5,0.3007172131147541,0.4092741935483871,228,1.0,0.4092741935483871,228
3853,68,amr475,splice_synthetic,0.5,0.3032115869017632,0.4022727272727273,228,0.76,0.4022727272727273,228
3853,68,amr475,splice_natural,1.0,0.30616740088105726,0.45454545454545453,228,0.82,0.4375,228
3853,68,amr475,splice_synthetic,1.0,0.30756887914840325,0.6234756097560976,230,0.6,0.4557926829268293,228
3853,68,amr475,splice_natural,2.0,0.31514303482587064,0.6002747252747253,228,0.71,0.4876760563380282,228
3853,68,amr475,splice_synthetic,2.0,0.33642344497607657,1.0,237,0.0,0.38461538461538464,228
3853,68,amr475,splice_natural,3.0,0.3204770755885997,0.6349431818181818,229,0.68,0.4903169014084507,228
3853,68,amr475,splice_synthetic,3.0,0.32223676108374383,0.7311643835616438,229,0.5133333333333333,0.5134803921568627,228
3853,68,amr475,splice_natural,5.0,0.3338866584311303,0.6089015151515151,228,0.668,0.5018382352941176,228
3853,68,amr475,splice_synthetic,5.0,0.34887111244019137,1.0,237,0.444,0.48482142857142857,228
3853,68,amr475,pause_inject_natural,3.0,0.33324611244019137,1.0,244,0.0,0.371875,228
3853,68,amr475,pause_inject_synthetic,3.0,0.3477911059098888,1.0,244,0.0,0.371875,228
3853,68,amr122_g711u,full_natural,60.0,0.6265617633191891,1.0,287,1.0,0.54625,228
3853,68,amr122_g711u,full_synthetic,60.0,0.6524683267802533,1.0,290,1.0,0.5456349206349206,228
3853,68,amr122_g711u,splice_natural,0.5,0.23147571606475717,0.3125,228,0.0,0.3125,228
3853,68,amr122_g711u,splice_synthetic,0.5,0.22430643127364439,0.36328125,228,0.44,0.31149193548387094,228
3853,68,amr122_g711u,splice_natural,1.0,0.22586477987421383,0.4664351851851852,228,0.4,0.36177884615384615,228
3853,68,amr122_g711u,splice_synthetic,1.0,0.22956123737373738,0.39015151515151514,228,0.64,0.3611111111111111,228
3853,68,amr122_g711u,splice_natural,2.0,0.23948561601000626,0.6504237288135594,230,0.65,0.5052083333333334,228
3853,68,amr122_g711u,splice_synthetic,2.0,0.23813044831880448,0.6746031746031746,228,0.39,0.4875,228
3853,68,amr122_g711u,splice_natural,3.0,0.2647345530893821,1.0,239,0.25333333333333335,0.446875,228
3853,68,amr122_g711u,splice_synthetic,3.0,0.25538793103448276,0.9190340909090909,233,0.48,0.515625,228
3853,68,amr122_g711u,splice_natural,5.0,0.2736672794117647,0.6994047619047619,229,0.612,0.5049019607843137,228
3853,68,amr122_g711u,splice_synthetic,5.0,0.2654008109794136,0.6203125,228,0.708,0.525390625,228
3853,68,amr122_g711u,pause_inject_natural,3.0,0.2696100237247924,1.0,244,0.0,0.31451612903225806,228
3853,68,amr122_g711u,pause_inject_synthetic,3.0,0.2770369284876905,1.0,245,0.0,0.3175403225806452,228
422,69,g711u,full_natural,60.0,0.5828278114792347,1.0,274,1.0,0.5501760563380281,232
422,69,g711u,full_synthetic,60.0,0.6203821656050955,1.0,283,1.0,0.534375,232
422,69,g711u,splice_natural,0.5,0.08620689655172414,0.1267361111111111,232,0.12,0.1267361111111111,232
422,69,g711u,splice_synthetic,0.5,0.09479225551158847,0.21566901408450703,232,0.76,0.21566901408450703,232
422,69,g711u,splice_natural,1.0,0.10055571187394485,0.3842905405405405,232,0.68,0.3096590909090909,232
422,69,g711u,splice_synthetic,1.0,0.10005652911249294,0.3533950617283951,232,1.0,0.3533950617283951,232
422,69,g711u,splice_natural,2.0,0.1263182801514332,1.0,242,0.0,0.15757042253521128,232
422,69,g711u,splice_synthetic,2.0,0.10379086809470124,0.530448717948718,232,0.75,0.4982876712328767,232
422,69,g711u,splice_natural,3.0,0.11647885364496383,0.7898936170212766,239,0.38,0.49851190476190477,232
422,69,g711u,splice_synthetic,3.0,0.11412429378531073,0.5181451612903226,232,0.7133333333333334,0.5102459016393442,232
422,69,g711u,splice_natural,5.0,0.14011256253474152,0.6508333333333334,232,0.66,0.5191532258064516,232
422,69,g711u,splice_synthetic,5.0,0.14203281423804226,0.6504934210526315,232,0.712,0.5166015625,232
422,69,g711u,pause_inject_natural,3.0,0.13119278406031235,1.0,245,0.0,0.15384615384615385,232
422,69,g711u,pause_inject_synthetic,3.0,0.14152260638297873,1.0,249,0.0,0.1327054794520548,232
422,69,g711a,full_natural,60.0,0.583906906206253,1.0,274,1.0,0.539612676056338,232
422,69,g711a,full_synthetic,60.0,0.6209505541346974,1.0,285,1.0,0.5401234567901234,232
422,69,g711a,splice_natural,0.5,0.10051762730833799,0.40555555555555556,232,1.0,0.2569444444444444,232
422,69,g711a,splice_synthetic,0.5,0.08885287485907553,0.265625,232,0.64,0.20734126984126985,232
422,69,g711a,splice_natural,1.0,0.10394626948775056,0.7278645833333334,234,0.28,0.2225609756097561,232
422,69,g711a,splice_synthetic,1.0,0.1058960967564596,1.0,239,0.0,0.1625,232
422,69,g711a,splice_natural,2.0,0.10543175487465181,0.7538265306122449,239,0.27,0.28720238095238093,232
422,69,g711a,splice_synthetic,2.0,0.09530191873589165,0.5130813953488372,232,0.41,0.4765625,232
422,69,g711a,splice_natural,3.0,0.11408951477969882,0.6322115384615384,232,0.6466666666666666,0.501008064516129,232
422,69,g711a,splice_synthetic,3.0,0.11303340819764178,0.5633680555555556,232,0.68,0.5073529411764706,232
422,69,g711a,splice_natural,5.0,0.12566638608305275,0.575,232,0.66,0.5153508771929824,232
422,69,g711a,splice_synthetic,5.0,0.1438470066518847,0.6293103448275862,232,0.752,0.532608695652174,232
422,69,g711a,pause_inject_natural,3.0,0.12947389666307857,1.0,246,0.0,0.1350806451612903,232
422,69,g711a,pause_inject_synthetic,3.0,0.1305755876068376,1.0,249,0.0,0.125,232
422,69,opus16,full_natural,60.0,0.5884450371057514,1.0,275,1.0,0.53125,232
422,69,opus16,full_synthetic,60.0,0.6231173101400085,1.0,283,1.0,0.5461065573770492,232
422,69,opus16,splice_natural,0.5,0.18008055398530243,0.23065476190476192,232,0.28,0.23065476190476192,232
422,69,opus16,splice_synthetic,0.5,0.17923261729790843,0.21739130434782608,232,0.04,0.21739130434782608,232
422,69,opus16,splice_natural,1.0,0.18967818999437885,0.5203125,234,0.4,0.3246951219512195,232
422,69,opus16,splice_synthetic,1.0,0.1898564997186269,0.5969387755102041,232,0.78,0.5182926829268293,232
422,69,opus16,splice_natural,2.0,0.2189524838012959,1.0,242,0.0,0.21818181818181817,232
422,69,opus16,splice_synthetic,2.0,0.19763513513513514,0.5494791666666666,233,0.74,0.5084459459459459,232
422,69,opus16,splice_natural,3.0,0.21790911587040088,1.0,237,0.5533333333333333,0.5060975609756098,232
422,69,opus16,splice_synthetic,3.0,0.20699605855855857,0.4901685393258427,232,0.9266666666666666,0.4901685393258427,232
422,69,opus16,splice_natural,5.0,0.2524986849026828,1.0,247,0.348,0.5147058823529411,232
422,69,opus16,splice_synthetic,5.0,0.22785952248750693,0.6104651162790697,233,0.716,0.5205357142857143,232
422,69,opus16,pause_inject_natural,3.0,0.21630199891950297,1.0,247,0.0,0.21557971014492755,232
422,69,opus16,pause_inject_synthetic,3.0,0.23297562268150504,1.0,247,0.0,0.2177734375,232
422,69,amr122,full_natural,60.0,0.5857820453493753,1.0,274,1.0,0.551056338028169,232
422,69,amr122,full_synthetic,60.0,0.622673434856176,1.0,283,1.0,0.5396341463414634,232
422,69,amr122,splice_natural,0.5,0.27939513849632563,0.36065573770491804,232,0.36,0.36065573770491804,232
422,69,amr122,splice_synthetic,0.5,0.2832604401805869,0.39552238805970147,232,0.72,0.3671875,232
422,69,amr122,splice_natural,1.0,0.29833471531232725,1.0,237,0.0,0.3412698412698413,232
422,69,amr122,splice_synthetic,1.0,0.2994162087912088,1.0,242,0.0,0.33811475409836067,232
422,69,amr122,splice_natural,2.0,0.28890520134228187,0.6845238095238095,236,0.21,0.3601190476190476,232
422,69,amr122,splice_synthetic,2.0,0.29007042253521126,0.5284810126582279,232,0.73,0.4898897058823529,232
422,69,amr122,splice_natural,3.0,0.30940800444691496,0.5933641975308642,235,0.7266666666666667,0.5358455882352942,232
422,69,amr122,splice_synthetic,3.0,0.3039249860568879,0.6587171052631579,232,0.68,0.5121951219512195,232
422,69,amr122,splice_natural,5.0,0.3142639734366353,0.7572674418604651,240,0.608,0.5327380952380952,232
422,69,amr122,splice_synthetic,5.0,0.3587298590130916,1.0,258,0.0,0.3442622950819672,232
422,69,amr122,pause_inject_natural,3.0,0.3166532690246517,1.0,246,0.0,0.333955223880597,232
422,69,amr122,pause_inject_synthetic,3.0,0.3212240277037826,1.0,248,0.0,0.33811475409836067,232
422,69,amr475,full_natural,60.0,0.5871238425925925,1.0,274,1.0,0.5457589285714286,232
422,69,amr475,full_synthetic,60.0,0.6214111016588686,1.0,283,1.0,0.5290948275862069,232
422,69,amr475,splice_natural,0.5,0.38150675295441755,0.4597039473684211,232,0.16,0.4339622641509434,232
422,69,amr475,splice_synthetic,0.5,0.382301072234763,0.4770408163265306,232,0.76,0.44333333333333336,232
422,69,amr475,splice_natural,1.0,0.3835515202702703,0.45652173913043476,232,1.0,0.45616883116883117,232
422,69,amr475,splice_synthetic,1.0,0.3837020856820744,0.48878205128205127,232,0.66,0.4537671232876712,232
422,69,amr475,splice_natural,2.0,0.38213276836158194,0.48375,232,1.0,0.48375,232
422,69,amr475,splice_synthetic,2.0,0.39845918933925595,0.7555803571428571,239,0.84,0.4934593023255814,232
422,69,amr475,splice_natural,3.0,0.40680592991913744,1.0,247,0.0,0.4375,232
422,69,amr475,splice_synthetic,3.0,0.3996845858475041,1.0,239,0.32666666666666666,0.5067934782608695,232
422,69,amr475,splice_natural,5.0,0.4029751950947603,0.5699013157894737,232,0.768,0.5325342465753424,232
422,69,amr475,splice_synthetic,5.0,0.4020429362880886,0.6875,234,0.696,0.5291666666666667,232
422,69,amr475,pause_inject_natural,3.0,0.4116148068669528,1.0,247,0.0,0.435126582278481,232
422,69,amr475,pause_inject_synthetic,3.0,0.41971840296139606,1.0,248,0.0,0.43670886075949367,232
422,69,amr122_g711u,full_natural,60.0,0.585660046728972,1.0,274,1.0,0.5554577464788732,232
422,69,amr122_g711u,full_synthetic,60.0,0.6179573693230506,1.0,283,1.0,0.5303030303030303,232
422,69,amr122_g711u,splice_natural,0.5,0.28988835500282645,0.3855633802816901,232,0.72,0.3855633802816901,232
422,69,amr122_g711u,splice_synthetic,0.5,0.28824152542372883,0.41087962962962965,232,0.76,0.40824468085106386,232
422,69,amr122_g711u,splice_natural,1.0,0.28682909604519774,0.3467741935483871,233,0.14,0.3467741935483871,232
422,69,amr122_g711u,splice_synthetic,1.0,0.2998733821046708,0.5612244897959183,232,0.78,0.47560975609756095,232
422,69,amr122_g711u,splice_natural,2.0,0.3055008441193022,0.525,232,0.94,0.5086538461538461,232
422,69,amr122_g711u,splice_synthetic,2.0,0.29872821810005623,0.5841666666666666,232,0.65,0.5201923076923077,232
422,69,amr122_g711u,splice_natural,3.0,0.3105934553521908,0.7986111111111112,239,0.44666666666666666,0.5073529411764706,232
422,69,amr122_g711u,splice_synthetic,3.0,0.31253468368479465,0.7225609756097561,232,0.6333333333333333,0.545,232
422,69,amr122_g711u,splice_natural,5.0,0.3253453038674033,0.621875,234,0.716,0.5404411764705882,232
422,69,amr122_g711u,splice_synthetic,5.0,0.31323529411764706,0.6096014492753623,232,0.78,0.5051229508196722,232
422,69,amr122_g711u,pause_inject_natural,3.0,0.31456639566395667,1.0,247,0.0,0.34173387096774194,232
422,69,amr122_g711u,pause_inject_synthetic,3.0,0.3363142033542977,1.0,249,0.0,0.3407258064516129,232
422,70,g711u,full_natural,60.0,0.6446444249341527,1.0,278,1.0,0.5336538461538461,216
422,70,g711u,full_synthetic,60.0,0.6525405636208369,1.0,290,1.0,0.5387931034482759,216
422,70,g711u,splice_natural,0.5,0.09436881188118812,0.20714285714285716,216,0.88,0.20714285714285716,216
422,70,g711u,splice_synthetic,0.5,0.1025045676004872,0.12406716417910447,216,0.0,0.12406716417910447,216
422,70,g711u,splice_natural,1.0,0.11495200959808038,1.0,224,0.0,0.12884615384615383,216
422,70,g711u,splice_synthetic,1.0,0.11637672465506899,1.0,224,0.0,0.13829787234042554,216
422,70,g711u,splice_natural,2.0,0.10588144963144963,0.5987903225806451,216,0.52,0.5025,216
422,70,g711u,splice_synthetic,2.0,0.10700524044389642,0.5057565789473685,216,0.68,0.46339285714285716,216
422,70,g711u,splice_natural,3.0,0.1278392109982068,1.0,225,0.3,0.5109375,216
422,70,g711u,splice_synthetic,3.0,0.12915903540903542,0.6309121621621622,216,0.6466666666666666,0.510593220338983,216
422,70,g711u,splice_natural,5.0,0.1606718192627824,1.0,221,0.588,0.5132042253521126,216
422,70,g711u,splice_synthetic,5.0,0.16867079493087558,1.0,232,0.312,0.5086206896551724,216
422,70,g711u,pause_inject_natural,3.0,0.14956772334293947,1.0,233,0.0,0.1206896551724138,216
422,70,g711u,pause_inject_synthetic,3.0,0.1428467365967366,1.0,232,0.0,0.12823275862068967,216
422,70,g711a,full_natural,60.0,0.6441801841297676,1.0,278,1.0,0.5348557692307693,216
422,70,g711a,full_synthetic,60.0,0.6527659120034174,1.0,290,1.0,0.5377155172413793,216
422,70,g711a,splice_natural,0.5,0.09695512820512821,0.51171875,218,0.0,0.13229166666666667,216
422,70,g711a,splice_synthetic,0.5,0.08945699257425743,0.20955882352941177,216,0.76,0.20955882352941177,216
422,70,g711a,splice_natural,1.0,0.09741512345679013,0.3420608108108108,216,0.72,0.3044642857142857,216
422,70,g711a,splice_synthetic,1.0,0.09519944341372913,0.37896825396825395,216,0.8,0.3689516129032258,216
422,70,g711a,splice_natural,2.0,0.10285493827160494,0.5171232876712328,216,0.67,0.49642857142857144,216
422,70,g711a,splice_synthetic,2.0,0.10842307692307693,0.5708841463414634,217,0.73,0.5179794520547946,216
422,70,g711a,splice_natural,3.0,0.1366956906729634,1.0,227,0.22666666666666666,0.41964285714285715,216
422,70,g711a,splice_synthetic,3.0,0.11327160493827161,0.5288461538461539,216,0.7333333333333333,0.49353448275862066,216
422,70,g711a,splice_natural,5.0,0.17231175128351398,1.0,234,0.26,0.54375,216
422,70,g711a,splice_synthetic,5.0,0.15000758955676988,0.6875,217,0.684,0.5193452380952381,216
422,70,g711a,pause_inject_natural,3.0,0.1422864613596746,1.0,231,0.0,0.1444672131147541,216
422,70,g711a,pause_inject_synthetic,3.0,0.14730857800805988,1.0,232,0.0,0.13839285714285715,216
422,70,opus16,full_natural,60.0,0.6461776859504132,1.0,280,1.0,0.534375,216
422,70,opus16,full_synthetic,60.0,0.6540920716112532,1.0,290,1.0,0.5363805970149254,216
422,70,opus16,splice_natural,0.5,0.19446559074299635,0.21955128205128205,216,0.0,0.21955128205128205,216
422,70,opus16,splice_synthetic,0.5,0.1846766707920792,0.33779761904761907,216,0.72,0.33779761904761907,216
422,70,opus16,splice_natural,1.0,0.18796353522867737,0.3994140625,216,0.74,0.3800403225806452,216
422,70,opus16,splice_synthetic,1.0,0.21013189448441247,1.0,223,0.0,0.2581967213114754,216
422,70,opus16,splice_natural,2.0,0.20224417892156862,0.6308333333333334,216,0.59,0.5307203389830508,216
422,70,opus16,splice_synthetic,2.0,0.20702649208282584,0.6867088607594937,216,0.52,0.5330188679245284,216
422,70,opus16,splice_natural,3.0,0.23826767091541134,1.0,228,0.1,0.3079268292682927,216
422,70,opus16,splice_synthetic,3.0,0.21670206310679613,0.6162790697674418,216,0.6466666666666666,0.5208333333333334,216
422,70,opus16,splice_natural,5.0,0.24460378474275576,1.0,223,0.564,0.5,216
422,70,opus16,splice_synthetic,5.0,0.22092307692307692,0.5705128205128205,216,0.78,0.5214285714285715,216
422,70,opus16,pause_inject_natural,3.0,0.2397398843930636,1.0,232,0.0,0.23065476190476192,216
422,70,opus16,pause_inject_synthetic,3.0,0.23977534562211983,1.0,232,0.0,0.21306818181818182,216
422,70,amr122,full_natural,60.0,0.6431986093003043,1.0,279,1.0,0.5236486486486487,216
422,70,amr122,full_synthetic,60.0,0.6525288092189501,1.0,290,1.0,0.5363636363636364,216
422,70,amr122,splice_natural,0.5,0.28883158866995073,0.40691489361702127,217,0.04,0.32401315789473684,216
422,70,amr122,splice_synthetic,0.5,0.28538830445544555,0.36217948717948717,216,0.88,0.36217948717948717,216
422,70,amr122,splice_natural,1.0,0.29134615384615387,0.4725378787878788,216,0.5,0.39139344262295084,216
422,70,amr122,splice_synthetic,1.0,0.2912283415841584,0.4295774647887324,216,1.0,0.4295774647887324,216
422,70,amr122,splice_natural,2.0,0.29385829207920794,0.4966216216216216,216,0.74,0.4966216216216216,216
422,70,amr122,splice_synthetic,2.0,0.2989634900990099,0.503125,216,1.0,0.503125,216
422,70,amr122,splice_natural,3.0,0.3369331228473019,1.0,230,0.0,0.33418367346938777,216
422,70,amr122,splice_synthetic,3.0,0.32834353146853146,1.0,230,0.13333333333333333,0.36862244897959184,216
422,70,amr122,splice_natural,5.0,0.3230617807389461,0.6395348837209303,216,0.716,0.5284926470588235,216
422,70,amr122,splice_synthetic,5.0,0.31939812007277135,0.6641666666666667,217,0.668,0.5033333333333333,216
422,70,amr122,pause_inject_natural,3.0,0.33604082806210467,1.0,233,0.0,0.3252551020408163,216
422,70,amr122,pause_inject_synthetic,3.0,0.3349368179207352,1.0,232,0.0,0.3265086206896552,216
422,70,amr475,full_natural,60.0,0.6446163905841326,1.0,280,1.0,0.5375,216
422,70,amr475,full_synthetic,60.0,0.6475903614457831,1.0,290,1.0,0.5543478260869565,216
422,70,amr475,splice_natural,0.5,0.37422648514851486,0.4503424657534247,216,0.96,0.4503424657534247,216
422,70,amr475,splice_synthetic,0.5,0.38239780353874314,0.5901785714285714,216,0.0,0.41131756756756754,216
422,70,amr475,splice_natural,1.0,0.37987012987012986,0.45441176470588235,216,0.86,0.4479166666666667,216
422,70,amr475,splice_synthetic,1.0,0.3736850247524752,0.4606164383561644,216,0.98,0.4606164383561644,216
422,70,amr475,splice_natural,2.0,0.38014069264069267,0.5036764705882353,216,0.67,0.4962686567164179,216
422,70,amr475,splice_synthetic,2.0,0.3790996287128713,0.48419540229885055,216,0.84,0.48419540229885055,216
422,70,amr475,splice_natural,3.0,0.388111620795107,0.6346726190476191,216,0.7066666666666667,0.5375,216
422,70,amr475,splice_synthetic,3.0,0.3857296137339056,0.5949074074074074,216,0.6533333333333333,0.5048076923076923,216
422,70,amr475,splice_natural,5.0,0.421625854214123,1.0,239,0.028,0.41131756756756754,216
422,70,amr475,splice_synthetic,5.0,0.39880592503022977,0.6380813953488372,216,0.716,0.4931506849315068,216
422,70,amr475,pause_inject_natural,3.0,0.41633122484186313,1.0,233,0.0,0.4017857142857143,216
422,70,amr475,pause_inject_synthetic,3.0,0.41323061342592593,1.0,231,0.0,0.4153645833333333,216
422,70,amr122_g711u,full_natural,60.0,0.6424989097252508,1.0,279,1.0,0.5416666666666666,216
422,70,amr122_g711u,full_synthetic,60.0,0.651770432178006,1.0,290,1.0,0.5538461538461539,216
422,70,amr122_g711u,splice_natural,0.5,0.30705362583790374,0.7225609756097561,220,0.0,0.3426724137931034,216
422,70,amr122_g711u,splice_synthetic,0.5,0.30446863580998784,0.7380952380952381,217,0.0,0.34698275862068967,216
422,70,amr122_g711u,splice_natural,1.0,0.29975278121137205,0.4375,216,0.64,0.4207089552238806,216
422,70,amr122_g711u,splice_synthetic,1.0,0.29588998763906055,0.47475961538461536,216,0.7,0.45375,216
422,70,amr122_g711u,splice_natural,2.0,0.3061806411837238,0.5259308510638298,217,0.85,0.49360795454545453,216
422,70,amr122_g711u,splice_synthetic,2.0,0.3060039975399754,0.6443452380952381,217,0.71,0.5282738095238095,216
422,70,amr122_g711u,splice_natural,3.0,0.3331011730205279,1.0,229,0.15333333333333332,0.4546875,216
422,70,amr122_g711u,splice_synthetic,3.0,0.32082579867389993,0.89453125,222,0.5266666666666666,0.5204081632653061,216
422,70,amr122_g711u,splice_natural,5.0,0.3308890577507599,0.6635174418604651,216,0.74,0.5256147540983607,216
422,70,amr122_g711u,splice_synthetic,5.0,0.32066869300911854,0.6427364864864865,216,0.668,0.5111940298507462,216
422,70,amr122_g711u,pause_inject_natural,3.0,0.3370871958285052,1.0,233,0.0,0.3394396551724138,216
422,70,amr122_g711u,pause_inject_synthetic,3.0,0.33893952546296297,1.0,233,0.0,0.3448275862068966,216
422,71,g711u,full_natural,60.0,0.5714209401709401,1.0,290,1.0,0.534375,270
422,71,g711u,full_synthetic,60.0,0.5755529561888558,1.0,287,1.0,0.5552325581395349,270
422,71,g711u,splice_natural,0.5,0.09790826612903226,0.23168103448275862,270,0.64,0.23168103448275862,270
422,71,g711u,splice_synthetic,0.5,0.10531716417910447,0.13322368421052633,270,0.0,0.13322368421052633,270
422,71,g711u,splice_natural,1.0,0.09819178427419355,0.32122093023255816,270,0.44,0.32122093023255816,270
422,71,g711u,splice_synthetic,1.0,0.10678787116255661,0.3474576271186441,270,0.56,0.3125,270
422,71,g711u,splice_natural,2.0,0.11835703592814371,0.6265432098765432,270,0.62,0.5040983606557377,270
422,71,g711u,splice_synthetic,2.0,0.11579505741387919,0.6234177215189873,270,0.6,0.5041666666666667,270
422,71,g711u,splice_natural,3.0,0.12412280701754386,0.5784574468085106,271,0.7066666666666667,0.5168650793650794,270
422,71,g711u,splice_synthetic,3.0,0.12185162094763093,0.6175986842105263,270,0.62,0.5186567164179104,270
422,71,g711u,splice_natural,5.0,0.13507761642463695,0.5704225352112676,270,0.692,0.5061274509803921,270
422,71,g711u,splice_synthetic,5.0,0.13877171215880893,0.65625,270,0.636,0.4883720930232558,270
422,71,g711u,pause_inject_natural,3.0,0.13322685631629702,1.0,284,0.0,0.1382042253521127,270
422,71,g711u,pause_inject_synthetic,3.0,0.14478523967726625,1.0,286,0.0,0.13322368421052633,270
422,71,g711a,full_natural,60.0,0.5693577882960413,1.0,290,1.0,0.5296875,270
422,71,g711a,full_synthetic,60.0,0.5768494897959183,1.0,287,1.0,0.5575396825396826,270
422,71,g711a,splice_natural,0.5,0.09765625,0.24561403508771928,270,1.0,0.24561403508771928,270
422,71,g711a,splice_synthetic,0.5,0.09685138539042822,0.22123015873015872,270,0.8,0.2086693548387097,270
422,71,g711a,splice_natural,1.0,0.10015743073047859,0.3147590361445783,270,0.86,0.30640243902439024,270
422,71,g711a,splice_synthetic,1.0,0.10219254032258064,0.3420608108108108,270,0.92,0.3420608108108108,270
422,71,g711a,splice_natural,2.0,0.12097373637264619,0.622431506849315,270,0.76,0.4775641025641026,270
422,71,g711a,splice_synthetic,2.0,0.10742580482897385,0.5056089743589743,270,0.71,0.47888513513513514,270
422,71,g711a,splice_natural,3.0,0.12791482572410406,1.0,277,0.3933333333333333,0.47674418604651164,270
422,71,g711a,splice_synthetic,3.0,0.1211734693877551,0.6166158536585366,270,0.6133333333333333,0.4782986111111111,270
422,71,g711a,splice_natural,5.0,0.1327734765234765,0.5295454545454545,270,0.696,0.5024038461538461,270
422,71,g711a,splice_synthetic,5.0,0.14573080708661418,0.7840909090909091,270,0.66,0.525,270
422,71,g711a,pause_inject_natural,3.0,0.13690619001919385,1.0,288,0.0,0.13556338028169015,270
422,71,g711a,pause_inject_synthetic,3.0,0.1444793643263757,1.0,290,0.0,0.140625,270
422,71,opus16,full_natural,60.0,0.5741723259762309,1.0,290,1.0,0.5523255813953488,270
422,71,opus16,full_synthetic,60.0,0.5782894736842106,1.0,287,1.0,0.5279255319148937,270
422,71,opus16,splice_natural,0.5,0.1802545362903226,0.2857142857142857,270,0.8,0.2857142857142857,270
422,71,opus16,splice_synthetic,0.5,0.18501134072580644,0.3084016393442623,270,1.0,0.3084016393442623,270
422,71,opus16,splice_natural,1.0,0.18069556451612903,0.3784246575342466,270,0.9,0.3784246575342466,270
422,71,opus16,splice_synthetic,1.0,0.18274798590130917,0.4009433962264151,270,0.7,0.37745098039215685,270
422,71,opus16,splice_natural,2.0,0.19022556390977444,0.5316265060240963,270,0.77,0.49512987012987014,270
422,71,opus16,splice_synthetic,2.0,0.18847410759175465,0.5296052631578947,270,0.71,0.4964788732394366,270
422,71,opus16,splice_natural,3.0,0.20144086826347304,0.613556338028169,270,0.6533333333333333,0.527027027027027,270
422,71,opus16,splice_synthetic,3.0,0.20170454545454544,0.6274038461538461,270,0.6866666666666666,0.515625,270
422,71,opus16,splice_natural,5.0,0.2138222936233317,0.678453947368421,270,0.604,0.4983108108108108,270
422,71,opus16,splice_synthetic,5.0,0.222808837890625,0.7415123456790124,270,0.588,0.5274390243902439,270
422,71,opus16,pause_inject_natural,3.0,0.22648837760910817,1.0,289,0.0,0.21927966101694915,270
422,71,opus16,pause_inject_synthetic,3.0,0.2282093794410232,1.0,290,0.0,0.22674418604651161,270
422,71,amr122,full_natural,60.0,0.5743120733788396,1.0,290,1.0,0.5497685185185185,270
422,71,amr122,full_synthetic,60.0,0.5763328377230247,1.0,287,1.0,0.5481770833333334,270
422,71,amr122,splice_natural,0.5,0.2780052923387097,0.35855263157894735,270,0.72,0.35855263157894735,270
422,71,amr122,splice_synthetic,0.5,0.2811554939516129,0.37911184210526316,270,1.0,0.37911184210526316,270
422,71,amr122,splice_natural,1.0,0.28121849798387094,0.4205357142857143,270,0.84,0.4205357142857143,270
422,71,amr122,splice_synthetic,1.0,0.2806989924433249,0.4015625,270,0.68,0.3939873417721519,270
422,71,amr122,splice_natural,2.0,0.29170810542018893,0.6068313953488372,270,0.66,0.4798076923076923,270
422,71,amr122,splice_synthetic,2.0,0.2857905982905983,0.5387323943661971,270,0.7,0.5037878787878788,270
422,71,amr122,splice_natural,3.0,0.28954784569138275,0.5184294871794872,270,0.6666666666666666,0.48161764705882354,270
422,71,amr122,splice_synthetic,3.0,0.2933538732394366,0.5446428571428571,270,0.86,0.528343023255814,270
422,71,amr122,splice_natural,5.0,0.3134553747534517,0.7271959459459459,270,0.668,0.5,270
422,71,amr122,splice_synthetic,5.0,0.3072787938704894,0.6963141025641025,270,0.568,0.5104166666666666,270
422,71,amr122,pause_inject_natural,3.0,0.30345474346563406,1.0,284,0.0,0.32569444444444445,270
422,71,amr122,pause_inject_synthetic,3.0,0.31467158495954306,1.0,290,0.0,0.32199367088607594,270
422,71,amr475,full_natural,60.0,0.5691002155172413,1.0,290,1.0,0.5382653061224489,270
422,71,amr475,full_synthetic,60.0,0.5739365113296281,1.0,287,1.0,0.5389344262295082,270
422,71,amr475,splice_natural,0.5,0.3642578125,0.4171511627906977,270,1.0,0.4171511627906977,270
422,71,amr475,splice_synthetic,0.5,0.36422631048387094,0.44476744186046513,270,0.8,0.44476744186046513,270
422,71,amr475,splice_natural,1.0,0.36580141129032256,0.45808823529411763,270,1.0,0.45808823529411763,270
422,71,amr475,splice_synthetic,1.0,0.36819556451612906,0.4794520547945205,270,0.96,0.4794520547945205,270
422,71,amr475,splice_natural,2.0,0.386830900243309,1.0,277,0.26,0.45694444444444443,270
422,71,amr475,splice_synthetic,2.0,0.37154001006542525,0.5342741935483871,270,0.9,0.51875,270
422,71,amr475,splice_natural,3.0,0.3758429070929071,0.6107594936708861,270,0.7,0.5027173913043478,270
422,71,amr475,splice_synthetic,3.0,0.37665542228885557,0.6166044776119403,270,0.6866666666666666,0.5212053571428571,270
422,71,amr475,splice_natural,5.0,0.38727788746298125,0.6852678571428571,270,0.668,0.5108695652173914,270
422,71,amr475,splice_synthetic,5.0,0.38446969696969696,0.6139705882352942,270,0.732,0.49032738095238093,270
422,71,amr475,pause_inject_natural,3.0,0.39678981348637016,1.0,290,0.0,0.42005813953488375,270
422,71,amr475,pause_inject_synthetic,3.0,0.3985978520286396,1.0,290,0.0,0.4221698113207547,270
422,71,amr122_g711u,full_natural,60.0,0.5737713675213675,1.0,290,1.0,0.529796511627907,270
422,71,amr122_g711u,full_synthetic,60.0,0.572378257155062,1.0,287,1.0,0.539179104477612,270
422,71,amr122_g711u,splice_natural,0.5,0.28449144008056393,0.3475378787878788,270,0.6,0.3333333333333333,270
422,71,amr122_g711u,splice_synthetic,0.5,0.28478506787330315,0.44921875,270,0.6,0.3851744186046512,270
422,71,amr122_g711u,splice_natural,1.0,0.2857862903225806,0.4137658227848101,270,0.86,0.4137658227848101,270
422,71,amr122_g711u,splice_synthetic,1.0,0.28659456740442657,0.45774647887323944,270,0.78,0.4253731343283582,270
422,71,amr122_g711u,splice_natural,2.0,0.29760119940029983,0.6258223684210527,270,0.6,0.5260416666666666,270
422,71,amr122_g711u,splice_synthetic,2.0,0.2897240423387097,0.5020604395604396,270,0.91,0.5020604395604396,270
422,71,amr122_g711u,splice_natural,3.0,0.2978290790790791,0.55859375,270,0.6866666666666666,0.5,270
422,71,amr122_g711u,splice_synthetic,3.0,0.29996882793017454,0.618140243902439,270,0.7,0.48668032786885246,270
422,71,amr122_g711u,splice_natural,5.0,0.31410493827160496,0.6850328947368421,270,0.648,0.5080128205128205,270
422,71,amr122_g711u,splice_synthetic,5.0,0.3141732771442737,0.6383928571428571,270,0.732,0.5020491803278688,270
422,71,amr122_g711u,pause_inject_natural,3.0,0.3169578745811393,1.0,290,0.0,0.32346491228070173,270
422,71,amr122_g711u,pause_inject_synthetic,3.0,0.3135177203065134,1.0,286,0.0,0.3273809523809524,270
5338,72,g711u,full_natural,60.0,0.5691611842105263,1.0,268,1.0,0.5508720930232558,234
5338,72,g711u,full_synthetic,60.0,0.6008505467800729,1.0,284,1.0,0.5278614457831325,234
5338,72,g711u,splice_natural,0.5,0.06570184426229508,0.18313953488372092,234,1.0,0.18313953488372092,234
5338,72,g711u,splice_synthetic,0.5,0.06669441598360656,0.2170608108108108,234,0.84,0.2170608108108108,234
5338,72,g711u,splice_natural,1.0,0.0765560963114754,0.32109375,234,1.0,0.32109375,234
5338,72,g711u,splice_synthetic,1.0,0.08619505494505494,1.0,244,0.0,0.10443037974683544,234
5338,72,g711u,splice_natural,2.0,0.0860091743119266,0.5706845238095238,234,0.77,0.512668918918919,234
5338,72,g711u,splice_synthetic,2.0,0.08045614919354839,0.8324468085106383,238,0.26,0.30833333333333335,234
5338,72,g711u,splice_natural,3.0,0.09770369433198381,0.6723484848484849,239,0.76,0.49076704545454547,234
5338,72,g711u,splice_synthetic,3.0,0.09283887468030691,0.53125,234,0.88,0.5147058823529411,234
5338,72,g711u,splice_natural,5.0,0.1104313824419778,0.6355633802816901,234,0.656,0.5009765625,234
5338,72,g711u,splice_synthetic,5.0,0.12006243628950052,0.5575284090909091,234,0.868,0.5192901234567902,234
5338,72,g711u,pause_inject_natural,3.0,0.1090102140077821,1.0,251,0.0,0.10247093023255814,234
5338,72,g711u,pause_inject_synthetic,3.0,0.11493105950653121,1.0,251,0.0,0.12911184210526316,234
5338,72,g711a,full_natural,60.0,0.5683088557650153,1.0,268,1.0,0.5712209302325582,234
5338,72,g711a,full_synthetic,60.0,0.5988779447603574,1.0,283,1.0,0.5324074074074074,234
5338,72,g711a,splice_natural,0.5,0.06737385321100918,0.3421875,239,0.28,0.11805555555555555,234
5338,72,g711a,splice_synthetic,0.5,0.06816726434426229,0.23390151515151514,234,1.0,0.23390151515151514,234
5338,72,g711a,splice_natural,1.0,0.07744150559511699,0.6022727272727273,239,0.52,0.2986111111111111,234
5338,72,g711a,splice_synthetic,1.0,0.06919185450819672,0.31484375,234,1.0,0.31484375,234
5338,72,g711a,splice_natural,2.0,0.09370296036126442,0.7790492957746479,239,0.41,0.4513888888888889,234
5338,72,g711a,splice_synthetic,2.0,0.0826189866939611,0.5082236842105263,234,0.72,0.49493243243243246,234
5338,72,g711a,splice_natural,3.0,0.10237977193852256,1.0,242,0.35333333333333333,0.5194444444444445,234
5338,72,g711a,splice_synthetic,3.0,0.09418114460909556,0.5294943820224719,234,0.9,0.5096153846153846,234
5338,72,g711a,splice_natural,5.0,0.11517175572519084,0.5668604651162791,235,0.844,0.5284810126582279,234
5338,72,g711a,splice_synthetic,5.0,0.11156186612576065,0.6413043478260869,234,0.684,0.5524553571428571,234
5338,72,g711a,pause_inject_natural,3.0,0.11416586190246258,1.0,251,0.0,0.10392441860465117,234
5338,72,g711a,pause_inject_synthetic,3.0,0.11885196737044146,1.0,251,0.0,0.09447674418604651,234
5338,72,opus16,full_natural,60.0,0.569960647135986,1.0,268,1.0,0.5430555555555555,234
5338,72,opus16,full_synthetic,60.0,0.5996751928542428,1.0,282,1.0,0.5319767441860465,234
5338,72,opus16,splice_natural,0.5,0.1591316598360656,0.238013698630137,234,0.68,0.238013698630137,234
5338,72,opus16,splice_synthetic,0.5,0.16167434715821813,0.28378378378378377,234,0.92,0.273972602739726,234
5338,72,opus16,splice_natural,1.0,0.16736039959016394,0.42162698412698413,234,1.0,0.42162698412698413,234
5338,72,opus16,splice_synthetic,1.0,0.1655568239472349,0.5489130434782609,236,0.14,0.21666666666666667,234
5338,72,opus16,splice_natural,2.0,0.19912152269399708,1.0,246,0.0,0.2035060975609756,234
5338,72,opus16,splice_synthetic,2.0,0.16911389172625127,0.5176470588235295,234,0.79,0.4810126582278481,234
5338,72,opus16,splice_natural,3.0,0.18483040201005024,0.7721153846153846,239,0.44666666666666666,0.5,234
5338,72,opus16,splice_synthetic,3.0,0.1810168625447113,0.5316358024691358,234,0.7866666666666666,0.5136217948717948,234
5338,72,opus16,splice_natural,5.0,0.1954719387755102,0.5182584269662921,234,0.832,0.5027472527472527,234
5338,72,opus16,splice_synthetic,5.0,0.19620172764227642,0.5472222222222223,234,0.844,0.5068681318681318,234
5338,72,opus16,pause_inject_natural,3.0,0.20555555555555555,1.0,250,0.0,0.20348837209302326,234
5338,72,opus16,pause_inject_synthetic,3.0,0.20686239193083575,1.0,251,0.0,0.22265625,234
5338,72,amr122,full_natural,60.0,0.571323208041958,1.0,267,1.0,0.5365566037735849,234
5338,72,amr122,full_synthetic,60.0,0.599949290060852,1.0,282,1.0,0.5333904109589042,234
5338,72,amr122,splice_natural,0.5,0.24475480283114256,0.2747093023255814,234,0.0,0.2747093023255814,234
5338,72,amr122,splice_synthetic,0.5,0.23863345286885246,0.3241279069767442,234,1.0,0.3241279069767442,234
5338,72,amr122,splice_natural,1.0,0.24109867751780265,0.44819078947368424,234,0.52,0.3235887096774194,234
5338,72,amr122,splice_synthetic,1.0,0.2551198801198801,1.0,241,0.0,0.2863372093023256,234
5338,72,amr122,splice_natural,2.0,0.2502548419979613,0.5326388888888889,234,0.81,0.47421875,234
5338,72,amr122,splice_synthetic,2.0,0.26016938674579626,1.0,243,0.16,0.3333333333333333,234
5338,72,amr122,splice_natural,3.0,0.2545303726391016,0.5142405063291139,234,0.8,0.5051470588235294,234
5338,72,amr122,splice_synthetic,3.0,0.27822384428223845,1.0,245,0.19333333333333333,0.4476744186046512,234
5338,72,amr122,splice_natural,5.0,0.2711499493414387,0.6018258426966292,234,0.788,0.5279255319148937,234
5338,72,amr122,splice_synthetic,5.0,0.2617864424057085,0.5339506172839507,234,0.804,0.49666666666666665,234
5338,72,amr122,pause_inject_natural,3.0,0.2810841775205017,1.0,251,0.0,0.2804878048780488,234
5338,72,amr122,pause_inject_synthetic,3.0,0.28262823585810165,1.0,251,0.0,0.2761627906976744,234
5338,72,amr475,full_natural,60.0,0.5703261343804538,1.0,267,1.0,0.535472972972973,234
5338,72,amr475,full_synthetic,60.0,0.5964300369306524,1.0,280,1.0,0.536525974025974,234
5338,72,amr475,splice_natural,0.5,0.33775575447570333,0.4107142857142857,234,0.6,0.3888888888888889,234
5338,72,amr475,splice_synthetic,0.5,0.33513703893442626,0.3833841463414634,234,0.8,0.3833841463414634,234
5338,72,amr475,splice_natural,1.0,0.35444819819819817,1.0,242,0.0,0.3826530612244898,234
5338,72,amr475,splice_synthetic,1.0,0.34011776753712236,0.44083333333333335,234,0.84,0.43327702702702703,234
5338,72,amr475,splice_natural,2.0,0.3418647750511247,0.5060975609756098,234,0.78,0.4807692307692308,234
5338,72,amr475,splice_synthetic,2.0,0.34259733606557374,0.48984375,234,0.94,0.48984375,234
5338,72,amr475,splice_natural,3.0,0.35052269250382456,0.5702247191011236,234,0.8533333333333334,0.5245535714285714,234
5338,72,amr475,splice_synthetic,3.0,0.3456390881147541,0.4922945205479452,234,0.7466666666666667,0.4922945205479452,234
5338,72,amr475,splice_natural,5.0,0.35706993363961204,0.5419034090909091,234,0.832,0.53125,234
5338,72,amr475,splice_synthetic,5.0,0.3569238630556975,0.5513698630136986,234,0.8,0.5321428571428571,234
5338,72,amr475,pause_inject_natural,3.0,0.37852239884393063,1.0,251,0.0,0.3826530612244898,234
5338,72,amr475,pause_inject_synthetic,3.0,0.37542148362235067,1.0,251,0.0,0.3826530612244898,234
5338,72,amr122_g711u,full_natural,60.0,0.5664148050810337,1.0,267,1.0,0.5301204819277109,234
5338,72,amr122_g711u,full_synthetic,60.0,0.600390308191403,1.0,283,1.0,0.544921875,234
5338,72,amr122_g711u,splice_natural,0.5,0.2419953893442623,0.317246835443038,234,0.8,0.317246835443038,234
5338,72,amr122_g711u,splice_synthetic,0.5,0.24050025588536336,0.31796875,234,0.52,0.3004807692307692,234
5338,72,amr122_g711u,splice_natural,1.0,0.24334357398873527,0.39,234,0.78,0.38175675675675674,234
5338,72,amr122_g711u,splice_synthetic,1.0,0.24356429303278687,0.421875,234,0.84,0.421875,234
5338,72,amr122_g711u,splice_natural,2.0,0.251469836400818,0.5436746987951807,234,0.8,0.5205696202531646,234
5338,72,amr122_g711u,splice_synthetic,2.0,0.25184760448521915,0.5258152173913043,234,0.82,0.4679878048780488,234
5338,72,amr122_g711u,splice_natural,3.0,0.26450276243093923,0.7517361111111112,239,0.5533333333333333,0.49798387096774194,234
5338,72,amr122_g711u,splice_synthetic,3.0,0.25568472151251914,0.55234375,234,0.7666666666666667,0.5225,234
5338,72,amr122_g711u,splice_natural,5.0,0.26799821610601426,0.528343023255814,234,0.784,0.506578947368421,234
5338,72,amr122_g711u,splice_synthetic,5.0,0.27303958648512355,0.6065340909090909,234,0.772,0.5063291139240507,234
5338,72,amr122_g711u,pause_inject_natural,3.0,0.28308646435452794,1.0,251,0.0,0.2800925925925926,234
5338,72,amr122_g711u,pause_inject_synthetic,3.0,0.281852119460501,1.0,250,0.0,0.2841981132075472,234
5338,73,g711u,full_natural,60.0,0.5649504405286344,1.0,272,1.0,0.5317982456140351,246
5338,73,g711u,full_synthetic,60.0,0.5944313039901276,1.0,281,1.0,0.5489130434782609,246
5338,73,g711u,splice_natural,0.5,0.07031643973777105,0.4795673076923077,250,0.0,0.10240963855421686,246
5338,73,g711u,splice_synthetic,0.5,0.06654149694501019,0.23891129032258066,246,0.48,0.17395833333333333,246
5338,73,g711u,splice_natural,1.0,0.08801020408163265,1.0,255,0.0,0.12281976744186046,246
5338,73,g711u,splice_synthetic,1.0,0.08297738693467337,0.8555555555555555,250,0.34,0.3003048780487805,246
5338,73,g711u,splice_natural,2.0,0.09079539769884942,0.76953125,250,0.34,0.40029761904761907,246
5338,73,g711u,splice_synthetic,2.0,0.07570826952526799,0.5098684210526315,246,0.82,0.5098684210526315,246
5338,73,g711u,splice_natural,3.0,0.08953562340966921,0.5389705882352941,246,0.7666666666666667,0.51015625,246
5338,73,g711u,splice_synthetic,3.0,0.08735976542580316,0.5404929577464789,246,0.7466666666666667,0.5271739130434783,246
5338,73,g711u,splice_natural,5.0,0.10897192716236723,0.6041666666666666,246,0.7,0.5100308641975309,246
5338,73,g711u,splice_synthetic,5.0,0.10739614994934144,0.5684523809523809,247,0.74,0.4931506849315068,246
5338,73,g711u,pause_inject_natural,3.0,0.10757649344341913,1.0,261,0.0,0.09916666666666667,246
5338,73,g711u,pause_inject_synthetic,3.0,0.11658653846153846,1.0,262,0.0,0.10240963855421686,246
5338,73,g711a,full_natural,60.0,0.5661635081533716,1.0,273,1.0,0.5385416666666667,246
5338,73,g711a,full_synthetic,60.0,0.5959821428571429,1.0,281,1.0,0.5325,246
5338,73,g711a,splice_natural,0.5,0.06709418070444104,0.2089041095890411,246,1.0,0.2089041095890411,246
5338,73,g711a,splice_synthetic,0.5,0.06616896375701889,0.21,246,1.0,0.21,246
5338,73,g711a,splice_natural,1.0,0.07216692189892802,0.39348591549295775,246,1.0,0.39348591549295775,246
5338,73,g711a,splice_synthetic,1.0,0.0680193976518632,0.34048507462686567,246,0.78,0.34048507462686567,246
5338,73,g711a,splice_natural,2.0,0.07763895971443141,0.47733516483516486,246,0.92,0.46558988764044945,246
5338,73,g711a,splice_synthetic,2.0,0.08615550481988839,0.5569444444444445,246,0.78,0.48878205128205127,246
5338,73,g711a,splice_natural,3.0,0.08704788588894549,0.4992559523809524,246,0.74,0.4898255813953488,246
5338,73,g711a,splice_synthetic,3.0,0.0912828947368421,0.5855978260869565,246,0.8,0.4926948051948052,246
5338,73,g711a,splice_natural,5.0,0.121712158808933,1.0,252,0.552,0.5111607142857143,246
5338,73,g711a,splice_synthetic,5.0,0.11443661971830986,0.594078947368421,246,0.764,0.5153688524590164,246
5338,73,g711a,pause_inject_natural,3.0,0.1102195945945946,1.0,262,0.0,0.0984375,246
5338,73,g711a,pause_inject_synthetic,3.0,0.10878509196515004,1.0,259,0.0,0.121875,246
5338,73,opus16,full_natural,60.0,0.5705310314685315,1.0,274,1.0,0.5428921568627451,246
5338,73,opus16,full_synthetic,60.0,0.5972677036430618,1.0,282,1.0,0.53125,246
5338,73,opus16,splice_natural,0.5,0.16306130171543895,0.5652173913043478,248,0.0,0.20121951219512196,246
5338,73,opus16,splice_synthetic,0.5,0.1610515569167943,0.3561046511627907,246,1.0,0.3561046511627907,246
5338,73,opus16,splice_natural,1.0,0.1675114039533705,0.41379310344827586,246,0.64,0.3013698630136986,246
5338,73,opus16,splice_synthetic,1.0,0.17223473473473475,0.8839285714285714,250,0.16,0.20652173913043478,246
5338,73,opus16,splice_natural,2.0,0.1678878221323901,0.6039156626506024,248,0.69,0.4781746031746032,246
5338,73,opus16,splice_synthetic,2.0,0.19490650801359882,1.0,260,0.0,0.19940476190476192,246
5338,73,opus16,splice_natural,3.0,0.1845566132264529,0.6673387096774194,250,0.5866666666666667,0.5089285714285714,246
5338,73,opus16,splice_synthetic,3.0,0.1766110545084055,0.5261627906976745,246,0.78,0.5179597701149425,246
5338,73,opus16,splice_natural,5.0,0.18915142276422764,0.5701219512195121,247,0.748,0.5125,246
5338,73,opus16,splice_synthetic,5.0,0.1876588713777326,0.5244565217391305,246,0.708,0.5084269662921348,246
5338,73,opus16,pause_inject_natural,3.0,0.1945891904992729,1.0,261,0.0,0.1865671641791045,246
5338,73,opus16,pause_inject_synthetic,3.0,0.190404843444227,1.0,257,0.0,0.20016891891891891,246
5338,73,amr122,full_natural,60.0,0.5676260964912281,1.0,273,1.0,0.5307835820895522,246
5338,73,amr122,full_synthetic,60.0,0.5930394791236048,1.0,278,1.0,0.5367647058823529,246
5338,73,amr122,splice_natural,0.5,0.2376531393568147,0.36277173913043476,246,1.0,0.36277173913043476,246
5338,73,amr122,splice_synthetic,0.5,0.23991832567636548,0.36627906976744184,246,1.0,0.36627906976744184,246
5338,73,amr122,splice_natural,1.0,0.24097115875446656,0.4128521126760563,246,1.0,0.4128521126760563,246
5338,73,amr122,splice_synthetic,1.0,0.244576314446146,0.4310897435897436,246,1.0,0.4310897435897436,246
5338,73,amr122,splice_natural,2.0,0.24496173469387755,0.5150316455696202,246,0.85,0.5088141025641025,246
5338,73,amr122,splice_synthetic,2.0,0.2509247448979592,0.5007440476190477,246,0.83,0.4947289156626506,246
5338,73,amr122,splice_natural,3.0,0.27888326097443317,1.0,260,0.0,0.27901785714285715,246
5338,73,amr122,splice_synthetic,3.0,0.25672348484848484,0.6394817073170732,246,0.7333333333333333,0.5153688524590164,246
5338,73,amr122,splice_natural,5.0,0.26719459868753154,0.6196646341463414,246,0.716,0.5240384615384616,246
5338,73,amr122,splice_synthetic,5.0,0.26638257575757573,0.5923611111111111,246,0.784,0.5225903614457831,246
5338,73,amr122,pause_inject_natural,3.0,0.27450920988851185,1.0,262,0.0,0.28541666666666665,246
5338,73,amr122,pause_inject_synthetic,3.0,0.28456620458891013,1.0,262,0.0,0.27455357142857145,246
5338,73,amr475,full_natural,60.0,0.5670992115637319,1.0,274,1.0,0.5473484848484849,246
5338,73,amr475,full_synthetic,60.0,0.5877238650562265,1.0,277,1.0,0.55859375,246
5338,73,amr475,splice_natural,0.5,0.3434799186578546,0.4484375,246,0.44,0.39087301587301587,246
5338,73,amr475,splice_synthetic,0.5,0.3464132627332325,0.3875,246,0.0,0.3875,246
5338,73,amr475,splice_natural,1.0,0.34462736089841756,0.43506493506493504,246,1.0,0.43506493506493504,246
5338,73,amr475,splice_synthetic,1.0,0.34363833588565595,0.45121951219512196,246,1.0,0.45121951219512196,246
5338,73,amr475,splice_natural,2.0,0.3487748851454824,0.48870481927710846,246,0.81,0.48870481927710846,246
5338,73,amr475,splice_synthetic,2.0,0.34584816887080366,0.5537790697674418,247,0.86,0.4634433962264151,246
5338,73,amr475,splice_natural,3.0,0.35529137235116043,0.6349206349206349,246,0.7333333333333333,0.5035112359550562,246
5338,73,amr475,splice_synthetic,3.0,0.36451592832254853,0.7089285714285715,250,0.5666666666666667,0.5029411764705882,246
5338,73,amr475,splice_natural,5.0,0.3736715274345032,1.0,253,0.58,0.5175,246
5338,73,amr475,splice_synthetic,5.0,0.3575292769857434,0.5067204301075269,246,0.836,0.5033783783783784,246
5338,73,amr475,pause_inject_natural,3.0,0.3760843373493976,1.0,261,0.0,0.3897058823529412,246
5338,73,amr475,pause_inject_synthetic,3.0,0.38150668576886343,1.0,262,0.0,0.39191176470588235,246
5338,73,amr122_g711u,full_natural,60.0,0.566413139329806,1.0,273,1.0,0.5459905660377359,246
5338,73,amr122_g711u,full_synthetic,60.0,0.5935307470078415,1.0,279,1.0,0.5365566037735849,246
5338,73,amr122_g711u,splice_natural,0.5,0.25040952620967744,0.7347560975609756,249,0.0,0.3013392857142857,246
5338,73,amr122_g711u,splice_synthetic,0.5,0.24562914752424705,0.33024691358024694,246,0.88,0.33024691358024694,246
5338,73,amr122_g711u,splice_natural,1.0,0.2471938775510204,0.43353174603174605,246,0.76,0.42439516129032256,246
5338,73,amr122_g711u,splice_synthetic,1.0,0.24774517276422764,0.46368243243243246,246,0.6,0.3894230769230769,246
5338,73,amr122_g711u,splice_natural,2.0,0.2479262378764676,0.4782303370786517,246,0.9,0.4782303370786517,246
5338,73,amr122_g711u,splice_synthetic,2.0,0.25491322103113834,0.53125,246,0.95,0.53125,246
5338,73,amr122_g711u,splice_natural,3.0,0.2551208651399491,0.5539772727272727,246,0.74,0.5125,246
5338,73,amr122_g711u,splice_synthetic,3.0,0.2577487244897959,0.5111607142857143,246,0.8533333333333334,0.5052710843373494,246
5338,73,amr122_g711u,splice_natural,5.0,0.2737870789341378,0.7273936170212766,248,0.692,0.5112847222222222,246
5338,73,amr122_g711u,splice_synthetic,5.0,0.28532742491383556,0.8108552631578947,250,0.548,0.5076013513513513,246
5338,73,amr122_g711u,pause_inject_natural,3.0,0.2811742607852642,1.0,262,0.0,0.29788961038961037,246
5338,73,amr122_g711u,pause_inject_synthetic,3.0,0.2777710257656782,1.0,262,0.0,0.2849025974025974,246
5338,74,g711u,full_natural,60.0,0.6186903137789904,1.0,278,1.0,0.5414156626506024,206
5338,74,g711u,full_synthetic,60.0,0.656018708881579,1.0,284,1.0,0.5554435483870968,206
5338,74,g711u,splice_natural,0.5,0.06471471471471471,0.20208333333333334,206,0.84,0.1931179775280899,206
5338,74,g711u,splice_synthetic,0.5,0.07396449704142012,0.5930555555555556,210,0.0,0.11022727272727273,206
5338,74,g711u,splice_natural,1.0,0.08873321657910099,1.0,213,0.0,0.1151685393258427,206
5338,74,g711u,splice_synthetic,1.0,0.07453069129916567,0.4435763888888889,206,0.6,0.30926724137931033,206
5338,74,g711u,splice_natural,2.0,0.0835712139423077,0.4851190476190476,206,0.87,0.4851190476190476,206
5338,74,g711u,splice_synthetic,2.0,0.09325103489059727,0.8125,209,0.67,0.5186170212765957,206
5338,74,g711u,splice_natural,3.0,0.11265164644714037,0.8637640449438202,212,0.44666666666666666,0.4583333333333333,206
5338,74,g711u,splice_synthetic,3.0,0.10170184304399524,0.6266447368421053,206,0.7066666666666667,0.5272435897435898,206
5338,74,g711u,splice_natural,5.0,0.14725221483942413,1.0,225,0.22,0.5029761904761905,206
5338,74,g711u,splice_synthetic,5.0,0.12622621878715815,0.5969202898550725,206,0.772,0.5362318840579711,206
5338,74,g711u,pause_inject_natural,3.0,0.10923327664399093,1.0,219,0.0,0.10475352112676056,206
5338,74,g711u,pause_inject_synthetic,3.0,0.11833756345177665,1.0,221,0.0,0.13988095238095238,206
5338,74,g711a,full_natural,60.0,0.6190720474236207,1.0,280,1.0,0.5474397590361446,206
5338,74,g711a,full_synthetic,60.0,0.654553865131579,1.0,284,1.0,0.5413306451612904,206
5338,74,g711a,splice_natural,0.5,0.06723257211538461,0.18996710526315788,206,0.92,0.18996710526315788,206
5338,74,g711a,splice_synthetic,0.5,0.06324805505685219,0.3307926829268293,207,0.32,0.15767045454545456,206
5338,74,g711a,splice_natural,1.0,0.06798377403846154,0.30234375,206,0.94,0.30234375,206
5338,74,g711a,splice_synthetic,1.0,0.07176891006551518,0.3782894736842105,206,0.1,0.15625,206
5338,74,g711a,splice_natural,2.0,0.08367117117117118,0.48601973684210525,206,0.75,0.4791666666666667,206
5338,74,g711a,splice_synthetic,2.0,0.08514221556886227,0.5145348837209303,206,0.82,0.478125,206
5338,74,g711a,splice_natural,3.0,0.09389792899408284,0.6795212765957447,208,0.5933333333333334,0.49911971830985913,206
5338,74,g711a,splice_synthetic,3.0,0.12626262626262627,1.0,219,0.06666666666666667,0.16964285714285715,206
5338,74,g711a,splice_natural,5.0,0.12325986078886311,1.0,213,0.528,0.4839939024390244,206
5338,74,g711a,splice_synthetic,5.0,0.12004550792718732,0.7754237288135594,212,0.624,0.48996913580246915,206
5338,74,g711a,pause_inject_natural,3.0,0.10545754446356856,1.0,219,0.0,0.10681818181818181,206
5338,74,g711a,pause_inject_synthetic,3.0,0.12085674157303371,1.0,223,0.0,0.10465116279069768,206
5338,74,opus16,full_natural,60.0,0.6256684491978609,1.0,280,1.0,0.5363372093023255,206
5338,74,opus16,full_synthetic,60.0,0.6581242350061199,1.0,290,1.0,0.5280612244897959,206
5338,74,opus16,splice_natural,0.5,0.16533954326923078,0.2909090909090909,206,1.0,0.2909090909090909,206
5338,74,opus16,splice_synthetic,0.5,0.16677907673860912,0.30096153846153845,206,0.72,0.2551229508196721,206
5338,74,opus16,splice_natural,1.0,0.16695462740384615,0.3561046511627907,206,1.0,0.3561046511627907,206
5338,74,opus16,splice_synthetic,1.0,0.16582933413317336,0.40625,206,0.72,0.36989795918367346,206
5338,74,opus16,splice_natural,2.0,0.1754951980792317,0.511938202247191,206,0.89,0.5007183908045977,206
5338,74,opus16,splice_synthetic,2.0,0.19948094425483504,1.0,221,0.0,0.1952054794520548,206
5338,74,opus16,splice_natural,3.0,0.18476140456182474,0.5231741573033708,206,0.8666666666666667,0.5122126436781609,206
5338,74,opus16,splice_synthetic,3.0,0.21574720670391062,1.0,222,0.0,0.18047752808988765,206
5338,74,opus16,splice_natural,5.0,0.2064439140811456,0.5853040540540541,206,0.776,0.5205078125,206
5338,74,opus16,splice_synthetic,5.0,0.2547308102345416,1.0,234,0.036,0.2403846153846154,206
5338,74,opus16,pause_inject_natural,3.0,0.20892957351290684,1.0,221,0.0,0.18990384615384615,206
5338,74,opus16,pause_inject_synthetic,3.0,0.20255681818181817,1.0,220,0.0,0.2,206
5338,74,amr122,full_natural,60.0,0.6250836680053548,1.0,281,1.0,0.5286458333333334,206
5338,74,amr122,full_synthetic,60.0,0.6575184501845018,1.0,290,1.0,0.5284090909090909,206
5338,74,amr122,splice_natural,0.5,0.2459689349112426,0.7223837209302325,209,0.0,0.27199074074074076,206
5338,74,amr122,splice_synthetic,0.5,0.24335186298076922,0.32142857142857145,206,1.0,0.32142857142857145,206
5338,74,amr122,splice_natural,1.0,0.24222506009615385,0.3672752808988764,206,0.92,0.3672752808988764,206
5338,74,amr122,splice_synthetic,1.0,0.24019681490384615,0.3958333333333333,206,0.88,0.3958333333333333,206
5338,74,amr122,splice_natural,2.0,0.27137119908204244,1.0,217,0.0,0.2683189655172414,206
5338,74,amr122,splice_synthetic,2.0,0.24846003605769232,0.46207865168539325,206,0.89,0.46207865168539325,206
5338,74,amr122,splice_natural,3.0,0.25768135491606714,0.5408333333333334,206,0.7666666666666667,0.51953125,206
5338,74,amr122,splice_synthetic,3.0,0.2579707985697259,0.5985576923076923,206,0.7133333333333334,0.5223880597014925,206
5338,74,amr122,splice_natural,5.0,0.3115106441048035,1.0,227,0.104,0.39732142857142855,206
5338,74,amr122,splice_synthetic,5.0,0.2708333333333333,0.5734797297297297,206,0.828,0.5358455882352942,206
5338,74,amr122,pause_inject_natural,3.0,0.2777263667425968,1.0,220,0.0,0.2672413793103448,206
5338,74,amr122,pause_inject_synthetic,3.0,0.27690774487471526,1.0,220,0.0,0.27294303797468356,206
5338,74,amr475,full_natural,60.0,0.6261106175033319,1.0,280,1.0,0.5323275862068966,206
5338,74,amr475,full_synthetic,60.0,0.6491583541147132,1.0,284,1.0,0.5347222222222222,206
5338,74,amr475,splice_natural,0.5,0.339301667659321,0.5398936170212766,208,0.0,0.3913690476190476,206
5338,74,amr475,splice_synthetic,0.5,0.3356745793269231,0.40535714285714286,206,0.84,0.40535714285714286,206
5338,74,amr475,splice_natural,1.0,0.33772522522522525,0.4921875,206,0.88,0.48138297872340424,206
5338,74,amr475,splice_synthetic,1.0,0.3367262620192308,0.4260057471264368,206,1.0,0.4260057471264368,206
5338,74,amr475,splice_natural,2.0,0.3432076600837822,0.5272058823529412,206,0.85,0.4870689655172414,206
5338,74,amr475,splice_synthetic,2.0,0.34080330330330333,0.4951923076923077,206,0.9,0.4895833333333333,206
5338,74,amr475,splice_natural,3.0,0.3570850500294291,0.7983870967741935,212,0.62,0.5472222222222223,206
5338,74,amr475,splice_synthetic,3.0,0.3656518624641834,1.0,217,0.13333333333333333,0.4070121951219512,206
5338,74,amr475,splice_natural,5.0,0.3914892146017699,1.0,223,0.304,0.4678819444444444,206
5338,74,amr475,splice_synthetic,5.0,0.38073035307517084,1.0,216,0.524,0.5137195121951219,206
5338,74,amr475,pause_inject_natural,3.0,0.37288374717832956,1.0,221,0.0,0.38392857142857145,206
5338,74,amr475,pause_inject_synthetic,3.0,0.37810754189944135,1.0,223,0.0,0.37823275862068967,206
5338,74,amr122_g711u,full_natural,60.0,0.6259499329459097,1.0,280,1.0,0.5285326086956522,206
5338,74,amr122_g711u,full_synthetic,60.0,0.6553342963268676,1.0,285,1.0,0.5288461538461539,206
5338,74,amr122_g711u,splice_natural,0.5,0.2428260216346154,0.3229166666666667,206,0.96,0.3229166666666667,206
5338,74,amr122_g711u,splice_synthetic,0.5,0.24230480480480482,0.365,206,0.76,0.3520408163265306,206
5338,74,amr122_g711u,splice_natural,1.0,0.24711480815347722,0.5053191489361702,207,0.74,0.45930232558139533,206
5338,74,amr122_g711u,splice_synthetic,1.0,0.2474596533173939,0.6031976744186046,207,0.74,0.4588068181818182,206
5338,74,amr122_g711u,splice_natural,2.0,0.2656706604324956,0.8150337837837838,212,0.27,0.3601190476190476,206
5338,74,amr122_g711u,splice_synthetic,2.0,0.2525059844404548,0.5459183673469388,206,0.78,0.484375,206
5338,74,amr122_g711u,splice_natural,3.0,0.2600479904019196,0.5150862068965517,206,0.8733333333333333,0.501453488372093,206
5338,74,amr122_g711u,splice_synthetic,3.0,0.2739656177156177,0.8375,212,0.5266666666666666,0.5108173076923077,206
5338,74,amr122_g711u,splice_natural,5.0,0.27331586826347304,0.5256944444444445,207,0.788,0.5256944444444445,206
5338,74,amr122_g711u,splice_synthetic,5.0,0.3078831312017641,1.0,224,0.2,0.475765306122449,206
5338,74,amr122_g711u,pause_inject_natural,3.0,0.27942427680090753,1.0,219,0.0,0.27692307692307694,206
5338,74,amr122_g711u,pause_inject_synthetic,3.0,0.2853826674169949,1.0,222,0.0,0.27586206896551724,206
652,99,g711u,full_natural,60.0,0.6236921193232413,1.0,282,1.0,0.5465116279069767,205
652,99,g711u,full_synthetic,60.0,0.6509438881935753,1.0,285,1.0,0.5537790697674418,205
652,99,g711u,splice_natural,0.5,0.08904469106178764,0.24879807692307693,205,0.88,0.24879807692307693,205
652,99,g711u,splice_synthetic,0.5,0.09572504430005907,0.6194444444444445,209,0.0,0.12361111111111112,205
652,99,g711u,splice_natural,1.0,0.08886309167165968,0.30978260869565216,205,0.88,0.29444444444444445,205
652,99,g711u,splice_synthetic,1.0,0.10044378698224853,0.7380952380952381,210,0.36,0.21739130434782608,205
652,99,g711u,splice_natural,2.0,0.10635110844817255,0.5084269662921348,205,0.89,0.49712643678160917,205
652,99,g711u,splice_synthetic,2.0,0.10782358156028368,0.7181372549019608,209,0.54,0.4904891304347826,205
652,99,g711u,splice_natural,3.0,0.11701888489208633,0.510752688172043,205,0.9066666666666666,0.5054347826086957,205
652,99,g711u,splice_synthetic,3.0,0.11582739156268568,0.57421875,208,0.7133333333333334,0.5073051948051948,205
652,99,g711u,splice_natural,5.0,0.16644441325098258,1.0,217,0.456,0.5276162790697675,205
652,99,g711u,splice_synthetic,5.0,0.16558806978052898,1.0,217,0.452,0.5030120481927711,205
652,99,g711u,pause_inject_natural,3.0,0.12460624284077892,1.0,219,0.0,0.12430555555555556,205
652,99,g711u,pause_inject_synthetic,3.0,0.13779444756029163,1.0,221,0.0,0.11475409836065574,205
652,99,g711a,full_natural,60.0,0.6248045129579982,1.0,282,1.0,0.561046511627907,205
652,99,g711a,full_synthetic,60.0,0.6513639214046822,1.0,285,1.0,0.5523255813953488,205
652,99,g711a,splice_natural,0.5,0.08173365326934613,0.19921875,205,0.92,0.19921875,205
652,99,g711a,splice_synthetic,0.5,0.07862177564487102,0.275,205,0.88,0.275,205
652,99,g711a,splice_natural,1.0,0.09040112492599171,0.6331521739130435,209,0.36,0.259375,205
652,99,g711a,splice_synthetic,1.0,0.08679514097180564,0.3031609195402299,205,0.96,0.3031609195402299,205
652,99,g711a,splice_natural,2.0,0.09579089275014979,0.4609375,205,0.78,0.44711538461538464,205
652,99,g711a,splice_synthetic,2.0,0.09909709887507401,0.6050347222222222,205,0.51,0.43125,205
652,99,g711a,splice_natural,3.0,0.11517696460707859,0.50390625,205,0.94,0.50390625,205
652,99,g711a,splice_synthetic,3.0,0.11285650623885918,0.6297348484848485,205,0.6266666666666667,0.51125,205
652,99,g711a,splice_natural,5.0,0.15514084507042253,1.0,218,0.4,0.5174418604651163,205
652,99,g711a,splice_synthetic,5.0,0.148,1.0,218,0.468,0.5013888888888889,205
652,99,g711a,pause_inject_natural,3.0,0.12478693181818182,1.0,219,0.0,0.12867647058823528,205
652,99,g711a,pause_inject_synthetic,3.0,0.12574489216799092,1.0,222,0.0,0.11818181818181818,205
652,99,opus16,full_natural,60.0,0.6406914893617022,1.0,288,1.0,0.5338114754098361,205
652,99,opus16,full_synthetic,60.0,0.6519927536231884,1.0,285,1.0,0.5227864583333334,205
652,99,opus16,splice_natural,0.5,0.17225700655933215,0.27298850574712646,207,1.0,0.27298850574712646,205
652,99,opus16,splice_synthetic,0.5,0.17414434523809524,0.31145833333333334,207,0.8,0.27521929824561403,205
652,99,opus16,splice_natural,1.0,0.18343916125221502,0.4501953125,207,0.6,0.31798245614035087,205
652,99,opus16,splice_synthetic,1.0,0.19484655471916618,1.0,215,0.0,0.2107843137254902,205
652,99,opus16,splice_natural,2.0,0.18868483412322276,0.5595238095238095,207,0.74,0.4931506849315068,205
652,99,opus16,splice_synthetic,2.0,0.21216920045045046,1.0,219,0.0,0.1921641791044776,205
652,99,opus16,splice_natural,3.0,0.22397887323943663,1.0,218,0.26,0.4680232558139535,205
652,99,opus16,splice_synthetic,3.0,0.19540998217468805,0.4945652173913043,208,0.9133333333333333,0.4895833333333333,205
652,99,opus16,splice_natural,5.0,0.2486208288482239,1.0,237,0.004,0.2034313725490196,205
652,99,opus16,splice_synthetic,5.0,0.2592038809144072,1.0,232,0.016,0.2078125,205
652,99,opus16,pause_inject_natural,3.0,0.22093837535014005,1.0,224,0.0,0.1953125,205
652,99,opus16,pause_inject_synthetic,3.0,0.22499304396215916,1.0,223,0.0,0.19309701492537312,205
652,99,amr122,full_natural,60.0,0.6393486672398968,1.0,288,1.0,0.5327868852459017,205
652,99,amr122,full_synthetic,60.0,0.6499426605504587,1.0,285,1.0,0.5472560975609756,205
652,99,amr122,splice_natural,0.5,0.29724007009345793,0.3932926829268293,208,0.0,0.3241279069767442,205
652,99,amr122,splice_synthetic,0.5,0.2891829774614472,0.4070121951219512,208,1.0,0.4047131147540984,205
652,99,amr122,splice_natural,1.0,0.2943357058125741,0.48214285714285715,208,1.0,0.48214285714285715,205
652,99,amr122,splice_synthetic,1.0,0.2909994068801898,0.3942307692307692,208,0.84,0.3942307692307692,205
652,99,amr122,splice_natural,2.0,0.29733837485172004,0.5193965517241379,208,0.98,0.5193965517241379,205
652,99,amr122,splice_synthetic,2.0,0.32672849915682967,1.0,219,0.0,0.32994186046511625,205
652,99,amr122,splice_natural,3.0,0.3062796208530806,0.5203651685393258,208,0.92,0.5093390804597702,205
652,99,amr122,splice_synthetic,3.0,0.340683572216097,1.0,223,0.02666666666666667,0.34011627906976744,205
652,99,amr122,splice_natural,5.0,0.31797985781990523,0.5332880434782609,208,0.896,0.5286458333333334,205
652,99,amr122,splice_synthetic,5.0,0.35175675675675677,1.0,229,0.092,0.3953125,205
652,99,amr122,pause_inject_natural,3.0,0.3309192200557103,1.0,224,0.0,0.32830459770114945,205
652,99,amr122,pause_inject_synthetic,3.0,0.33194444444444443,1.0,224,0.0,0.3296232876712329,205
652,99,amr475,full_natural,60.0,0.6393101238786844,1.0,290,1.0,0.5372340425531915,205
652,99,amr475,full_synthetic,60.0,0.6471222643097643,1.0,280,1.0,0.5302083333333333,205
652,99,amr475,splice_natural,0.5,0.38837433313574393,0.4765625,208,1.0,0.42925824175824173,205
652,99,amr475,splice_synthetic,0.5,0.3990020396270396,0.4765625,208,0.0,0.41770833333333335,205
652,99,amr475,splice_natural,1.0,0.3927728613569322,0.5036764705882353,208,0.8,0.46598101265822783,205
652,99,amr475,splice_synthetic,1.0,0.3911612426035503,0.4765625,208,0.8,0.44869402985074625,205
652,99,amr475,splice_natural,2.0,0.3930103550295858,0.4856770833333333,208,0.96,0.4856770833333333,205
652,99,amr475,splice_synthetic,2.0,0.4087090752441126,0.9903846153846154,214,0.26,0.42005813953488375,205
652,99,amr475,splice_natural,3.0,0.4051047120418848,0.6790123456790124,208,0.64,0.49019607843137253,205
652,99,amr475,splice_synthetic,3.0,0.4032790492957746,0.6107954545454546,209,0.76,0.5049603174603174,205
652,99,amr475,splice_natural,5.0,0.413325130283729,0.8022388059701493,212,0.696,0.5428921568627451,205
652,99,amr475,splice_synthetic,5.0,0.43732801320858555,1.0,229,0.228,0.5178571428571429,205
652,99,amr475,pause_inject_natural,3.0,0.43075068870523414,1.0,224,0.0,0.4186046511627907,205
652,99,amr475,pause_inject_synthetic,3.0,0.42648281596452325,1.0,224,0.0,0.4110576923076923,205
652,99,amr122_g711u,full_natural,60.0,0.6402891229578676,1.0,288,1.0,0.541015625,205
652,99,amr122_g711u,full_synthetic,60.0,0.6507737348389795,1.0,285,1.0,0.5425,205
652,99,amr122_g711u,splice_natural,0.5,0.2897424511545293,0.4052734375,208,0.32,0.321875,205
652,99,amr122_g711u,splice_synthetic,0.5,0.29263048635824435,0.3890625,208,1.0,0.3742816091954023,205
652,99,amr122_g711u,splice_natural,1.0,0.2946270636792453,0.4852430555555556,207,0.68,0.37589285714285714,205
652,99,amr122_g711u,splice_synthetic,1.0,0.29224777448071215,0.43191964285714285,208,0.58,0.43191964285714285,205
652,99,amr122_g711u,splice_natural,2.0,0.30066371681415927,0.56640625,208,0.74,0.4861111111111111,205
652,99,amr122_g711u,splice_synthetic,2.0,0.3297715807174888,1.0,220,0.0,0.33611111111111114,205
652,99,amr122_g711u,splice_natural,3.0,0.33215080690038956,1.0,223,0.013333333333333334,0.321875,205
652,99,amr122_g711u,splice_synthetic,3.0,0.30885780885780884,0.9649390243902439,212,0.5133333333333333,0.4820205479452055,205
652,99,amr122_g711u,splice_natural,5.0,0.3437844922737307,1.0,226,0.168,0.4701086956521739,205
652,99,amr122_g711u,splice_synthetic,5.0,0.3200102579132474,0.5921052631578947,208,0.672,0.5208333333333334,205
652,99,amr122_g711u,pause_inject_natural,3.0,0.3264317798989332,1.0,225,0.0,0.328125,205
652,99,amr122_g711u,pause_inject_synthetic,3.0,0.3394283746556474,1.0,225,0.0,0.328125,205
652,100,g711u,full_natural,60.0,0.5807892356399819,1.0,274,1.0,0.5406976744186046,238
652,100,g711u,full_synthetic,60.0,0.6159086199751347,1.0,287,1.0,0.5320121951219512,238
652,100,g711u,splice_natural,0.5,0.08005694143167028,0.19480519480519481,238,0.6,0.17333333333333334,238
652,100,g711u,splice_synthetic,0.5,0.07871878393051031,0.22083333333333333,238,0.92,0.22083333333333333,238
652,100,g711u,splice_natural,1.0,0.0820100434310532,0.35912698412698413,238,1.0,0.35912698412698413,238
652,100,g711u,splice_synthetic,1.0,0.08374049945711183,0.32,238,0.9,0.32,238
652,100,g711u,splice_natural,2.0,0.09401939655172414,0.6345108695652174,239,0.74,0.47819767441860467,238
652,100,g711u,splice_synthetic,2.0,0.09993261455525607,0.5774253731343284,238,0.77,0.4839527027027027,238
652,100,g711u,splice_natural,3.0,0.10634781435509984,0.5424382716049383,238,0.7866666666666666,0.4747340425531915,238
652,100,g711u,splice_synthetic,3.0,0.11267370390165687,0.8037790697674418,241,0.76,0.5546875,238
652,100,g711u,splice_natural,5.0,0.1412109375,1.0,246,0.58,0.5137195121951219,238
652,100,g711u,splice_synthetic,5.0,0.147701367781155,1.0,258,0.208,0.5213414634146342,238
652,100,g711u,pause_inject_natural,3.0,0.1269451530612245,1.0,252,0.0,0.13031914893617022,238
652,100,g711u,pause_inject_synthetic,3.0,0.10666187238493724,1.0,247,0.0,0.1276595744680851,238
652,100,g711a,full_natural,60.0,0.5814590867992767,1.0,274,1.0,0.5446428571428571,238
652,100,g711a,full_synthetic,60.0,0.615967607973422,1.0,287,1.0,0.5335365853658537,238
652,100,g711a,splice_natural,0.5,0.07773479913137894,0.18333333333333332,238,0.92,0.18333333333333332,238
652,100,g711a,splice_synthetic,0.5,0.08431094929881337,0.453125,240,0.4,0.15364583333333334,238
652,100,g711a,splice_natural,1.0,0.08458876221498371,0.3285472972972973,238,1.0,0.3285472972972973,238
652,100,g711a,splice_synthetic,1.0,0.09824260042283298,1.0,245,0.0,0.1214622641509434,238
652,100,g711a,splice_natural,2.0,0.09845102813852814,0.5572916666666666,240,0.89,0.5060096153846154,238
652,100,g711a,splice_synthetic,2.0,0.1024,0.8185975609756098,243,0.42,0.41304347826086957,238
652,100,g711a,splice_natural,3.0,0.13553335030549898,1.0,258,0.0,0.12957317073170732,238
652,100,g711a,splice_synthetic,3.0,0.10190586001085188,0.49107142857142855,238,0.68,0.49107142857142855,238
652,100,g711a,splice_natural,5.0,0.13124332264957264,0.6432926829268293,238,0.76,0.49080882352941174,238
652,100,g711a,splice_synthetic,5.0,0.12796508528784648,0.8399390243902439,243,0.636,0.5353260869565217,238
652,100,g711a,pause_inject_natural,3.0,0.12564102564102564,1.0,253,0.0,0.12377450980392157,238
652,100,g711a,pause_inject_synthetic,3.0,0.1323849104859335,1.0,252,0.0,0.13157894736842105,238
652,100,opus16,full_natural,60.0,0.5998001296456352,1.0,282,1.0,0.5409090909090909,238
652,100,opus16,full_synthetic,60.0,0.6132261410788382,1.0,287,1.0,0.541015625,238
652,100,opus16,splice_natural,0.5,0.17412648970747563,0.32661290322580644,238,0.72,0.2801724137931034,238
652,100,opus16,splice_synthetic,0.5,0.17153606290672452,0.27896341463414637,238,0.6,0.2609375,238
652,100,opus16,splice_natural,1.0,0.1913298996302166,1.0,246,0.0,0.20052083333333334,238
652,100,opus16,splice_synthetic,1.0,0.1772529858849077,0.4247881355932203,238,0.76,0.4247881355932203,238
652,100,opus16,splice_natural,2.0,0.18766792047286404,0.6222014925373134,239,0.6,0.49375,238
652,100,opus16,splice_synthetic,2.0,0.18910599571734477,0.6763059701492538,239,0.59,0.5023148148148148,238
652,100,opus16,splice_natural,3.0,0.20242686170212765,0.748641304347826,240,0.6266666666666667,0.5011792452830188,238
652,100,opus16,splice_synthetic,3.0,0.19987326574172892,0.6613372093023255,238,0.6533333333333333,0.47098214285714285,238
652,100,opus16,splice_natural,5.0,0.21426205617382088,0.8698979591836735,243,0.628,0.5158333333333334,238
652,100,opus16,splice_synthetic,5.0,0.21757896145610278,0.6674679487179487,238,0.804,0.552801724137931,238
652,100,opus16,pause_inject_natural,3.0,0.217808831036243,1.0,252,0.0,0.20833333333333334,238
652,100,opus16,pause_inject_synthetic,3.0,0.22306088933804952,1.0,253,0.0,0.19609375,238
652,100,amr122,full_natural,60.0,0.6032273500638027,1.0,285,1.0,0.5355392156862745,238
652,100,amr122,full_synthetic,60.0,0.6159529240978847,1.0,287,1.0,0.53515625,238
652,100,amr122,splice_natural,0.5,0.2872160627366144,0.359375,239,0.76,0.3581081081081081,238
652,100,amr122,splice_synthetic,0.5,0.2901568415359654,0.3706896551724138,239,0.76,0.3706896551724138,238
652,100,amr122,splice_natural,1.0,0.28843564889606893,0.4102822580645161,239,0.36,0.3389830508474576,238
652,100,amr122,splice_synthetic,1.0,0.28846413160733547,0.42142857142857143,239,0.62,0.3769230769230769,238
652,100,amr122,splice_natural,2.0,0.29784528907922914,0.635670731707317,238,0.58,0.4849137931034483,238
652,100,amr122,splice_synthetic,2.0,0.29379365932294466,0.5818014705882353,239,0.56,0.4921875,238
652,100,amr122,splice_natural,3.0,0.3062666666666667,0.6308139534883721,239,0.7333333333333333,0.47466216216216217,238
652,100,amr122,splice_synthetic,3.0,0.3050841795831106,0.6450320512820513,239,0.6933333333333334,0.5055803571428571,238
652,100,amr122,splice_natural,5.0,0.3185943296237414,0.8569444444444444,244,0.672,0.5205696202531646,238
652,100,amr122,splice_synthetic,5.0,0.3190283669141039,0.6866666666666666,239,0.72,0.5392156862745098,238
652,100,amr122,pause_inject_natural,3.0,0.3324279939363315,1.0,256,0.0,0.3389830508474576,238
652,100,amr122,pause_inject_synthetic,3.0,0.32999114372469635,1.0,254,0.0,0.3389830508474576,238
652,100,amr475,full_natural,60.0,0.599651287553648,1.0,285,1.0,0.5377604166666666,238
652,100,amr475,full_synthetic,60.0,0.6144063406547866,1.0,287,1.0,0.529296875,238
652,100,amr475,splice_natural,0.5,0.379247572815534,0.47238372093023256,240,0.8,0.4287974683544304,238
652,100,amr475,splice_synthetic,0.5,0.380663430420712,0.47238372093023256,240,0.68,0.42583333333333334,238
652,100,amr475,splice_natural,1.0,0.38302659860290167,0.5135542168674698,240,0.58,0.46166666666666667,238
652,100,amr475,splice_synthetic,1.0,0.39724855186940494,1.0,248,0.0,0.43125,238
652,100,amr475,splice_natural,2.0,0.3895900106837607,0.5982142857142857,240,0.65,0.4807692307692308,238
652,100,amr475,splice_synthetic,2.0,0.39647198731501054,0.7236111111111111,240,0.51,0.5122549019607843,238
652,100,amr475,splice_natural,3.0,0.42018794147325933,1.0,258,0.0,0.42083333333333334,238
652,100,amr475,splice_synthetic,3.0,0.42107250755287007,1.0,259,0.0,0.4236111111111111,238
652,100,amr475,splice_natural,5.0,0.4028841077085533,0.6700819672131147,240,0.616,0.5370370370370371,238
652,100,amr475,splice_synthetic,5.0,0.42229472883933095,1.0,253,0.316,0.48327464788732394,238
652,100,amr475,pause_inject_natural,3.0,0.42232277526395173,1.0,255,0.0,0.42916666666666664,238
652,100,amr475,pause_inject_synthetic,3.0,0.4016047297297297,1.0,249,0.0,0.42021276595744683,238
652,100,amr122_g711u,full_natural,60.0,0.6006018916595013,1.0,285,1.0,0.532258064516129,238
652,100,amr122_g711u,full_synthetic,60.0,0.6162567455375675,1.0,287,1.0,0.5486111111111112,238
652,100,amr122_g711u,splice_natural,0.5,0.2943850267379679,0.33575581395348836,238,0.0,0.33575581395348836,238
652,100,amr122_g711u,splice_synthetic,0.5,0.2908640803038524,0.36583333333333334,238,1.0,0.36583333333333334,238
652,100,amr122_g711u,splice_natural,1.0,0.29146407347379794,0.4473214285714286,238,0.44,0.38591269841269843,238
652,100,amr122_g711u,splice_synthetic,1.0,0.2898065476190476,0.5093085106382979,238,0.8,0.4636627906976744,238
652,100,amr122_g711u,splice_natural,2.0,0.29928207192699946,0.6123511904761905,238,0.67,0.5074626865671642,238
652,100,amr122_g711u,splice_synthetic,2.0,0.2994623655913978,0.6128731343283582,238,0.72,0.5125,238
652,100,amr122_g711u,splice_natural,3.0,0.3098544973544973,0.9472222222222222,244,0.47333333333333333,0.4971153846153846,238
652,100,amr122_g711u,splice_synthetic,3.0,0.3094414893617021,0.6968390804597702,238,0.62,0.4932692307692308,238
652,100,amr122_g711u,splice_natural,5.0,0.3360053653551354,1.0,251,0.352,0.5204918032786885,238
652,100,amr122_g711u,splice_synthetic,5.0,0.3144395398608882,0.6023936170212766,239,0.72,0.5223214285714286,238
652,100,amr122_g711u,pause_inject_natural,3.0,0.32633196721311475,1.0,253,0.0,0.3473360655737705,238
652,100,amr122_g711u,pause_inject_synthetic,3.0,0.3324784701114488,1.0,254,0.0,0.3294491525423729,238
652,101,g711u,full_natural,60.0,0.5753637566137566,1.0,231,1.0,0.5515625,201
652,101,g711u,full_synthetic,60.0,0.6518089960886571,1.0,283,1.0,0.5290697674418605,201
652,101,g711u,splice_natural,0.5,0.08231707317073171,0.21002906976744187,201,1.0,0.21002906976744187,201
652,101,g711u,splice_synthetic,0.5,0.09123076923076923,0.6152777777777778,204,0.0,0.12884615384615383,201
652,101,g711u,splice_natural,1.0,0.08814102564102565,0.32068452380952384,201,0.96,0.32068452380952384,201
652,101,g711u,splice_synthetic,1.0,0.08329439252336449,0.3272569444444444,201,0.68,0.26609848484848486,201
652,101,g711u,splice_natural,2.0,0.12400206978119456,1.0,212,0.0,0.11037234042553191,201
652,101,g711u,splice_synthetic,2.0,0.104796421961752,0.6394230769230769,201,0.56,0.49776785714285715,201
652,101,g711u,splice_natural,3.0,0.10798977061376318,0.631578947368421,206,0.6333333333333333,0.5134803921568627,201
652,101,g711u,splice_synthetic,3.0,0.11883373934226553,0.7168674698795181,201,0.5333333333333333,0.50125,201
652,101,g711u,splice_natural,5.0,0.1351091635916359,0.6865942028985508,201,0.692,0.5174731182795699,201
652,101,g711u,splice_synthetic,5.0,0.16575452422650322,1.0,215,0.436,0.5217391304347826,201
652,101,g711u,pause_inject_natural,3.0,0.11521804062126642,1.0,216,0.0,0.11352040816326531,201
652,101,g711u,pause_inject_synthetic,3.0,0.1283943329397875,1.0,217,0.0,0.12727272727272726,201
652,101,g711a,full_natural,60.0,0.5686802232854864,1.0,230,1.0,0.5462962962962963,201
652,101,g711a,full_synthetic,60.0,0.6508246527777778,1.0,283,1.0,0.5533854166666666,201
652,101,g711a,splice_natural,0.5,0.07989368355222014,0.25,201,0.72,0.25,201
652,101,g711a,splice_synthetic,0.5,0.07939714108141703,0.27521929824561403,201,0.4,0.12622549019607843,201
652,101,g711a,splice_natural,1.0,0.08626485303314571,0.4522058823529412,201,0.9,0.4522058823529412,201
652,101,g711a,splice_synthetic,1.0,0.09627659574468085,1.0,207,0.0,0.12045454545454545,201
652,101,g711a,splice_natural,2.0,0.09658737562189054,0.5431338028169014,201,0.62,0.4851190476190476,201
652,101,g711a,splice_synthetic,2.0,0.09963258286429018,0.48419540229885055,201,0.88,0.48419540229885055,201
652,101,g711a,splice_natural,3.0,0.11170377241805814,0.6057692307692307,203,0.7466666666666667,0.5,201
652,101,g711a,splice_synthetic,3.0,0.13660245183887915,1.0,218,0.0,0.13048245614035087,201
652,101,g711a,splice_natural,5.0,0.13158700980392157,0.8125,208,0.608,0.5294117647058824,201
652,101,g711a,splice_synthetic,5.0,0.15922619047619047,1.0,219,0.28,0.5,201
652,101,g711a,pause_inject_natural,3.0,0.12321428571428572,1.0,216,0.0,0.11652542372881355,201
652,101,g711a,pause_inject_synthetic,3.0,0.13595210280373832,1.0,219,0.0,0.14375,201
652,101,opus16,full_natural,60.0,0.5766044187269858,1.0,230,1.0,0.532608695652174,201
652,101,opus16,full_synthetic,60.0,0.6527687823834197,1.0,283,1.0,0.5581395348837209,201
652,101,opus16,splice_natural,0.5,0.184353898096992,0.32703488372093026,203,0.0,0.21311475409836064,201
652,101,opus16,splice_synthetic,0.5,0.18719437652811735,0.3241279069767442,203,0.0,0.21875,201
652,101,opus16,splice_natural,1.0,0.19581820931639443,1.0,213,0.0,0.22198275862068967,201
652,101,opus16,splice_synthetic,1.0,0.18784981343283583,0.36160714285714285,203,0.96,0.36160714285714285,201
652,101,opus16,splice_natural,2.0,0.2191167840375587,1.0,217,0.0,0.22093023255813954,201
652,101,opus16,splice_synthetic,2.0,0.22175762910798122,1.0,213,0.0,0.2125,201
652,101,opus16,splice_natural,3.0,0.22179334916864607,1.0,214,0.29333333333333333,0.4791666666666667,201
652,101,opus16,splice_synthetic,3.0,0.20667483159828537,0.7571022727272727,206,0.66,0.5007022471910112,201
652,101,opus16,splice_natural,5.0,0.23561097992916175,1.0,217,0.404,0.5063775510204082,201
652,101,opus16,splice_synthetic,5.0,0.25995357343837927,1.0,224,0.16,0.4609375,201
652,101,opus16,pause_inject_natural,3.0,0.21979841082989995,1.0,217,0.0,0.2273706896551724,201
652,101,opus16,pause_inject_synthetic,3.0,0.2226813926272674,1.0,222,0.0,0.221875,201
652,101,amr122,full_natural,60.0,0.5772194415173867,1.0,230,1.0,0.5301339285714286,201
652,101,amr122,full_synthetic,60.0,0.6544989224137931,1.0,283,1.0,0.5357142857142857,201
652,101,amr122,splice_natural,0.5,0.28797419154228854,0.42296511627906974,203,1.0,0.35119047619047616,201
652,101,amr122,splice_synthetic,0.5,0.2888292910447761,0.42151162790697677,203,0.92,0.3482142857142857,201
652,101,amr122,splice_natural,1.0,0.2934866790582404,0.484375,203,0.94,0.3991071428571429,201
652,101,amr122,splice_synthetic,1.0,0.29963459196102316,0.877906976744186,206,0.14,0.3359375,201
652,101,amr122,splice_natural,2.0,0.30570734669095323,0.7898706896551724,210,0.36,0.42151162790697677,201
652,101,amr122,splice_synthetic,2.0,0.2968555900621118,0.493125,203,1.0,0.493125,201
652,101,amr122,splice_natural,3.0,0.31513196915776986,1.0,213,0.0,0.3220338983050847,201
652,101,amr122,splice_synthetic,3.0,0.325510053222945,1.0,212,0.41333333333333333,0.4816810344827586,201
652,101,amr122,splice_natural,5.0,0.3454732802728823,1.0,229,0.028,0.3138020833333333,201
652,101,amr122,splice_synthetic,5.0,0.3408191676436108,1.0,214,0.528,0.5109011627906976,201
652,101,amr122,pause_inject_natural,3.0,0.32310695344725987,1.0,218,0.0,0.3252551020408163,201
652,101,amr122,pause_inject_synthetic,3.0,0.34104274239816407,1.0,221,0.0,0.3226902173913043,201
652,101,amr475,full_natural,60.0,0.574547006302521,1.0,230,1.0,0.5316091954022989,201
652,101,amr475,full_synthetic,60.0,0.6501527717154081,1.0,283,1.0,0.5283018867924528,201
652,101,amr475,splice_natural,0.5,0.3921531173594132,0.49127906976744184,203,0.0,0.4362745098039216,201
652,101,amr475,splice_synthetic,0.5,0.3818753884400249,0.49273255813953487,203,0.16,0.4362745098039216,201
652,101,amr475,splice_natural,1.0,0.38981879606879605,0.6030405405405406,203,0.38,0.4682203389830508,201
652,101,amr475,splice_synthetic,1.0,0.4004671488848704,1.0,210,0.0,0.4362745098039216,201
652,101,amr475,splice_natural,2.0,0.39393359853121174,0.6726973684210527,203,0.51,0.5122549019607843,201
652,101,amr475,splice_synthetic,2.0,0.3931142769607843,0.76171875,208,0.6,0.5059523809523809,201
652,101,amr475,splice_natural,3.0,0.39289033457249073,0.51,203,0.9266666666666666,0.51,201
652,101,amr475,splice_synthetic,3.0,0.39089640198511166,0.5650510204081632,203,0.8,0.5366847826086957,201
652,101,amr475,splice_natural,5.0,0.4352857142857143,1.0,223,0.232,0.48875,201
652,101,amr475,splice_synthetic,5.0,0.41633303677342826,0.9658018867924528,216,0.444,0.5125,201
652,101,amr475,pause_inject_natural,3.0,0.41127958579881657,1.0,216,0.0,0.4362745098039216,201
652,101,amr475,pause_inject_synthetic,3.0,0.4271732872769142,1.0,220,0.0,0.4362745098039216,201
652,101,amr122_g711u,full_natural,60.0,0.5762823902696985,1.0,230,1.0,0.5317622950819673,201
652,101,amr122_g711u,full_synthetic,60.0,0.6516083765112263,1.0,283,1.0,0.5297131147540983,201
652,101,amr122_g711u,splice_natural,0.5,0.2924953387197017,0.44040697674418605,203,0.92,0.3903061224489796,201
652,101,amr122_g711u,splice_synthetic,0.5,0.2918349906774394,0.43023255813953487,203,0.68,0.3574561403508772,201
652,101,amr122_g711u,splice_natural,1.0,0.2952012383900929,0.5366847826086957,204,0.62,0.4260204081632653,201
652,101,amr122_g711u,splice_synthetic,1.0,0.3069080949482654,0.7427083333333333,208,0.08,0.3451086956521739,201
652,101,amr122_g711u,splice_natural,2.0,0.32823529411764707,1.0,214,0.0,0.328125,201
652,101,amr122_g711u,splice_synthetic,2.0,0.30262748756218905,0.5148195876288659,203,0.96,0.5148195876288659,201
652,101,amr122_g711u,splice_natural,3.0,0.31161917892156865,0.6172945205479452,203,0.6,0.5183189655172413,201
652,101,amr122_g711u,splice_synthetic,3.0,0.3232913669064748,1.0,211,0.41333333333333333,0.50625,201
652,101,amr122_g711u,splice_natural,5.0,0.3349406528189911,0.9590909090909091,215,0.488,0.5081967213114754,201
652,101,amr122_g711u,splice_synthetic,5.0,0.3388643067846608,1.0,213,0.488,0.5083333333333333,201
652,101,amr122_g711u,pause_inject_natural,3.0,0.3293592744294909,1.0,220,0.0,0.31828703703703703,201
652,101,amr122_g711u,pause_inject_synthetic,3.0,0.34014561707035756,1.0,221,0.0,0.32598039215686275,201
777,102,g711u,full_natural,60.0,0.6575079149706016,1.0,276,1.0,0.5333333333333333,196
777,102,g711u,full_synthetic,60.0,0.6734475374732334,1.0,286,1.0,0.5283203125,196
777,102,g711u,splice_natural,0.5,0.07340355497037525,0.3333333333333333,196,0.56,0.20930232558139536,196
777,102,g711u,splice_synthetic,0.5,0.07053163731245923,0.4110169491525424,200,0.04,0.0821078431372549,196
777,102,g711u,splice_natural,1.0,0.09162932138284251,1.0,204,0.0,0.09733606557377049,196
777,102,g711u,splice_synthetic,1.0,0.07869000657462195,0.32954545454545453,196,0.7,0.24358974358974358,196
777,102,g711u,splice_natural,2.0,0.08691341705221414,0.5087209302325582,196,0.87,0.49702380952380953,196
777,102,g711u,splice_synthetic,2.0,0.09149610136452242,0.8155487804878049,200,0.5,0.4413265306122449,196
777,102,g711u,splice_natural,3.0,0.1084666884389288,0.6629098360655737,202,0.7466666666666667,0.5318396226415094,196
777,102,g711u,splice_synthetic,3.0,0.0999755859375,0.5751582278481012,196,0.6466666666666666,0.46732954545454547,196
777,102,g711u,splice_natural,5.0,0.17201166180758018,1.0,221,0.0,0.08639705882352941,196
777,102,g711u,splice_synthetic,5.0,0.12730881399870383,0.6283783783783784,197,0.692,0.509765625,196
777,102,g711u,pause_inject_natural,3.0,0.1103448275862069,1.0,212,0.0,0.10245901639344263,196
777,102,g711u,pause_inject_synthetic,3.0,0.1330841976815131,1.0,214,0.0,0.10126582278481013,196
777,102,g711a,full_natural,60.0,0.6557696654611211,1.0,275,1.0,0.53125,196
777,102,g711a,full_synthetic,60.0,0.6745597079037801,1.0,286,1.0,0.5325342465753424,196
777,102,g711a,splice_natural,0.5,0.07101151315789474,0.3704268292682927,197,0.32,0.15773809523809523,196
777,102,g711a,splice_synthetic,0.5,0.07796223958333333,0.38392857142857145,196,0.0,0.11890243902439024,196
777,102,g711a,splice_natural,1.0,0.07817656765676567,0.3671875,196,0.84,0.32996323529411764,196
777,102,g711a,splice_synthetic,1.0,0.07869914698162729,0.4216417910447761,197,0.54,0.29545454545454547,196
777,102,g711a,splice_natural,2.0,0.09943910256410256,0.9707446808510638,202,0.22,0.30823863636363635,196
777,102,g711a,splice_synthetic,2.0,0.08787779237844941,0.5519366197183099,196,0.6,0.46979166666666666,196
777,102,g711a,splice_natural,3.0,0.1415072859744991,1.0,212,0.0,0.1409313725490196,196
777,102,g711a,splice_synthetic,3.0,0.09768457481872116,0.5491071428571429,196,0.7,0.5068359375,196
777,102,g711a,splice_natural,5.0,0.12745650773195877,0.7984375,201,0.6,0.5085227272727273,196
777,102,g711a,splice_synthetic,5.0,0.16899940440738534,1.0,217,0.144,0.4226190476190476,196
777,102,g711a,pause_inject_natural,3.0,0.1206359102244389,1.0,213,0.0,0.11890243902439024,196
777,102,g711a,pause_inject_synthetic,3.0,0.13576664630421503,1.0,214,0.0,0.13970588235294118,196
777,102,opus16,full_natural,60.0,0.6631543921916593,1.0,278,1.0,0.5410447761194029,196
777,102,opus16,full_synthetic,60.0,0.6743999142734677,1.0,288,1.0,0.5445205479452054,196
777,102,opus16,splice_natural,0.5,0.17860688285903376,0.28173076923076923,196,1.0,0.28173076923076923,196
777,102,opus16,splice_synthetic,0.5,0.18403908794788273,0.6319444444444444,198,0.0,0.2227112676056338,196
777,102,opus16,splice_natural,1.0,0.18342122610415293,0.431640625,196,0.8,0.3728448275862069,196
777,102,opus16,splice_synthetic,1.0,0.1870938921377518,0.49087078651685395,196,0.36,0.257172131147541,196
777,102,opus16,splice_natural,2.0,0.19438976377952755,0.600328947368421,196,0.7,0.5178571428571429,196
777,102,opus16,splice_synthetic,2.0,0.21016221374045801,1.0,202,0.33,0.45884146341463417,196
777,102,opus16,splice_natural,3.0,0.20804905782975958,0.651685393258427,196,0.7266666666666667,0.4918032786885246,196
777,102,opus16,splice_synthetic,3.0,0.20542730844793713,0.6303879310344828,202,0.6933333333333334,0.5138888888888888,196
777,102,opus16,splice_natural,5.0,0.21749506254114548,0.571546052631579,196,0.756,0.5348214285714286,196
777,102,opus16,splice_synthetic,5.0,0.22393155526992287,0.6770833333333334,202,0.608,0.5372983870967742,196
777,102,opus16,pause_inject_natural,3.0,0.24020947176684881,1.0,214,0.0,0.21951219512195122,196
777,102,opus16,pause_inject_synthetic,3.0,0.23427914110429449,1.0,214,0.0,0.21951219512195122,196
777,102,amr122,full_natural,60.0,0.6596664435519857,1.0,277,1.0,0.5701219512195121,196
777,102,amr122,full_synthetic,60.0,0.6714922647185217,1.0,287,1.0,0.528125,196
777,102,amr122,splice_natural,0.5,0.2757352941176471,0.3766891891891892,196,0.72,0.359375,196
777,102,amr122,splice_synthetic,0.5,0.2852428292046936,0.6597222222222222,200,0.0,0.3229166666666667,196
777,102,amr122,splice_natural,1.0,0.27662037037037035,0.4147727272727273,196,0.64,0.4039351851851852,196
777,102,amr122,splice_synthetic,1.0,0.29515895953757226,1.0,201,0.02,0.3213141025641026,196
777,102,amr122,splice_natural,2.0,0.2901844532279315,0.5537790697674418,197,0.79,0.5142405063291139,196
777,102,amr122,splice_synthetic,2.0,0.298828125,0.6302083333333334,196,0.64,0.484375,196
777,102,amr122,splice_natural,3.0,0.29036372613561556,0.552710843373494,196,0.7666666666666667,0.5229430379746836,196
777,102,amr122,splice_synthetic,3.0,0.3281823745410037,1.0,210,0.05333333333333334,0.3213141025641026,196
777,102,amr122,splice_natural,5.0,0.3206888246628131,0.8017857142857143,202,0.648,0.52734375,196
777,102,amr122,splice_synthetic,5.0,0.3116088788075178,0.6143092105263158,197,0.696,0.4947916666666667,196
777,102,amr122,pause_inject_natural,3.0,0.33005789152955517,1.0,213,0.0,0.32581967213114754,196
777,102,amr122,pause_inject_synthetic,3.0,0.3321384990848078,1.0,212,0.0,0.3213141025641026,196
777,102,amr475,full_natural,60.0,0.6633377718597425,1.0,278,1.0,0.524671052631579,196
777,102,amr475,full_synthetic,60.0,0.6689065198618307,1.0,286,1.0,0.529891304347826,196
777,102,amr475,splice_natural,0.5,0.3862778871391076,0.5235655737704918,196,0.4,0.41964285714285715,196
777,102,amr475,splice_synthetic,0.5,0.38443084050297816,0.46986607142857145,196,1.0,0.46986607142857145,196
777,102,amr475,splice_natural,1.0,0.38175675675675674,0.6125,197,0.64,0.5071022727272727,196
777,102,amr475,splice_synthetic,1.0,0.3899063731931669,0.5386029411764706,196,0.74,0.45426829268292684,196
777,102,amr475,splice_natural,2.0,0.3951520601700458,0.6160714285714286,196,0.64,0.4989406779661017,196
777,102,amr475,splice_synthetic,2.0,0.3922257105089227,0.5166139240506329,196,0.88,0.5040584415584416,196
777,102,amr475,splice_natural,3.0,0.41044597186700765,0.7887931034482759,200,0.5266666666666666,0.5186170212765957,196
777,102,amr475,splice_synthetic,3.0,0.40758064516129033,0.7552083333333334,196,0.6333333333333333,0.5554245283018868,196
777,102,amr475,splice_natural,5.0,0.4520980046948357,1.0,220,0.044,0.4166666666666667,196
777,102,amr475,splice_synthetic,5.0,0.41425978535353536,0.8069444444444445,202,0.568,0.5325704225352113,196
777,102,amr475,pause_inject_natural,3.0,0.42846754439681567,1.0,214,0.0,0.4330357142857143,196
777,102,amr475,pause_inject_synthetic,3.0,0.4318700547778454,1.0,213,0.0,0.4255952380952381,196
777,102,amr122_g711u,full_natural,60.0,0.658165548098434,1.0,276,1.0,0.5472560975609756,196
777,102,amr122_g711u,full_synthetic,60.0,0.669804704359085,1.0,287,1.0,0.5263671875,196
777,102,amr122_g711u,splice_natural,0.5,0.275397088021178,0.3637295081967213,196,0.84,0.3637295081967213,196
777,102,amr122_g711u,splice_synthetic,0.5,0.27754798146922566,0.3760245901639344,196,1.0,0.3760245901639344,196
777,102,amr122_g711u,splice_natural,1.0,0.3013764404609475,1.0,203,0.0,0.3260542168674699,196
777,102,amr122_g711u,splice_synthetic,1.0,0.29092310188189485,0.7907608695652174,201,0.2,0.32756024096385544,196
777,102,amr122_g711u,splice_natural,2.0,0.31167400881057267,1.0,207,0.12,0.3586309523809524,196
777,102,amr122_g711u,splice_synthetic,2.0,0.2950391644908616,0.632120253164557,196,0.62,0.5009615384615385,196
777,102,amr122_g711u,splice_natural,3.0,0.3126597444089457,1.0,202,0.5733333333333334,0.4875,196
777,102,amr122_g711u,splice_synthetic,3.0,0.2973546701502286,0.6314102564102564,196,0.66,0.5043103448275862,196
777,102,amr122_g711u,splice_natural,5.0,0.3142639512508018,0.6392045454545454,198,0.652,0.4856418918918919,196
777,102,amr122_g711u,splice_synthetic,5.0,0.33167884371029227,0.7930555555555555,200,0.664,0.5143072289156626,196
777,102,amr122_g711u,pause_inject_natural,3.0,0.3211473131562693,1.0,211,0.0,0.32831325301204817,196
777,102,amr122_g711u,pause_inject_synthetic,3.0,0.3297888616891065,1.0,212,0.0,0.3335843373493976,196
777,103,g711u,full_natural,60.0,0.628131021194605,1.0,264,1.0,0.5321428571428571,196
777,103,g711u,full_synthetic,60.0,0.6768789144050105,1.0,290,1.0,0.5388888888888889,196
777,103,g711u,splice_natural,0.5,0.06262246897452646,0.17857142857142858,196,0.8,0.17857142857142858,196
777,103,g711u,splice_synthetic,0.5,0.06745328608247422,0.4144736842105263,197,0.12,0.0890625,196
777,103,g711u,splice_natural,1.0,0.07884118786313751,0.5197916666666667,196,0.48,0.31398809523809523,196
777,103,g711u,splice_synthetic,1.0,0.08655973451327434,1.0,203,0.0,0.1044921875,196
777,103,g711u,splice_natural,2.0,0.08327900912646675,0.5251623376623377,196,0.75,0.5059121621621622,196
777,103,g711u,splice_synthetic,2.0,0.11302946593001842,1.0,210,0.0,0.09895833333333333,196
777,103,g711u,splice_natural,3.0,0.10009609224855862,0.720108695652174,199,0.54,0.48253676470588236,196
777,103,g711u,splice_synthetic,3.0,0.10749211356466877,0.7808823529411765,200,0.5,0.4735576923076923,196
777,103,g711u,splice_natural,5.0,0.15354241877256317,1.0,215,0.24,0.5328389830508474,196
777,103,g711u,splice_synthetic,5.0,0.1415960451977401,0.7807971014492754,202,0.652,0.49623493975903615,196
777,103,g711u,pause_inject_natural,3.0,0.1318524096385542,1.0,213,0.0,0.11666666666666667,196
777,103,g711u,pause_inject_synthetic,3.0,0.13338093806374024,1.0,215,0.0,0.10505319148936171,196
777,103,g711a,full_natural,60.0,0.6247283920811202,1.0,259,1.0,0.5397727272727273,196
777,103,g711a,full_synthetic,60.0,0.6758302005012531,1.0,290,1.0,0.5357142857142857,196
777,103,g711a,splice_natural,0.5,0.06401045068582625,0.2273706896551724,196,0.8,0.2273706896551724,196
777,103,g711a,splice_synthetic,0.5,0.07456563706563707,0.5430555555555555,198,0.0,0.11295180722891567,196
777,103,g711a,splice_natural,1.0,0.07550226830848995,0.4330357142857143,196,0.68,0.31573275862068967,196
777,103,g711a,splice_synthetic,1.0,0.08849557522123894,1.0,206,0.0,0.08774038461538461,196
777,103,g711a,splice_natural,2.0,0.09996019108280255,0.709280303030303,201,0.55,0.4756944444444444,196
777,103,g711a,splice_synthetic,2.0,0.0933081619537275,0.6627358490566038,201,0.59,0.486228813559322,196
777,103,g711a,splice_natural,3.0,0.10026041666666667,0.8200757575757576,203,0.29333333333333333,0.4679878048780488,196
777,103,g711a,splice_synthetic,3.0,0.11889862327909888,0.890625,203,0.43333333333333335,0.49255952380952384,196
777,103,g711a,splice_natural,5.0,0.1246414913957935,0.673728813559322,198,0.624,0.4938858695652174,196
777,103,g711a,splice_synthetic,5.0,0.1301036432160804,0.7904929577464789,201,0.516,0.4987745098039216,196
777,103,g711a,pause_inject_natural,3.0,0.12737628243814123,1.0,213,0.0,0.0963855421686747,196
777,103,g711a,pause_inject_synthetic,3.0,0.1390839808726838,1.0,215,0.0,0.10993975903614457,196
777,103,opus16,full_natural,60.0,0.657657155595185,1.0,273,1.0,0.5304276315789473,196
777,103,opus16,full_synthetic,60.0,0.6841834635952283,1.0,290,1.0,0.5324675324675324,196
777,103,opus16,splice_natural,0.5,0.1787893384714194,0.1956521739130435,196,0.0,0.1956521739130435,196
777,103,opus16,splice_synthetic,0.5,0.1724387886597938,0.46271929824561403,197,0.0,0.1918402777777778,196
777,103,opus16,splice_natural,1.0,0.1723546701502286,0.3802083333333333,196,0.9,0.3802083333333333,196
777,103,opus16,splice_synthetic,1.0,0.17639246619446233,0.47165697674418605,196,0.48,0.2900390625,196
777,103,opus16,splice_natural,2.0,0.1843158066623122,0.4470108695652174,196,0.92,0.4470108695652174,196
777,103,opus16,splice_synthetic,2.0,0.20852552275522757,1.0,208,0.0,0.2027439024390244,196
777,103,opus16,splice_natural,3.0,0.1965952994204765,0.6520522388059702,196,0.5866666666666667,0.5098039215686274,196
777,103,opus16,splice_synthetic,3.0,0.20110247461928935,0.7840909090909091,199,0.5466666666666666,0.5265625,196
777,103,opus16,splice_natural,5.0,0.22963483146067415,0.8486111111111111,200,0.588,0.49278846153846156,196
777,103,opus16,splice_synthetic,5.0,0.22570322376738305,0.6736111111111112,197,0.672,0.5224609375,196
777,103,opus16,pause_inject_natural,3.0,0.2206306990881459,1.0,212,0.0,0.1975,196
777,103,opus16,pause_inject_synthetic,3.0,0.22945359281437125,1.0,215,0.0,0.19140625,196
777,103,amr122,full_natural,60.0,0.6536666666666666,1.0,273,1.0,0.5248161764705882,196
777,103,amr122,full_synthetic,60.0,0.6834328665568369,1.0,290,1.0,0.5296875,196
777,103,amr122,splice_natural,0.5,0.2729833442194644,0.33564814814814814,196,0.92,0.33564814814814814,196
777,103,amr122,splice_synthetic,0.5,0.27245264532984975,0.3276209677419355,196,0.84,0.3276209677419355,196
777,103,amr122,splice_natural,1.0,0.27817989590110603,0.5133196721311475,196,0.8,0.4602272727272727,196
777,103,amr122,splice_synthetic,1.0,0.2915613147914033,1.0,203,0.0,0.30809859154929575,196
777,103,amr122,splice_natural,2.0,0.2865566037735849,0.5559895833333334,196,0.91,0.5050403225806451,196
777,103,amr122,splice_synthetic,2.0,0.31065384615384617,1.0,210,0.0,0.30978260869565216,196
777,103,amr122,splice_natural,3.0,0.3312874251497006,1.0,215,0.0,0.30838815789473684,196
777,103,amr122,splice_synthetic,3.0,0.31939734895191124,1.0,205,0.38,0.5014880952380952,196
777,103,amr122,splice_natural,5.0,0.3188286163522013,0.8116883116883117,201,0.5,0.5223214285714286,196
777,103,amr122,splice_synthetic,5.0,0.34638774912075027,1.0,219,0.116,0.39668367346938777,196
777,103,amr122,pause_inject_natural,3.0,0.3169288332315211,1.0,211,0.0,0.3001760563380282,196
777,103,amr122,pause_inject_synthetic,3.0,0.3288369304556355,1.0,215,0.0,0.2992957746478873,196
777,103,amr475,full_natural,60.0,0.6588472590627763,1.0,274,1.0,0.5472560975609756,196
777,103,amr475,full_synthetic,60.0,0.6756065400843881,1.0,285,1.0,0.5357142857142857,196
777,103,amr475,splice_natural,0.5,0.3711218158066623,0.40691489361702127,196,0.92,0.40691489361702127,196
777,103,amr475,splice_synthetic,0.5,0.37877328195247273,0.7127976190476191,198,0.0,0.39903846153846156,196
777,103,amr475,splice_natural,1.0,0.37279699738903394,0.4559659090909091,196,0.86,0.44971264367816094,196
777,103,amr475,splice_synthetic,1.0,0.37565019505851754,0.5843023255813954,199,0.6,0.4701086956521739,196
777,103,amr475,splice_natural,2.0,0.41180981595092025,1.0,210,0.0,0.41964285714285715,196
777,103,amr475,splice_synthetic,2.0,0.40732493857493857,1.0,208,0.0,0.4098557692307692,196
777,103,amr475,splice_natural,3.0,0.3896496815286624,0.7479508196721312,200,0.5333333333333333,0.4875,196
777,103,amr475,splice_synthetic,3.0,0.39956896551724136,0.8832831325301205,203,0.42,0.48660714285714285,196
777,103,amr475,splice_natural,5.0,0.4197182037371911,1.0,212,0.2,0.48625,196
777,103,amr475,splice_synthetic,5.0,0.3968330134357006,0.7023026315789473,196,0.732,0.5162037037037037,196
777,103,amr475,pause_inject_natural,3.0,0.4168557168784029,1.0,212,0.0,0.4095744680851064,196
777,103,amr475,pause_inject_synthetic,3.0,0.42398446833930703,1.0,215,0.0,0.4098557692307692,196
777,103,amr122_g711u,full_natural,60.0,0.6532114183764496,1.0,273,1.0,0.5401119402985075,196
777,103,amr122_g711u,full_synthetic,60.0,0.6763411567476949,1.0,287,1.0,0.53125,196
777,103,amr122_g711u,splice_natural,0.5,0.27282005225342915,0.33428030303030304,196,0.68,0.33428030303030304,196
777,103,amr122_g711u,splice_synthetic,0.5,0.2732691051600261,0.4,196,0.84,0.4,196
777,103,amr122_g711u,splice_natural,1.0,0.27673905943827565,0.45267857142857143,196,1.0,0.45267857142857143,196
777,103,amr122_g711u,splice_synthetic,1.0,0.29489715189873417,1.0,205,0.0,0.3149671052631579,196
777,103,amr122_g711u,splice_natural,2.0,0.28868276085547634,0.5563271604938271,196,0.71,0.4791666666666667,196
777,103,amr122_g711u,splice_synthetic,2.0,0.28235150130548303,0.5048611111111111,196,0.86,0.49929775280898875,196
777,103,amr122_g711u,splice_natural,3.0,0.2970268956578095,0.5669642857142857,196,0.84,0.5067771084337349,196
777,103,amr122_g711u,splice_synthetic,3.0,0.29827530625402965,0.6164772727272727,196,0.7666666666666667,0.5050872093023255,196
777,103,amr122_g711u,splice_natural,5.0,0.3147914032869785,0.7945075757575758,201,0.584,0.510593220338983,196
777,103,amr122_g711u,splice_synthetic,5.0,0.31750635727908455,0.7526041666666666,197,0.664,0.5279850746268657,196
777,103,amr122_g711u,pause_inject_natural,3.0,0.32884846662657846,1.0,215,0.0,0.30985915492957744,196
777,103,amr122_g711u,pause_inject_synthetic,3.0,0.31246144355336214,1.0,210,0.0,0.323943661971831,196
777,104,g711u,full_natural,60.0,0.6527838667251206,1.0,277,1.0,0.5473484848484849,211
777,104,g711u,full_synthetic,60.0,0.6597728246892414,1.0,290,1.0,0.5610795454545454,211
777,104,g711u,splice_natural,0.5,0.07148511716276124,0.3444767441860465,212,0.76,0.26676829268292684,211
777,104,g711u,splice_synthetic,0.5,0.06958069620253164,0.34226190476190477,212,0.68,0.20212765957446807,211
777,104,g711u,splice_natural,1.0,0.0790800252047889,0.5021186440677966,211,0.72,0.375,211
777,104,g711u,splice_synthetic,1.0,0.07294303797468354,0.38619402985074625,211,0.72,0.33669354838709675,211
777,104,g711u,splice_natural,2.0,0.11389802631578948,1.0,223,0.0,0.09732142857142857,211
777,104,g711u,splice_synthetic,2.0,0.0886867088607595,0.5046052631578948,211,0.92,0.47708333333333336,211
777,104,g711u,splice_natural,3.0,0.11728347665847666,0.7925824175824175,216,0.58,0.5244565217391305,211
777,104,g711u,splice_synthetic,3.0,0.09696372239747635,0.550531914893617,212,0.8466666666666667,0.49702380952380953,211
777,104,g711u,splice_natural,5.0,0.15134085580304807,1.0,227,0.3,0.4861111111111111,211
777,104,g711u,splice_synthetic,5.0,0.15409170052234475,1.0,231,0.172,0.47606382978723405,211
777,104,g711u,pause_inject_natural,3.0,0.13966094295692666,1.0,227,0.0,0.11674528301886793,211
777,104,g711u,pause_inject_synthetic,3.0,0.13706140350877194,1.0,227,0.0,0.140625,211
777,104,g711a,full_natural,60.0,0.6514518257809063,1.0,277,1.0,0.5267857142857143,211
777,104,g711a,full_synthetic,60.0,0.6614225986277873,1.0,290,1.0,0.5439814814814815,211
777,104,g711a,splice_natural,0.5,0.07247173366834171,0.49702380952380953,213,0.24,0.12957317073170732,211
777,104,g711a,splice_synthetic,0.5,0.0690079365079365,0.33238636363636365,211,1.0,0.33238636363636365,211
777,104,g711a,splice_natural,1.0,0.08811538461538461,1.0,221,0.0,0.103125,211
777,104,g711a,splice_synthetic,1.0,0.08378651336233686,0.6822916666666666,218,0.2,0.15159574468085107,211
777,104,g711a,splice_natural,2.0,0.09825310559006212,0.7035060975609756,218,0.56,0.48793859649122806,211
777,104,g711a,splice_synthetic,2.0,0.09057003768844221,0.5709269662921348,211,0.72,0.4696180555555556,211
777,104,g711a,splice_natural,3.0,0.10462382445141066,0.6637931034482759,213,0.78,0.505,211
777,104,g711a,splice_synthetic,3.0,0.11668964460784313,0.7888719512195121,219,0.5,0.5104166666666666,211
777,104,g711a,splice_natural,5.0,0.1803392658509455,1.0,240,0.0,0.10526315789473684,211
777,104,g711a,splice_synthetic,5.0,0.13086180124223604,0.7159810126582279,211,0.696,0.5307017543859649,211
777,104,g711a,pause_inject_natural,3.0,0.13712631887456037,1.0,226,0.0,0.1046875,211
777,104,g711a,pause_inject_synthetic,3.0,0.13437316930287052,1.0,227,0.0,0.10855263157894737,211
777,104,opus16,full_natural,60.0,0.6547645006541648,1.0,276,1.0,0.5342261904761905,211
777,104,opus16,full_synthetic,60.0,0.6623293515358362,1.0,290,1.0,0.53125,211
777,104,opus16,splice_natural,0.5,0.17994939911448452,0.3651315789473684,212,0.68,0.29044117647058826,211
777,104,opus16,splice_synthetic,0.5,0.1846111805121799,0.5057692307692307,213,0.0,0.20098039215686275,211
777,104,opus16,splice_natural,1.0,0.18372878692646136,0.5590909090909091,213,0.52,0.3508522727272727,211
777,104,opus16,splice_synthetic,1.0,0.18584801762114536,0.6526162790697675,217,0.62,0.39228723404255317,211
777,104,opus16,splice_natural,2.0,0.20064975247524752,0.7791666666666667,216,0.48,0.5,211
777,104,opus16,splice_synthetic,2.0,0.19960181136789507,0.6772260273972602,212,0.64,0.5010964912280702,211
777,104,opus16,splice_natural,3.0,0.22263964784456589,1.0,219,0.4266666666666667,0.5079787234042553,211
777,104,opus16,splice_synthetic,3.0,0.1928750784682988,0.6172945205479452,211,0.5466666666666666,0.5159090909090909,211
777,104,opus16,splice_natural,5.0,0.22536355198019803,0.7126524390243902,211,0.656,0.5268987341772152,211
777,104,opus16,splice_synthetic,5.0,0.25047459112149534,1.0,230,0.224,0.4969512195121951,211
777,104,opus16,pause_inject_natural,3.0,0.24064502038439137,1.0,227,0.0,0.21271929824561403,211
777,104,opus16,pause_inject_synthetic,3.0,0.23247354497354497,1.0,227,0.0,0.2107843137254902,211
777,104,amr122,full_natural,60.0,0.6525614304519526,1.0,277,1.0,0.5280448717948718,211
777,104,amr122,full_synthetic,60.0,0.6603854389721627,1.0,290,1.0,0.5305851063829787,211
777,104,amr122,splice_natural,0.5,0.2788888888888889,0.39625,211,1.0,0.39625,211
777,104,amr122,splice_synthetic,0.5,0.28294451450189156,0.415,211,0.28,0.3445121951219512,211
777,104,amr122,splice_natural,1.0,0.2947865099009901,0.7306985294117647,218,0.14,0.328804347826087,211
777,104,amr122,splice_synthetic,1.0,0.28710567823343847,0.6037234042553191,212,0.74,0.42686170212765956,211
777,104,amr122,splice_natural,2.0,0.29253308128544425,0.5632267441860465,211,0.81,0.49239864864864863,211
777,104,amr122,splice_synthetic,2.0,0.2892552182163188,0.5099085365853658,211,0.76,0.4712171052631579,211
777,104,amr122,splice_natural,3.0,0.29941860465116277,0.6298701298701299,211,0.72,0.5327868852459017,211
777,104,amr122,splice_synthetic,3.0,0.2987468474148802,0.5765845070422535,211,0.7666666666666667,0.5227272727272727,211
777,104,amr122,splice_natural,5.0,0.3606837606837607,1.0,231,0.208,0.5146276595744681,211
777,104,amr122,splice_synthetic,5.0,0.3430410122164049,1.0,227,0.244,0.5034722222222222,211
777,104,amr122,pause_inject_natural,3.0,0.3361466821885914,1.0,227,0.0,0.3246951219512195,211
777,104,amr122,pause_inject_synthetic,3.0,0.33169406928948914,1.0,226,0.0,0.3246951219512195,211
777,104,amr475,full_natural,60.0,0.6527899343544857,1.0,277,1.0,0.5390625,211
777,104,amr475,full_synthetic,60.0,0.6609354976505767,1.0,290,1.0,0.5319148936170213,211
777,104,amr475,splice_natural,0.5,0.39049812617114305,0.43990384615384615,211,0.0,0.43990384615384615,211
777,104,amr475,splice_synthetic,0.5,0.39234375,0.43990384615384615,211,0.0,0.43990384615384615,211
777,104,amr475,splice_natural,1.0,0.38494946304485156,0.5252016129032258,211,0.6,0.4548611111111111,211
777,104,amr475,splice_synthetic,1.0,0.3849826388888889,0.5444711538461539,211,0.56,0.4491279069767442,211
777,104,amr475,splice_natural,2.0,0.41369584837545126,1.0,221,0.08,0.4423076923076923,211
777,104,amr475,splice_synthetic,2.0,0.38667669411019634,0.5284722222222222,211,0.87,0.5125,211
777,104,amr475,splice_natural,3.0,0.3976601368159204,0.6481481481481481,212,0.58,0.5033482142857143,211
777,104,amr475,splice_synthetic,3.0,0.40236801242236025,0.6146978021978022,213,0.6866666666666666,0.5059840425531915,211
777,104,amr475,splice_natural,5.0,0.40835132634176435,0.774264705882353,213,0.728,0.5060096153846154,211
777,104,amr475,splice_synthetic,5.0,0.42225332929782083,0.8297697368421053,219,0.564,0.534375,211
777,104,amr475,pause_inject_natural,3.0,0.43100933488914817,1.0,227,0.0,0.4351851851851852,211
777,104,amr475,pause_inject_synthetic,3.0,0.42677732079905994,1.0,225,0.0,0.4351851851851852,211
777,104,amr122_g711u,full_natural,60.0,0.652451733216323,1.0,277,1.0,0.5353618421052632,211
777,104,amr122_g711u,full_synthetic,60.0,0.6614561027837259,1.0,290,1.0,0.535904255319149,211
777,104,amr122_g711u,splice_natural,0.5,0.28150728309056366,0.40558510638297873,211,0.52,0.35560344827586204,211
777,104,amr122_g711u,splice_synthetic,0.5,0.2915755777638976,0.3319672131147541,211,0.0,0.3319672131147541,211
777,104,amr122_g711u,splice_natural,1.0,0.29400470219435737,0.5472972972972973,211,0.42,0.3927083333333333,211
777,104,amr122_g711u,splice_synthetic,1.0,0.28790271636133924,0.5784574468085106,212,0.74,0.44148936170212766,211
777,104,amr122_g711u,splice_natural,2.0,0.30727554179566563,0.7299382716049383,212,0.57,0.48936170212765956,211
777,104,amr122_g711u,splice_synthetic,2.0,0.30207045735475896,0.7766393442622951,218,0.39,0.5060975609756098,211
777,104,amr122_g711u,splice_natural,3.0,0.32350723763570566,1.0,219,0.36,0.5023148148148148,211
777,104,amr122_g711u,splice_synthetic,3.0,0.3127327746741155,0.7383333333333333,213,0.6666666666666666,0.5192307692307693,211
777,104,amr122_g711u,splice_natural,5.0,0.35989909039226836,1.0,232,0.132,0.4771341463414634,211
777,104,amr122_g711u,splice_synthetic,5.0,0.3619776962168266,1.0,234,0.032,0.34603658536585363,211
777,104,amr122_g711u,pause_inject_natural,3.0,0.33834696261682246,1.0,227,0.0,0.33811475409836067,211
777,104,amr122_g711u,pause_inject_synthetic,3.0,0.33983236151603496,1.0,227,0.0,0.3391393442622951,211
7850,105,g711u,full_natural,60.0,0.5790395966551893,1.0,234,1.0,0.5338983050847458,210
7850,105,g711u,full_synthetic,60.0,0.6387563613231552,1.0,288,1.0,0.5552325581395349,210
7850,105,g711u,splice_natural,0.5,0.08032596041909197,0.1125,210,0.0,0.1125,210
7850,105,g711u,splice_synthetic,0.5,0.07165534554046073,0.24390243902439024,210,0.64,0.225,210
7850,105,g711u,splice_natural,1.0,0.07701684397163121,0.3232758620689655,210,1.0,0.3232758620689655,210
7850,105,g711u,splice_synthetic,1.0,0.0783096926713948,0.3283450704225352,210,0.78,0.3283450704225352,210
7850,105,g711u,splice_natural,2.0,0.08944281524926687,0.57578125,210,0.69,0.49347014925373134,210
7850,105,g711u,splice_synthetic,2.0,0.09925621028307337,0.7640845070422535,215,0.37,0.38858695652173914,210
7850,105,g711u,splice_natural,3.0,0.11059941520467836,0.6240384615384615,213,0.7933333333333333,0.5338541666666666,210
7850,105,g711u,splice_synthetic,3.0,0.10874635568513119,0.6484375,210,0.7266666666666667,0.5240384615384616,210
7850,105,g711u,splice_natural,5.0,0.12739269141531323,0.7355769230769231,215,0.664,0.492816091954023,210
7850,105,g711u,splice_synthetic,5.0,0.12711247086247085,0.6910211267605634,210,0.744,0.5388719512195121,210
7850,105,g711u,pause_inject_natural,3.0,0.13489010989010988,1.0,226,0.0,0.14266304347826086,210
7850,105,g711u,pause_inject_synthetic,3.0,0.12979442604856511,1.0,225,0.0,0.15217391304347827,210
7850,105,g711a,full_natural,60.0,0.5799261083743842,1.0,234,1.0,0.5290178571428571,210
7850,105,g711a,full_synthetic,60.0,0.6386503392705682,1.0,286,1.0,0.5513888888888889,210
7850,105,g711a,splice_natural,0.5,0.07369237588652482,0.3018292682926829,210,0.92,0.3018292682926829,210
7850,105,g711a,splice_synthetic,0.5,0.07613031914893617,0.20073529411764707,210,1.0,0.20073529411764707,210
7850,105,g711a,splice_natural,1.0,0.07927009456264776,0.4263888888888889,210,0.88,0.4263888888888889,210
7850,105,g711a,splice_synthetic,1.0,0.09344095404304828,0.5886194029850746,212,0.42,0.3109375,210
7850,105,g711a,splice_natural,2.0,0.09319787985865724,0.5403225806451613,210,0.87,0.5086206896551724,210
7850,105,g711a,splice_synthetic,2.0,0.09349234393404005,0.5520833333333334,212,0.79,0.46467391304347827,210
7850,105,g711a,splice_natural,3.0,0.1145297312750143,1.0,217,0.46,0.49441964285714285,210
7850,105,g711a,splice_synthetic,3.0,0.1097027972027972,0.65,210,0.76,0.5298507462686567,210
7850,105,g711a,splice_natural,5.0,0.14066035067873303,1.0,218,0.556,0.5203488372093024,210
7850,105,g711a,splice_synthetic,5.0,0.1423337091319053,0.9781976744186046,220,0.456,0.5208333333333334,210
7850,105,g711a,pause_inject_natural,3.0,0.13616071428571427,1.0,226,0.0,0.12092391304347826,210
7850,105,g711a,pause_inject_synthetic,3.0,0.1288716814159292,1.0,226,0.0,0.1035958904109589,210
7850,105,opus16,full_natural,60.0,0.5795121951219512,1.0,236,1.0,0.5511363636363636,210
7850,105,opus16,full_synthetic,60.0,0.6389708983551244,1.0,287,1.0,0.5383522727272727,210
7850,105,opus16,splice_natural,0.5,0.15233451536643025,0.24695121951219512,210,1.0,0.24695121951219512,210
7850,105,opus16,splice_synthetic,0.5,0.15166962174940898,0.2491554054054054,210,1.0,0.2491554054054054,210
7850,105,opus16,splice_natural,1.0,0.15684031877213694,0.34730113636363635,210,0.82,0.3321220930232558,210
7850,105,opus16,splice_synthetic,1.0,0.15829646017699114,0.5453125,211,0.72,0.4527439024390244,210
7850,105,opus16,splice_natural,2.0,0.18814102564102564,1.0,216,0.28,0.39680232558139533,210
7850,105,opus16,splice_synthetic,2.0,0.17078234265734266,0.6319444444444444,210,0.66,0.4981060606060606,210
7850,105,opus16,splice_natural,3.0,0.18592316513761467,1.0,216,0.43333333333333335,0.5174418604651163,210
7850,105,opus16,splice_synthetic,3.0,0.19273486134691567,1.0,218,0.26666666666666666,0.4622395833333333,210
7850,105,opus16,splice_natural,5.0,0.22932330827067668,1.0,232,0.06,0.24709302325581395,210
7850,105,opus16,splice_synthetic,5.0,0.22931314223904814,1.0,231,0.24,0.5113636363636364,210
7850,105,opus16,pause_inject_natural,3.0,0.20923763736263737,1.0,225,0.0,0.19661458333333334,210
7850,105,opus16,pause_inject_synthetic,3.0,0.21,1.0,226,0.0,0.20416666666666666,210
7850,105,amr122,full_natural,60.0,0.581655206286837,1.0,234,1.0,0.5416666666666666,210
7850,105,amr122,full_synthetic,60.0,0.6428609006734006,1.0,288,1.0,0.5355769230769231,210
7850,105,amr122,splice_natural,0.5,0.2491873522458629,0.41356382978723405,210,1.0,0.41356382978723405,210
7850,105,amr122,splice_synthetic,0.5,0.25167932242990654,0.578125,212,0.12,0.28940217391304346,210
7850,105,amr122,splice_natural,1.0,0.2619527649769585,1.0,215,0.08,0.28532608695652173,210
7850,105,amr122,splice_synthetic,1.0,0.2601508120649652,0.8720238095238095,214,0.32,0.30959302325581395,210
7850,105,amr122,splice_natural,2.0,0.2650576368876081,0.7972756410256411,212,0.36,0.5078125,210
7850,105,amr122,splice_synthetic,2.0,0.25763807285546414,0.5969551282051282,210,0.68,0.5376838235294118,210
7850,105,amr122,splice_natural,3.0,0.2687901342673672,0.6278735632183908,210,0.7066666666666667,0.5503472222222222,210
7850,105,amr122,splice_synthetic,3.0,0.2673631547969394,0.5292119565217391,210,0.8466666666666667,0.5028735632183908,210
7850,105,amr122,splice_natural,5.0,0.2969898247597513,0.8856382978723404,215,0.576,0.5494186046511628,210
7850,105,amr122,splice_synthetic,5.0,0.2792576741440378,0.5301966292134831,210,0.88,0.5193965517241379,210
7850,105,amr122,pause_inject_natural,3.0,0.2998768472906404,1.0,226,0.0,0.30027173913043476,210
7850,105,amr122,pause_inject_synthetic,3.0,0.29496699669966997,1.0,226,0.0,0.28733766233766234,210
7850,105,amr475,full_natural,60.0,0.5836802154750245,1.0,235,1.0,0.5377906976744186,210
7850,105,amr475,full_synthetic,60.0,0.6394862288135593,1.0,287,1.0,0.5370370370370371,210
7850,105,amr475,splice_natural,0.5,0.3545910942956927,0.639344262295082,212,0.0,0.4076923076923077,210
7850,105,amr475,splice_synthetic,0.5,0.34755466903073284,0.44722222222222224,210,1.0,0.44722222222222224,210
7850,105,amr475,splice_natural,1.0,0.3497787610619469,0.48214285714285715,210,0.66,0.46114864864864863,210
7850,105,amr475,splice_synthetic,1.0,0.35818840579710143,0.8464673913043478,213,0.3,0.41057692307692306,210
7850,105,amr475,splice_natural,2.0,0.37059408754974416,1.0,217,0.24,0.4634146341463415,210
7850,105,amr475,splice_synthetic,2.0,0.3566090269636577,0.5771604938271605,210,0.65,0.48880597014925375,210
7850,105,amr475,splice_natural,3.0,0.3629807692307692,0.6522887323943662,210,0.6733333333333333,0.48677884615384615,210
7850,105,amr475,splice_synthetic,3.0,0.3655510675129833,0.7765625,212,0.5666666666666667,0.5228658536585366,210
7850,105,amr475,splice_natural,5.0,0.3854807154835103,1.0,221,0.416,0.5045731707317073,210
7850,105,amr475,splice_synthetic,5.0,0.38002423033067273,0.7515625,217,0.544,0.5149456521739131,210
7850,105,amr475,pause_inject_natural,3.0,0.3901869158878505,1.0,225,0.0,0.4076923076923077,210
7850,105,amr475,pause_inject_synthetic,3.0,0.38329861111111113,1.0,223,0.0,0.4076923076923077,210
7850,105,amr122_g711u,full_natural,60.0,0.5804933562992126,1.0,234,1.0,0.5361328125,210
7850,105,amr122_g711u,full_synthetic,60.0,0.6401827207435572,1.0,288,1.0,0.5503048780487805,210
7850,105,amr122_g711u,splice_natural,0.5,0.25339834515366433,0.3094512195121951,210,0.92,0.3094512195121951,210
7850,105,amr122_g711u,splice_synthetic,0.5,0.2541715888954519,0.375,210,0.8,0.3656716417910448,210
7850,105,amr122_g711u,splice_natural,1.0,0.2553560874704492,0.40476190476190477,210,0.94,0.40476190476190477,210
7850,105,amr122_g711u,splice_synthetic,1.0,0.2591588511137163,0.4671474358974359,210,0.58,0.35507246376811596,210
7850,105,amr122_g711u,splice_natural,2.0,0.27492042824074076,0.8953804347826086,214,0.51,0.5377906976744186,210
7850,105,amr122_g711u,splice_synthetic,2.0,0.2692644483362522,0.6155523255813954,210,0.65,0.4913461538461538,210
7850,105,amr122_g711u,splice_natural,3.0,0.27670256111757857,0.6279761904761905,210,0.7,0.503125,210
7850,105,amr122_g711u,splice_synthetic,3.0,0.2872657580919932,1.0,218,0.36,0.49625,210
7850,105,amr122_g711u,splice_natural,5.0,0.3095187991021324,1.0,221,0.448,0.5402777777777777,210
7850,105,amr122_g711u,splice_synthetic,5.0,0.3083058305830583,1.0,226,0.18,0.5159883720930233,210
7850,105,amr122_g711u,pause_inject_natural,3.0,0.30488891936368623,1.0,225,0.0,0.30357142857142855,210
7850,105,amr122_g711u,pause_inject_synthetic,3.0,0.2937361265260821,1.0,224,0.0,0.30357142857142855,210
7850,106,g711u,full_natural,60.0,0.6295018709073901,1.0,273,1.0,0.5275297619047619,210
7850,106,g711u,full_synthetic,60.0,0.6516132572431957,1.0,278,1.0,0.525,210
7850,106,g711u,splice_natural,0.5,0.088671875,0.1173780487804878,210,0.0,0.1173780487804878,210
7850,106,g711u,splice_synthetic,0.5,0.08543650793650794,0.3170731707317073,210,0.92,0.3170731707317073,210
7850,106,g711u,splice_natural,1.0,0.08078016424510423,0.29829545454545453,213,0.08,0.13392857142857142,210
7850,106,g711u,splice_synthetic,1.0,0.09176118462507876,0.5510204081632653,213,0.6,0.3856707317073171,210
7850,106,g711u,splice_natural,2.0,0.11462831585441086,0.7485632183908046,210,0.49,0.48375,210
7850,106,g711u,splice_synthetic,2.0,0.12454954954954955,1.0,224,0.0,0.12652439024390244,210
7850,106,g711u,splice_natural,3.0,0.1346096096096096,1.0,220,0.3,0.49601063829787234,210
7850,106,g711u,splice_synthetic,3.0,0.11922301488833748,0.7175,211,0.5733333333333334,0.5291666666666667,210
7850,106,g711u,splice_natural,5.0,0.17008138206739007,1.0,235,0.004,0.11219879518072289,210
7850,106,g711u,splice_synthetic,5.0,0.1530830280830281,0.6889044943820225,213,0.632,0.5130208333333334,210
7850,106,g711u,pause_inject_natural,3.0,0.14411461402474957,1.0,225,0.0,0.12301587301587301,210
7850,106,g711u,pause_inject_synthetic,3.0,0.14233038348082597,1.0,227,0.0,0.11684782608695653,210
7850,106,g711a,full_natural,60.0,0.6255279211637729,1.0,273,1.0,0.538109756097561,210
7850,106,g711a,full_synthetic,60.0,0.6515974967061924,1.0,278,1.0,0.5395408163265306,210
7850,106,g711a,splice_natural,0.5,0.08843377275580665,0.4224537037037037,213,0.04,0.11904761904761904,210
7850,106,g711a,splice_synthetic,0.5,0.0817734771573604,0.21006944444444445,210,0.8,0.198943661971831,210
7850,106,g711a,splice_natural,1.0,0.0945273631840796,0.8167613636363636,214,0.1,0.13719512195121952,210
7850,106,g711a,splice_synthetic,1.0,0.10416666666666667,1.0,218,0.0,0.10863095238095238,210
7850,106,g711a,splice_natural,2.0,0.10037277918781726,0.4691666666666667,210,0.76,0.46199324324324326,210
7850,106,g711a,splice_synthetic,2.0,0.10563271604938272,0.9875,216,0.22,0.2926829268292683,210
7850,106,g711a,splice_natural,3.0,0.11025458570524985,0.5347222222222222,210,0.8133333333333334,0.5014880952380952,210
7850,106,g711a,splice_synthetic,3.0,0.11223203026481715,0.5549698795180723,210,0.8,0.4869791666666667,210
7850,106,g711a,splice_natural,5.0,0.16869246260069046,1.0,235,0.172,0.48404255319148937,210
7850,106,g711a,splice_synthetic,5.0,0.16909420289855073,1.0,229,0.18,0.5060975609756098,210
7850,106,g711a,pause_inject_natural,3.0,0.1445335491465568,1.0,225,0.0,0.11280487804878049,210
7850,106,g711a,pause_inject_synthetic,3.0,0.14771064950263313,1.0,227,0.0,0.11458333333333333,210
7850,106,opus16,full_natural,60.0,0.6364157870582836,1.0,276,1.0,0.5334302325581395,210
7850,106,opus16,full_synthetic,60.0,0.650464989059081,1.0,278,1.0,0.53125,210
7850,106,opus16,splice_natural,0.5,0.1596031746031746,0.3780487804878049,210,1.0,0.3780487804878049,210
7850,106,opus16,splice_synthetic,0.5,0.16071428571428573,0.24594155844155843,210,0.8,0.24594155844155843,210
7850,106,opus16,splice_natural,1.0,0.18334870848708487,1.0,218,0.0,0.19969512195121952,210
7850,106,opus16,splice_synthetic,1.0,0.1849230769230769,1.0,216,0.0,0.20625,210
7850,106,opus16,splice_natural,2.0,0.1815809968847352,0.89375,214,0.45,0.5167682926829268,210
7850,106,opus16,splice_synthetic,2.0,0.1821684308841843,0.7306985294117647,213,0.46,0.48138297872340424,210
7850,106,opus16,splice_natural,3.0,0.2150280070754717,1.0,226,0.0,0.1793478260869565,210
7850,106,opus16,splice_synthetic,3.0,0.1866703539823009,0.5574712643678161,210,0.7933333333333333,0.5203125,210
7850,106,opus16,splice_natural,5.0,0.21544434194341944,0.6847222222222222,212,0.612,0.525,210
7850,106,opus16,splice_synthetic,5.0,0.2315955528846154,1.0,219,0.536,0.5283333333333333,210
7850,106,opus16,pause_inject_natural,3.0,0.22614032539221382,1.0,227,0.0,0.18445121951219512,210
7850,106,opus16,pause_inject_synthetic,3.0,0.22552447552447552,1.0,227,0.0,0.18445121951219512,210
7850,106,amr122,full_natural,60.0,0.635397465437788,1.0,273,1.0,0.5386513157894737,210
7850,106,amr122,full_synthetic,60.0,0.6521786492374728,1.0,278,1.0,0.5338541666666666,210
7850,106,amr122,splice_natural,0.5,0.26409275452841974,0.75625,213,0.0,0.3229166666666667,210
7850,106,amr122,splice_synthetic,0.5,0.25865079365079363,0.3819444444444444,210,0.92,0.3819444444444444,210
7850,106,amr122,splice_natural,1.0,0.27487677141096734,1.0,216,0.0,0.3229166666666667,210
7850,106,amr122,splice_synthetic,1.0,0.26881218905472637,0.5796875,210,0.06,0.32621951219512196,210
7850,106,amr122,splice_natural,2.0,0.2748752339363693,0.6551470588235294,210,0.57,0.4857456140350877,210
7850,106,amr122,splice_synthetic,2.0,0.2678458121827411,0.4808823529411765,210,0.84,0.47470238095238093,210
7850,106,amr122,splice_natural,3.0,0.30474290780141844,1.0,225,0.0,0.33482142857142855,210
7850,106,amr122,splice_synthetic,3.0,0.2782145080946451,0.728515625,213,0.5066666666666667,0.5148809523809523,210
7850,106,amr122,splice_natural,5.0,0.30846036585365855,0.7760416666666666,211,0.644,0.5076530612244898,210
7850,106,amr122,splice_synthetic,5.0,0.3275529176201373,1.0,236,0.04,0.3246951219512195,210
7850,106,amr122,pause_inject_natural,3.0,0.30809859154929575,1.0,226,0.0,0.3125,210
7850,106,amr122,pause_inject_synthetic,3.0,0.31326486013986016,1.0,227,0.0,0.3178191489361702,210
7850,106,amr475,full_natural,60.0,0.6404691749773346,1.0,276,1.0,0.555,210
7850,106,amr475,full_synthetic,60.0,0.6529120879120879,1.0,278,1.0,0.5425,210
7850,106,amr475,splice_natural,0.5,0.35062618896639186,0.41964285714285715,210,0.52,0.41964285714285715,210
7850,106,amr475,splice_synthetic,0.5,0.3548095088161209,0.50625,210,0.4,0.4166666666666667,210
7850,106,amr475,splice_natural,1.0,0.3522222222222222,0.4317528735632184,210,0.8,0.4317528735632184,210
7850,106,amr475,splice_synthetic,1.0,0.35767170762444866,0.5336538461538461,210,0.4,0.4353813559322034,210
7850,106,amr475,splice_natural,2.0,0.36376182965299686,0.5813172043010753,210,0.83,0.5308734939759037,210
7850,106,amr475,splice_synthetic,2.0,0.36206624605678234,0.5900537634408602,210,0.83,0.5406626506024096,210
7850,106,amr475,splice_natural,3.0,0.3823953276699029,1.0,218,0.29333333333333333,0.5014204545454546,210
7850,106,amr475,splice_synthetic,3.0,0.40006586651053866,1.0,225,0.0,0.4166666666666667,210
7850,106,amr475,splice_natural,5.0,0.3908141646489104,1.0,219,0.532,0.5121951219512195,210
7850,106,amr475,splice_synthetic,5.0,0.4127739331026528,1.0,229,0.196,0.4771341463414634,210
7850,106,amr475,pause_inject_natural,3.0,0.40201518691588783,1.0,227,0.0,0.44345238095238093,210
7850,106,amr475,pause_inject_synthetic,3.0,0.3957349468713105,1.0,227,0.0,0.43601190476190477,210
7850,106,amr122_g711u,full_natural,60.0,0.6334006928406467,1.0,274,1.0,0.537828947368421,210
7850,106,amr122_g711u,full_synthetic,60.0,0.6506452318460193,1.0,278,1.0,0.526355421686747,210
7850,106,amr122_g711u,splice_natural,0.5,0.26087301587301587,0.3408203125,210,0.92,0.3408203125,210
7850,106,amr122_g711u,splice_synthetic,0.5,0.2667606516290727,0.6208333333333333,212,0.0,0.3080357142857143,210
7850,106,amr122_g711u,splice_natural,1.0,0.2657936507936508,0.41310975609756095,210,0.84,0.41310975609756095,210
7850,106,amr122_g711u,splice_synthetic,1.0,0.28009544334975367,1.0,221,0.0,0.3094512195121951,210
7850,106,amr122_g711u,splice_natural,2.0,0.28682349323493234,1.0,215,0.41,0.47560975609756095,210
7850,106,amr122_g711u,splice_synthetic,2.0,0.30257462686567166,1.0,222,0.0,0.31547619047619047,210
7850,106,amr122_g711u,splice_natural,3.0,0.29473603437691837,1.0,216,0.6133333333333333,0.526595744680851,210
7850,106,amr122_g711u,splice_synthetic,3.0,0.2864355040701315,0.6193181818181818,210,0.7266666666666667,0.5034246575342466,210
7850,106,amr122_g711u,splice_natural,5.0,0.2917324699936829,0.5445402298850575,210,0.816,0.5046875,210
7850,106,amr122_g711u,splice_synthetic,5.0,0.3378628343767786,1.0,236,0.1,0.44359756097560976,210
7850,106,amr122_g711u,pause_inject_natural,3.0,0.31051119622863876,1.0,227,0.0,0.32142857142857145,210
7850,106,amr122_g711u,pause_inject_synthetic,3.0,0.30292188431723316,1.0,227,0.0,0.31994047619047616,210
7850,107,g711u,full_natural,60.0,0.6128422190201729,1.0,259,1.0,0.5292721518987342,206
7850,107,g711u,full_synthetic,60.0,0.6502642364106989,1.0,288,1.0,0.5277777777777778,206
7850,107,g711u,splice_natural,0.5,0.0760818804483188,0.2653846153846154,206,0.32,0.1318181818181818,206
7850,107,g711u,splice_synthetic,0.5,0.07965761875385564,0.1296875,206,0.0,0.1296875,206
7850,107,g711u,splice_natural,1.0,0.08738496932515337,0.8361111111111111,210,0.14,0.159375,206
7850,107,g711u,splice_synthetic,1.0,0.08103879849812265,0.40625,206,0.84,0.38425925925925924,206
7850,107,g711u,splice_natural,2.0,0.08764769900497513,0.5416666666666666,206,0.6,0.45436507936507936,206
7850,107,g711u,splice_synthetic,2.0,0.09917131350681536,0.6041666666666666,206,0.67,0.49107142857142855,206
7850,107,g711u,splice_natural,3.0,0.10840810643564357,0.5610632183908046,206,0.74,0.4741666666666667,206
7850,107,g711u,splice_synthetic,3.0,0.1096938775510204,0.6357758620689655,206,0.76,0.5262681159420289,206
7850,107,g711u,splice_natural,5.0,0.16383426966292136,1.0,234,0.008,0.1296875,206
7850,107,g711u,splice_synthetic,5.0,0.1719969342251951,1.0,234,0.024,0.1484375,206
7850,107,g711u,pause_inject_natural,3.0,0.12062242495585639,1.0,222,0.0,0.1296875,206
7850,107,g711u,pause_inject_synthetic,3.0,0.1346938775510204,1.0,222,0.0,0.1296875,206
7850,107,g711a,full_natural,60.0,0.6146632310642378,1.0,260,1.0,0.5332278481012658,206
7850,107,g711a,full_synthetic,60.0,0.6528377211911955,1.0,288,1.0,0.5396341463414634,206
7850,107,g711a,splice_natural,0.5,0.08070652173913044,0.4303977272727273,208,0.16,0.13194444444444445,206
7850,107,g711a,splice_synthetic,0.5,0.07866915422885572,0.386968085106383,207,0.44,0.14166666666666666,206
7850,107,g711a,splice_natural,1.0,0.08108213616489694,0.3556985294117647,206,0.78,0.30456349206349204,206
7850,107,g711a,splice_synthetic,1.0,0.09674969623329283,1.0,213,0.0,0.1765625,206
7850,107,g711a,splice_natural,2.0,0.10036945812807882,0.6638719512195121,206,0.56,0.4895833333333333,206
7850,107,g711a,splice_synthetic,2.0,0.11084547662416515,1.0,212,0.35,0.42296511627906974,206
7850,107,g711a,splice_natural,3.0,0.1009825327510917,0.5498188405797102,206,0.6666666666666666,0.49899193548387094,206
7850,107,g711a,splice_synthetic,3.0,0.09918981481481481,0.6439393939393939,209,0.5,0.4889112903225806,206
7850,107,g711a,splice_natural,5.0,0.13171140939597314,0.6463235294117647,207,0.66,0.4894578313253012,206
7850,107,g711a,splice_synthetic,5.0,0.14067243472981178,0.6493506493506493,206,0.62,0.5138888888888888,206
7850,107,g711a,pause_inject_natural,3.0,0.12603001765744556,1.0,222,0.0,0.1296875,206
7850,107,g711a,pause_inject_synthetic,3.0,0.13579842931937172,1.0,223,0.0,0.1296875,206
7850,107,opus16,full_natural,60.0,0.6214739069111425,1.0,260,1.0,0.539179104477612,206
7850,107,opus16,full_synthetic,60.0,0.6581889174154899,1.0,290,1.0,0.5472222222222223,206
7850,107,opus16,splice_natural,0.5,0.16162718204488777,0.3845108695652174,208,0.44,0.25152439024390244,206
7850,107,opus16,splice_synthetic,0.5,0.16244527829893685,0.4024390243902439,207,0.84,0.33384146341463417,206
7850,107,opus16,splice_natural,1.0,0.16579317897371715,0.387987012987013,206,0.88,0.37166666666666665,206
7850,107,opus16,splice_synthetic,1.0,0.16306390977443608,0.3419811320754717,206,0.7,0.3419811320754717,206
7850,107,opus16,splice_natural,2.0,0.2033284023668639,1.0,225,0.0,0.1984375,206
7850,107,opus16,splice_synthetic,2.0,0.20324483775811208,1.0,218,0.0,0.19285714285714287,206
7850,107,opus16,splice_natural,3.0,0.19667779126213591,1.0,213,0.4533333333333333,0.4883720930232558,206
7850,107,opus16,splice_synthetic,3.0,0.21457725947521866,1.0,219,0.04,0.1984375,206
7850,107,opus16,splice_natural,5.0,0.20773737066342057,0.8015202702702703,211,0.596,0.5021551724137931,206
7850,107,opus16,splice_synthetic,5.0,0.19991438356164384,0.5643382352941176,209,0.776,0.5221774193548387,206
7850,107,opus16,pause_inject_natural,3.0,0.21448366394399065,1.0,222,0.0,0.2359375,206
7850,107,opus16,pause_inject_synthetic,3.0,0.21448863636363635,1.0,222,0.0,0.2125,206
7850,107,amr122,full_natural,60.0,0.6221230624706435,1.0,261,1.0,0.5363924050632911,206
7850,107,amr122,full_synthetic,60.0,0.6553700938566553,1.0,288,1.0,0.5526315789473685,206
7850,107,amr122,splice_natural,0.5,0.27408292231812575,0.6793478260869565,210,0.0,0.31529850746268656,206
7850,107,amr122,splice_synthetic,0.5,0.26718065122103946,0.3734375,206,0.8,0.3734375,206
7850,107,amr122,splice_natural,1.0,0.2657618898623279,0.45625,209,0.64,0.4303977272727273,206
7850,107,amr122,splice_synthetic,1.0,0.2706772784019975,0.5823170731707317,207,0.72,0.44583333333333336,206
7850,107,amr122,splice_natural,2.0,0.2959328358208955,1.0,219,0.0,0.3208955223880597,206
7850,107,amr122,splice_synthetic,2.0,0.28812461913467396,0.7996575342465754,211,0.37,0.49255952380952384,206
7850,107,amr122,splice_natural,3.0,0.28328677839851024,0.57421875,206,0.6733333333333333,0.503968253968254,206
7850,107,amr122,splice_synthetic,3.0,0.29032874617737003,0.7691666666666667,208,0.5266666666666666,0.5182926829268293,206
7850,107,amr122,splice_natural,5.0,0.3040953545232274,0.8057692307692308,211,0.596,0.5357142857142857,206
7850,107,amr122,splice_synthetic,5.0,0.30203895313451007,0.7411971830985915,208,0.58,0.5251865671641791,206
7850,107,amr122,pause_inject_natural,3.0,0.30541274970622795,1.0,220,0.0,0.31343283582089554,206
7850,107,amr122,pause_inject_synthetic,3.0,0.3114813736903376,1.0,223,0.0,0.3162313432835821,206
7850,107,amr475,full_natural,60.0,0.6215018656716418,1.0,262,1.0,0.541015625,206
7850,107,amr475,full_synthetic,60.0,0.6561831407787763,1.0,286,1.0,0.5402777777777777,206
7850,107,amr475,splice_natural,0.5,0.3663966049382716,0.75,210,0.0,0.4115853658536585,206
7850,107,amr475,splice_synthetic,0.5,0.36693672839506175,0.6715686274509803,211,0.0,0.4115853658536585,206
7850,107,amr475,splice_natural,1.0,0.3603540100250627,0.4691265060240964,206,0.96,0.4691265060240964,206
7850,107,amr475,splice_synthetic,1.0,0.3756451123254402,1.0,215,0.0,0.43140243902439024,206
7850,107,amr475,splice_natural,2.0,0.36644368388301185,0.5795454545454546,206,0.6,0.4954545454545455,206
7850,107,amr475,splice_synthetic,2.0,0.3767627222562845,0.6896067415730337,206,0.52,0.49074074074074076,206
7850,107,amr475,splice_natural,3.0,0.3736842105263158,0.641566265060241,206,0.6933333333333334,0.53515625,206
7850,107,amr475,splice_synthetic,3.0,0.37411155747836833,0.6450617283950617,206,0.7133333333333334,0.5238095238095238,206
7850,107,amr475,splice_natural,5.0,0.3797133660331085,0.6956967213114754,208,0.592,0.5089285714285714,206
7850,107,amr475,splice_synthetic,5.0,0.38668761496014714,0.7128623188405797,209,0.652,0.5113636363636364,206
7850,107,amr475,pause_inject_natural,3.0,0.3932106973995272,1.0,220,0.0,0.41490963855421686,206
7850,107,amr475,pause_inject_synthetic,3.0,0.4059065934065934,1.0,222,0.0,0.4115853658536585,206
7850,107,amr122_g711u,full_natural,60.0,0.6200580018939394,1.0,260,1.0,0.5276162790697675,206
7850,107,amr122_g711u,full_synthetic,60.0,0.6571596746575342,1.0,288,1.0,0.5504385964912281,206
7850,107,amr122_g711u,splice_natural,0.5,0.27571714990746454,0.3337765957446808,206,0.0,0.3337765957446808,206
7850,107,amr122_g711u,splice_synthetic,0.5,0.27232142857142855,0.3828125,206,1.0,0.3828125,206
7850,107,amr122_g711u,splice_natural,1.0,0.2720955652717052,0.4494485294117647,206,0.78,0.40575396825396826,206
7850,107,amr122_g711u,splice_synthetic,1.0,0.28043981481481484,0.561698717948718,206,0.44,0.36689814814814814,206
7850,107,amr122_g711u,splice_natural,2.0,0.28189574201628054,0.5183423913043478,206,0.91,0.5130494505494505,206
7850,107,amr122_g711u,splice_synthetic,2.0,0.2801429459291485,0.5773809523809523,207,0.71,0.5,206
7850,107,amr122_g711u,splice_natural,3.0,0.3029389880952381,1.0,217,0.20666666666666667,0.39204545454545453,206
7850,107,amr122_g711u,splice_synthetic,3.0,0.2936774587660354,0.8247767857142857,210,0.5866666666666667,0.5198863636363636,206
7850,107,amr122_g711u,splice_natural,5.0,0.30839166159464393,0.7651209677419355,211,0.596,0.5279255319148937,206
7850,107,amr122_g711u,splice_synthetic,5.0,0.34694444444444444,1.0,234,0.008,0.31097560975609756,206
7850,107,amr122_g711u,pause_inject_natural,3.0,0.3132688927943761,1.0,222,0.0,0.3125,206
7850,107,amr122_g711u,pause_inject_synthetic,3.0,0.31937210648148145,1.0,223,0.0,0.31097560975609756,206
7976,108,g711u,full_natural,60.0,0.5757691404415218,1.0,246,1.0,0.5265625,221
7976,108,g711u,full_synthetic,60.0,0.6279761904761905,1.0,281,1.0,0.5399096385542169,221
7976,108,g711u,splice_natural,0.5,0.07321725860155383,0.49573863636363635,223,0.24,0.13430851063829788,221
7976,108,g711u,splice_synthetic,0.5,0.06956824512534819,0.24142156862745098,221,0.0,0.125,221
7976,108,g711u,splice_natural,1.0,0.08033240997229917,0.6889204545454546,223,0.44,0.26875,221
7976,108,g711u,splice_synthetic,1.0,0.07886325736520289,0.3786764705882353,221,0.54,0.25616197183098594,221
7976,108,g711u,splice_natural,2.0,0.08503639417693169,0.5026041666666666,221,0.96,0.49736842105263157,221
7976,108,g711u,splice_synthetic,2.0,0.09033902976846747,0.8313953488372093,224,0.5,0.4875,221
7976,108,g711u,splice_natural,3.0,0.12559241706161137,1.0,234,0.16666666666666666,0.30851063829787234,221
7976,108,g711u,splice_synthetic,3.0,0.1133311170212766,1.0,235,0.013333333333333334,0.1196808510638298,221
7976,108,g711u,splice_natural,5.0,0.14665249734325186,1.0,232,0.5,0.5479910714285714,221
7976,108,g711u,splice_synthetic,5.0,0.12690022111663904,0.6081989247311828,221,0.808,0.5168269230769231,221
7976,108,g711u,pause_inject_natural,3.0,0.12754702194357367,1.0,236,0.0,0.12088815789473684,221
7976,108,g711u,pause_inject_synthetic,3.0,0.11645015906680806,1.0,233,0.0,0.10016025641025642,221
7976,108,g711a,full_natural,60.0,0.5755049318929075,1.0,246,1.0,0.5361842105263158,221
7976,108,g711a,full_synthetic,60.0,0.6268420506434205,1.0,281,1.0,0.5489130434782609,221
7976,108,g711a,splice_natural,0.5,0.06708683473389356,0.29952830188679247,221,1.0,0.29952830188679247,221
7976,108,g711a,splice_synthetic,0.5,0.07454445057979017,0.09320175438596491,221,0.0,0.09320175438596491,221
7976,108,g711a,splice_natural,1.0,0.07776610644257703,0.3717948717948718,221,1.0,0.3717948717948718,221
7976,108,g711a,splice_synthetic,1.0,0.07384453781512605,0.3125,221,1.0,0.3125,221
7976,108,g711a,splice_natural,2.0,0.0882537688442211,0.5191176470588236,221,0.79,0.4825949367088608,221
7976,108,g711a,splice_synthetic,2.0,0.08580627099664054,0.484375,221,0.95,0.47870879120879123,221
7976,108,g711a,splice_natural,3.0,0.10242382271468144,0.6045918367346939,222,0.7866666666666666,0.4947916666666667,221
7976,108,g711a,splice_synthetic,3.0,0.12786757038581856,1.0,241,0.0,0.09254807692307693,221
7976,108,g711a,splice_natural,5.0,0.12250692520775623,0.6261363636363636,221,0.696,0.5529891304347826,221
7976,108,g711a,splice_synthetic,5.0,0.1238253178551686,0.5784883720930233,221,0.824,0.5101351351351351,221
7976,108,g711a,pause_inject_natural,3.0,0.12395178197064989,1.0,236,0.0,0.10289634146341463,221
7976,108,g711a,pause_inject_synthetic,3.0,0.12120020964360587,1.0,236,0.0,0.11585365853658537,221
7976,108,opus16,full_natural,60.0,0.5883443633044272,1.0,249,1.0,0.5316358024691358,221
7976,108,opus16,full_synthetic,60.0,0.6274514863748968,1.0,282,1.0,0.5272435897435898,221
7976,108,opus16,splice_natural,0.5,0.15491393670183232,0.38810483870967744,221,0.2,0.18452380952380953,221
7976,108,opus16,splice_synthetic,0.5,0.1578202650469354,0.625,224,0.0,0.2078125,221
7976,108,opus16,splice_natural,1.0,0.1587809917355372,0.5370065789473685,221,0.08,0.23505434782608695,221
7976,108,opus16,splice_synthetic,1.0,0.1699005991285403,1.0,232,0.0,0.18064024390243902,221
7976,108,opus16,splice_natural,2.0,0.17285851122058019,0.9089673913043478,225,0.35,0.4609375,221
7976,108,opus16,splice_synthetic,2.0,0.16278011204481793,0.48223684210526313,221,0.93,0.48223684210526313,221
7976,108,opus16,splice_natural,3.0,0.1853720483250961,0.7032967032967034,221,0.7,0.514344262295082,221
7976,108,opus16,splice_synthetic,3.0,0.17893930957683743,0.5807584269662921,221,0.8533333333333334,0.5216346153846154,221
7976,108,opus16,splice_natural,5.0,0.22391833077316947,1.0,242,0.1,0.24867021276595744,221
7976,108,opus16,splice_synthetic,5.0,0.20060759148006554,0.7323529411764705,221,0.728,0.5101744186046512,221
7976,108,opus16,pause_inject_natural,3.0,0.1894957424161788,1.0,235,0.0,0.18898809523809523,221
7976,108,opus16,pause_inject_synthetic,3.0,0.20123950682056663,1.0,235,0.0,0.18338815789473684,221
7976,108,amr122,full_natural,60.0,0.5883916323731139,1.0,249,1.0,0.55125,221
7976,108,amr122,full_synthetic,60.0,0.6300619834710743,1.0,282,1.0,0.5320121951219512,221
7976,108,amr122,splice_natural,0.5,0.2349439775910364,0.32514880952380953,221,0.88,0.32514880952380953,221
7976,108,amr122,splice_synthetic,0.5,0.24000696378830083,0.4815340909090909,222,0.48,0.3125,221
7976,108,amr122,splice_natural,1.0,0.2516034388646288,1.0,227,0.0,0.2819767441860465,221
7976,108,amr122,splice_synthetic,1.0,0.24120111731843574,0.5020833333333333,221,0.88,0.45681818181818185,221
7976,108,amr122,splice_natural,2.0,0.24874441964285715,0.5594512195121951,222,0.82,0.5060763888888888,221
7976,108,amr122,splice_synthetic,2.0,0.24456521739130435,0.5813953488372093,222,0.48,0.47619047619047616,221
7976,108,amr122,splice_natural,3.0,0.2618949394939494,0.7096518987341772,221,0.64,0.501358695652174,221
7976,108,amr122,splice_synthetic,3.0,0.2558636865342163,0.6530172413793104,221,0.5066666666666667,0.496875,221
7976,108,amr122,splice_natural,5.0,0.28574302575107297,0.8532608695652174,224,0.536,0.5319767441860465,221
7976,108,amr122,splice_synthetic,5.0,0.30434782608695654,1.0,243,0.092,0.38392857142857145,221
7976,108,amr122,pause_inject_natural,3.0,0.28000131440588855,1.0,235,0.0,0.28997093023255816,221
7976,108,amr122,pause_inject_synthetic,3.0,0.28680881585811163,1.0,236,0.0,0.28125,221
7976,108,amr475,full_natural,60.0,0.587036188731104,1.0,252,1.0,0.5518617021276596,221
7976,108,amr475,full_synthetic,60.0,0.6251040366208905,1.0,277,1.0,0.5244565217391305,221
7976,108,amr475,splice_natural,0.5,0.3274859943977591,0.40423387096774194,221,0.96,0.40423387096774194,221
7976,108,amr475,splice_synthetic,0.5,0.328472995545657,0.41713483146067415,221,0.24,0.37790697674418605,221
7976,108,amr475,splice_natural,1.0,0.340797378481704,1.0,231,0.0,0.36755952380952384,221
7976,108,amr475,splice_synthetic,1.0,0.3286571747627024,0.4294117647058823,221,0.58,0.3860759493670886,221
7976,108,amr475,splice_natural,2.0,0.33320509233351986,0.53125,221,0.85,0.5083333333333333,221
7976,108,amr475,splice_synthetic,2.0,0.33319421257651644,0.5602409638554217,221,0.71,0.4859154929577465,221
7976,108,amr475,splice_natural,3.0,0.3409406215316315,0.5777777777777777,222,0.7866666666666666,0.5066489361702128,221
7976,108,amr475,splice_synthetic,3.0,0.36729002624671914,1.0,236,0.0,0.3830357142857143,221
7976,108,amr475,splice_natural,5.0,0.35580332787779595,0.6590073529411765,221,0.656,0.5141509433962265,221
7976,108,amr475,splice_synthetic,5.0,0.3574315068493151,0.685,221,0.712,0.5537790697674418,221
7976,108,amr475,pause_inject_natural,3.0,0.36416184971098264,1.0,235,0.0,0.36755952380952384,221
7976,108,amr475,pause_inject_synthetic,3.0,0.37177230046948356,1.0,235,0.0,0.3854166666666667,221
7976,108,amr122_g711u,full_natural,60.0,0.5855172413793104,1.0,249,1.0,0.5543478260869565,221
7976,108,amr122_g711u,full_synthetic,60.0,0.6276441310659477,1.0,281,1.0,0.5442708333333334,221
7976,108,amr122_g711u,splice_natural,0.5,0.25058995002776235,0.42686170212765956,221,0.28,0.3092948717948718,221
7976,108,amr122_g711u,splice_synthetic,0.5,0.2440807799442897,0.3938802083333333,221,0.44,0.3234011627906977,221
7976,108,amr122_g711u,splice_natural,1.0,0.26046210468920394,1.0,228,0.0,0.2936046511627907,221
7976,108,amr122_g711u,splice_synthetic,1.0,0.24492296918767506,0.48,221,0.92,0.48,221
7976,108,amr122_g711u,splice_natural,2.0,0.25128686700055647,0.6317934782608695,222,0.65,0.50625,221
7976,108,amr122_g711u,splice_synthetic,2.0,0.24982551647124512,0.573093220338983,221,0.68,0.5317460317460317,221
7976,108,amr122_g711u,splice_natural,3.0,0.26315241532481953,0.5826149425287356,221,0.8066666666666666,0.4907094594594595,221
7976,108,amr122_g711u,splice_synthetic,3.0,0.2665002773155851,0.6050531914893617,221,0.84,0.5115131578947368,221
7976,108,amr122_g711u,splice_natural,5.0,0.28568548387096776,0.9611111111111111,225,0.484,0.5030487804878049,221
7976,108,amr122_g711u,splice_synthetic,5.0,0.2959724430312666,1.0,231,0.512,0.4956140350877193,221
7976,108,amr122_g711u,pause_inject_natural,3.0,0.2926876955161627,1.0,236,0.0,0.29941860465116277,221
7976,108,amr122_g711u,pause_inject_synthetic,3.0,0.28694078947368423,1.0,235,0.0,0.28851744186046513,221
7976,109,g711u,full_natural,60.0,0.6184961204929256,1.0,263,1.0,0.5369718309859155,207
7976,109,g711u,full_synthetic,60.0,0.6670938485804416,1.0,290,1.0,0.5350609756097561,207
7976,109,g711u,splice_natural,0.5,0.06919378698224853,0.2986111111111111,207,0.12,0.09840425531914894,207
7976,109,g711u,splice_synthetic,0.5,0.07010286225402504,0.30523255813953487,207,0.64,0.253125,207
7976,109,g711u,splice_natural,1.0,0.07606445890005914,0.49816176470588236,207,0.56,0.33088235294117646,207
7976,109,g711u,splice_synthetic,1.0,0.09003623188405797,1.0,216,0.0,0.10372340425531915,207
7976,109,g711u,splice_natural,2.0,0.11392270668176671,1.0,218,0.0,0.10704787234042554,207
7976,109,g711u,splice_synthetic,2.0,0.09296738497379149,0.6960227272727273,208,0.5,0.4740853658536585,207
7976,109,g711u,splice_natural,3.0,0.10320626477541371,0.6005067567567568,207,0.8133333333333334,0.4835069444444444,207
7976,109,g711u,splice_synthetic,3.0,0.13420033204205867,1.0,222,0.02,0.10795454545454546,207
7976,109,g711u,splice_natural,5.0,0.1436060855263158,1.0,227,0.052,0.20877659574468085,207
7976,109,g711u,splice_synthetic,5.0,0.13968265364732912,0.895579268292683,214,0.652,0.5146276595744681,207
7976,109,g711u,pause_inject_natural,3.0,0.11870453273642977,1.0,221,0.0,0.09429824561403509,207
7976,109,g711u,pause_inject_synthetic,3.0,0.1262868670005565,1.0,224,0.0,0.09733606557377049,207
7976,109,g711a,full_natural,60.0,0.6182009558488848,1.0,263,1.0,0.5325342465753424,207
7976,109,g711a,full_synthetic,60.0,0.6671764009471192,1.0,290,1.0,0.54375,207
7976,109,g711a,splice_natural,0.5,0.06582287933094384,0.22821969696969696,207,1.0,0.22821969696969696,207
7976,109,g711a,splice_synthetic,0.5,0.06354540023894863,0.2003968253968254,207,0.8,0.2003968253968254,207
7976,109,g711a,splice_natural,1.0,0.07487440898345153,0.390625,207,0.52,0.23355263157894737,207
7976,109,g711a,splice_synthetic,1.0,0.07439767995240928,0.32211538461538464,207,0.78,0.265625,207
7976,109,g711a,splice_natural,2.0,0.08720149253731344,0.4861111111111111,207,0.95,0.4803370786516854,207
7976,109,g711a,splice_synthetic,2.0,0.08901738361814968,0.6272058823529412,207,0.62,0.4889112903225806,207
7976,109,g711a,splice_natural,3.0,0.11419226393629124,1.0,216,0.30666666666666664,0.47282608695652173,207
7976,109,g711a,splice_synthetic,3.0,0.10474941724941725,0.711764705882353,208,0.6,0.5141509433962265,207
7976,109,g711a,splice_natural,5.0,0.12521777003484322,0.8720238095238095,214,0.628,0.49069148936170215,207
7976,109,g711a,splice_synthetic,5.0,0.14247613700168443,1.0,220,0.468,0.48341836734693877,207
7976,109,g711a,pause_inject_natural,3.0,0.1265269294836202,1.0,223,0.0,0.09308510638297872,207
7976,109,g711a,pause_inject_synthetic,3.0,0.13120518477661336,1.0,224,0.0,0.08967391304347826,207
7976,109,opus16,full_natural,60.0,0.6232166740971913,1.0,268,1.0,0.5305232558139535,207
7976,109,opus16,full_synthetic,60.0,0.6692001180637545,1.0,290,1.0,0.5308641975308642,207
7976,109,opus16,splice_natural,0.5,0.15218040621266427,0.2703313253012048,207,1.0,0.2703313253012048,207
7976,109,opus16,splice_synthetic,0.5,0.16713235294117648,0.6519886363636364,210,0.0,0.2041015625,207
7976,109,opus16,splice_natural,1.0,0.15819145758661887,0.3932291666666667,207,0.94,0.3932291666666667,207
7976,109,opus16,splice_synthetic,1.0,0.1572954002389486,0.4484375,207,0.86,0.4484375,207
7976,109,opus16,splice_natural,2.0,0.17483852025836757,0.6475903614457831,207,0.54,0.4583333333333333,207
7976,109,opus16,splice_synthetic,2.0,0.19273504273504274,1.0,216,0.1,0.2074468085106383,207
7976,109,opus16,splice_natural,3.0,0.19009048453006422,0.7310126582278481,208,0.6933333333333334,0.5274725274725275,207
7976,109,opus16,splice_synthetic,3.0,0.18340643274853802,0.7088235294117647,207,0.6466666666666666,0.5269097222222222,207
7976,109,opus16,splice_natural,5.0,0.2231994459833795,1.0,224,0.232,0.5053191489361702,207
7976,109,opus16,splice_synthetic,5.0,0.23289766407119022,1.0,222,0.4,0.5446428571428571,207
7976,109,opus16,pause_inject_natural,3.0,0.2030814277746793,1.0,222,0.0,0.1831597222222222,207
7976,109,opus16,pause_inject_synthetic,3.0,0.2137196802646086,1.0,224,0.0,0.1875,207
7976,109,amr122,full_natural,60.0,0.6258296460176991,1.0,269,1.0,0.5331439393939394,207
7976,109,amr122,full_synthetic,60.0,0.6676259346713892,1.0,290,1.0,0.534375,207
7976,109,amr122,splice_natural,0.5,0.24141278375149344,0.34423076923076923,207,1.0,0.34423076923076923,207
7976,109,amr122,splice_synthetic,0.5,0.2436977923627685,0.38035714285714284,207,0.84,0.36213235294117646,207
7976,109,amr122,splice_natural,1.0,0.2500372023809524,0.4552364864864865,207,0.7,0.4071691176470588,207
7976,109,amr122,splice_synthetic,1.0,0.24996308328411104,0.5703125,207,0.58,0.3888888888888889,207
7976,109,amr122,splice_natural,2.0,0.2535693039857228,0.5110677083333334,207,0.86,0.4726123595505618,207
7976,109,amr122,splice_synthetic,2.0,0.2607237617924528,0.7208333333333333,210,0.64,0.5280612244897959,207
7976,109,amr122,splice_natural,3.0,0.276062607696726,0.9009146341463414,214,0.42,0.4673913043478261,207
7976,109,amr122,splice_synthetic,3.0,0.2646316102198455,0.5305989583333334,207,0.84,0.49871134020618557,207
7976,109,amr122,splice_natural,5.0,0.2991849353569421,1.0,220,0.356,0.5079225352112676,207
7976,109,amr122,splice_synthetic,5.0,0.2894794083526682,0.717296511627907,208,0.696,0.5196759259259259,207
7976,109,amr122,pause_inject_natural,3.0,0.2967971776425014,1.0,223,0.0,0.28931451612903225,207
7976,109,amr122,pause_inject_synthetic,3.0,0.30005500550055003,1.0,224,0.0,0.28830645161290325,207
7976,109,amr475,full_natural,60.0,0.6263544891640866,1.0,269,1.0,0.5267857142857143,207
7976,109,amr475,full_synthetic,60.0,0.6659645122918318,1.0,290,1.0,0.5337171052631579,207
7976,109,amr475,splice_natural,0.5,0.33757418397626116,0.5438829787234043,210,0.28,0.40217391304347827,207
7976,109,amr475,splice_synthetic,0.5,0.33662150089338894,0.4542910447761194,207,0.68,0.4102822580645161,207
7976,109,amr475,splice_natural,1.0,0.3371641791044776,0.48625,208,0.76,0.475765306122449,207
7976,109,amr475,splice_synthetic,1.0,0.3394563918757467,0.4712171052631579,207,1.0,0.4712171052631579,207
7976,109,amr475,splice_natural,2.0,0.34662780401416765,0.6178977272727273,207,0.68,0.5104166666666666,207
7976,109,amr475,splice_synthetic,2.0,0.349594395280236,0.6135670731707317,207,0.61,0.4805327868852459,207
7976,109,amr475,splice_natural,3.0,0.3502497062279671,0.6339285714285714,208,0.68,0.5034246575342466,207
7976,109,amr475,splice_synthetic,3.0,0.36199127906976747,0.9666666666666667,213,0.58,0.5104166666666666,207
7976,109,amr475,splice_natural,5.0,0.3578767123287671,0.5546875,207,0.848,0.532608695652174,207
7976,109,amr475,splice_synthetic,5.0,0.36447368421052634,0.6777777777777778,207,0.744,0.5305232558139535,207
7976,109,amr475,pause_inject_natural,3.0,0.3783774373259053,1.0,223,0.0,0.3996478873239437,207
7976,109,amr475,pause_inject_synthetic,3.0,0.38194058856191004,1.0,224,0.0,0.3996478873239437,207
7976,109,amr122_g711u,full_natural,60.0,0.62525,1.0,266,1.0,0.53125,207
7976,109,amr122_g711u,full_synthetic,60.0,0.6679826292933281,1.0,290,1.0,0.5290948275862069,207
7976,109,amr122_g711u,splice_natural,0.5,0.24846923536439666,0.39886363636363636,207,1.0,0.39886363636363636,207
7976,109,amr122_g711u,splice_synthetic,0.5,0.24925328554360812,0.4222560975609756,207,1.0,0.4222560975609756,207
7976,109,amr122_g711u,splice_natural,1.0,0.2520870602265951,0.42877906976744184,207,0.82,0.40813253012048195,207
7976,109,amr122_g711u,splice_synthetic,1.0,0.25168010752688175,0.4141666666666667,207,0.96,0.4141666666666667,207
7976,109,amr122_g711u,splice_natural,2.0,0.2824492099322799,1.0,221,0.0,0.28257042253521125,207
7976,109,amr122_g711u,splice_synthetic,2.0,0.2709782608695652,0.8308823529411765,214,0.35,0.4308510638297872,207
7976,109,amr122_g711u,splice_natural,3.0,0.2678043735224586,0.5958333333333333,207,0.7466666666666667,0.5,207
7976,109,amr122_g711u,splice_synthetic,3.0,0.27256740914419697,0.8734756097560976,212,0.6666666666666666,0.5,207
7976,109,amr122_g711u,splice_natural,5.0,0.30310917276308386,1.0,219,0.344,0.49537037037037035,207
7976,109,amr122_g711u,splice_synthetic,5.0,0.3216061827956989,1.0,234,0.076,0.3586309523809524,207
7976,109,amr122_g711u,pause_inject_natural,3.0,0.2886402027027027,1.0,223,0.0,0.2975352112676056,207
7976,109,amr122_g711u,pause_inject_synthetic,3.0,0.2979892205638474,1.0,224,0.0,0.289612676056338,207
7976,110,g711u,full_natural,60.0,0.6435690423162583,1.0,268,1.0,0.5497159090909091,204
7976,110,g711u,full_synthetic,60.0,0.6730612244897959,1.0,282,1.0,0.5392628205128205,204
7976,110,g711u,splice_natural,0.5,0.07120451693851945,0.2392857142857143,204,0.6,0.16796875,204
7976,110,g711u,splice_synthetic,0.5,0.06808879093198993,0.30186170212765956,204,1.0,0.30186170212765956,204
7976,110,g711u,splice_natural,1.0,0.07907927205428748,0.8416666666666667,207,0.2,0.14136904761904762,204
7976,110,g711u,splice_synthetic,1.0,0.08965070164734594,1.0,213,0.0,0.09968354430379747,204
7976,110,g711u,splice_natural,2.0,0.08335947302383939,0.5366666666666666,204,0.81,0.4967948717948718,204
7976,110,g711u,splice_synthetic,2.0,0.10311741504854369,0.8277777777777777,209,0.3,0.31859756097560976,204
7976,110,g711u,splice_natural,3.0,0.10514524103831892,0.6681547619047619,204,0.6666666666666666,0.49318181818181817,204
7976,110,g711u,splice_synthetic,3.0,0.10479876160990712,0.5755208333333334,204,0.7666666666666667,0.5030487804878049,204
7976,110,g711u,splice_natural,5.0,0.12954337202199145,0.776541095890411,209,0.644,0.5219155844155844,204
7976,110,g711u,splice_synthetic,5.0,0.16197233314318313,1.0,228,0.172,0.4815340909090909,204
7976,110,g711u,pause_inject_natural,3.0,0.12095111896348645,1.0,216,0.0,0.09375,204
7976,110,g711u,pause_inject_synthetic,3.0,0.13417730702263495,1.0,218,0.0,0.09583333333333334,204
7976,110,g711a,full_natural,60.0,0.642825311942959,1.0,268,1.0,0.5681818181818182,204
7976,110,g711a,full_synthetic,60.0,0.6766038696537678,1.0,285,1.0,0.56875,204
7976,110,g711a,splice_natural,0.5,0.06956083178150217,0.12420886075949367,204,0.0,0.12420886075949367,204
7976,110,g711a,splice_synthetic,0.5,0.0755498760842627,0.5089285714285714,209,0.0,0.1281645569620253,204
7976,110,g711a,splice_natural,1.0,0.07037153652392947,0.3512323943661972,204,0.96,0.3512323943661972,204
7976,110,g711a,splice_synthetic,1.0,0.08663819402074435,1.0,212,0.0,0.10838607594936708,204
7976,110,g711a,splice_natural,2.0,0.09680393362015981,0.7844202898550725,209,0.46,0.50390625,204
7976,110,g711a,splice_synthetic,2.0,0.09361471861471861,0.6629746835443038,204,0.64,0.47604166666666664,204
7976,110,g711a,splice_natural,3.0,0.12769208381839348,1.0,219,0.0,0.10470779220779221,204
7976,110,g711a,splice_synthetic,3.0,0.09682601880877743,0.5513888888888889,204,0.8933333333333333,0.5193452380952381,204
7976,110,g711a,splice_natural,5.0,0.12647607209446862,0.56640625,204,0.832,0.506859756097561,204
7976,110,g711a,splice_synthetic,5.0,0.1608117816091954,1.0,221,0.28,0.5319767441860465,204
7976,110,g711a,pause_inject_natural,3.0,0.12855989430416911,1.0,217,0.0,0.12926136363636365,204
7976,110,g711a,pause_inject_synthetic,3.0,0.13002622377622378,1.0,219,0.0,0.125,204
7976,110,opus16,full_natural,60.0,0.6512855579868709,1.0,275,1.0,0.5523255813953488,204
7976,110,opus16,full_synthetic,60.0,0.6733969155844156,1.0,285,1.0,0.5453125,204
7976,110,opus16,splice_natural,0.5,0.15526605793450882,0.3300438596491228,204,1.0,0.3300438596491228,204
7976,110,opus16,splice_synthetic,0.5,0.15560100692259282,0.2477409638554217,204,0.64,0.2385670731707317,204
7976,110,opus16,splice_natural,1.0,0.16641942535915052,0.49356617647058826,204,0.72,0.37386363636363634,204
7976,110,opus16,splice_synthetic,1.0,0.16055153991200502,0.36700581395348836,204,0.9,0.3441265060240964,204
7976,110,opus16,splice_natural,2.0,0.16977201257861635,0.4963235294117647,204,0.81,0.48418674698795183,204
7976,110,opus16,splice_synthetic,2.0,0.17308296668761786,0.4922752808988764,204,0.86,0.4745639534883721,204
7976,110,opus16,splice_natural,3.0,0.1907672201722017,0.765625,209,0.49333333333333335,0.47172619047619047,204
7976,110,opus16,splice_synthetic,3.0,0.18545524691358026,0.8292682926829268,207,0.6,0.5048828125,204
7976,110,opus16,splice_natural,5.0,0.2183899332929048,0.8001302083333334,204,0.708,0.5203125,204
7976,110,opus16,splice_synthetic,5.0,0.2420940170940171,1.0,224,0.204,0.4963235294117647,204
7976,110,opus16,pause_inject_natural,3.0,0.20784457478005866,1.0,216,0.0,0.2113095238095238,204
7976,110,opus16,pause_inject_synthetic,3.0,0.21498252766453116,1.0,218,0.0,0.2,204
7976,110,amr122,full_natural,60.0,0.6480723023154216,1.0,274,1.0,0.5198863636363636,204
7976,110,amr122,full_synthetic,60.0,0.6725742473555736,1.0,285,1.0,0.5261627906976745,204
7976,110,amr122,splice_natural,0.5,0.2519373837569746,0.610969387755102,206,0.0,0.2984375,204
7976,110,amr122,splice_synthetic,0.5,0.24524670018856065,0.3432377049180328,204,0.72,0.30926724137931033,204
7976,110,amr122,splice_natural,1.0,0.24607165304839723,0.3770833333333333,204,0.84,0.35560344827586204,204
7976,110,amr122,splice_synthetic,1.0,0.25046758104738154,0.48161764705882354,204,0.54,0.36141304347826086,204
7976,110,amr122,splice_natural,2.0,0.2667533659730722,1.0,209,0.48,0.48691860465116277,204
7976,110,amr122,splice_synthetic,2.0,0.28634410195613513,1.0,216,0.0,0.29625,204
7976,110,amr122,splice_natural,3.0,0.26670292106898696,0.5652472527472527,205,0.7,0.4862012987012987,204
7976,110,amr122,splice_synthetic,3.0,0.2686875780274657,0.580078125,204,0.8666666666666667,0.5083841463414634,204
7976,110,amr122,splice_natural,5.0,0.2875460687960688,0.7041666666666667,204,0.684,0.5252976190476191,204
7976,110,amr122,splice_synthetic,5.0,0.31608989086731765,1.0,225,0.28,0.48026315789473684,204
7976,110,amr122,pause_inject_natural,3.0,0.29699357851722125,1.0,218,0.0,0.3005952380952381,204
7976,110,amr122,pause_inject_synthetic,3.0,0.3012913522925131,1.0,219,0.0,0.28720238095238093,204
7976,110,amr475,full_natural,60.0,0.6520960034752389,1.0,276,1.0,0.5406976744186046,204
7976,110,amr475,full_synthetic,60.0,0.6766909680032401,1.0,290,1.0,0.5283018867924528,204
7976,110,amr475,splice_natural,0.5,0.33587846347607053,0.39042207792207795,204,1.0,0.39042207792207795,204
7976,110,amr475,splice_synthetic,0.5,0.33532745591939545,0.38839285714285715,204,0.92,0.38839285714285715,204
7976,110,amr475,splice_natural,1.0,0.34095560453400503,0.4251373626373626,204,0.96,0.4251373626373626,204
7976,110,amr475,splice_synthetic,1.0,0.33885920804525455,0.44821428571428573,204,0.74,0.42350746268656714,204
7976,110,amr475,splice_natural,2.0,0.3740732502965599,1.0,215,0.0,0.40327380952380953,204
7976,110,amr475,splice_synthetic,2.0,0.34341776110068795,0.5728021978021978,204,0.8,0.5140625,204
7976,110,amr475,splice_natural,3.0,0.3506835323695789,0.5308988764044944,204,0.88,0.5145348837209303,204
7976,110,amr475,splice_synthetic,3.0,0.35532047293092717,0.622093023255814,204,0.78,0.5262345679012346,204
7976,110,amr475,splice_natural,5.0,0.375,0.7780172413793104,204,0.708,0.5193965517241379,204
7976,110,amr475,splice_synthetic,5.0,0.4023681225184345,1.0,225,0.144,0.4898255813953488,204
7976,110,amr475,pause_inject_natural,3.0,0.3802266081871345,1.0,217,0.0,0.39732142857142855,204
7976,110,amr475,pause_inject_synthetic,3.0,0.3835111046171829,1.0,218,0.0,0.38839285714285715,204
7976,110,amr122_g711u,full_natural,60.0,0.6436505305039788,1.0,269,1.0,0.5216346153846154,204
7976,110,amr122_g711u,full_synthetic,60.0,0.6721760967609676,1.0,285,1.0,0.5392628205128205,204
7976,110,amr122_g711u,splice_natural,0.5,0.24397827455919396,0.4303977272727273,204,0.96,0.4303977272727273,204
7976,110,amr122_g711u,splice_synthetic,0.5,0.2464184508816121,0.33605072463768115,204,0.88,0.33605072463768115,204
7976,110,amr122_g711u,splice_natural,1.0,0.2501570351758794,0.40804597701149425,204,0.88,0.3795180722891566,204
7976,110,amr122_g711u,splice_synthetic,1.0,0.25835665422885573,0.6580188679245284,209,0.56,0.4017857142857143,204
7976,110,amr122_g711u,splice_natural,2.0,0.26767481435643564,0.850609756097561,207,0.62,0.5412735849056604,204
7976,110,amr122_g711u,splice_synthetic,2.0,0.2666899008674102,0.670933734939759,204,0.71,0.5290948275862069,204
7976,110,amr122_g711u,splice_natural,3.0,0.2763097426470588,0.8074324324324325,209,0.5133333333333333,0.5216836734693877,204
7976,110,amr122_g711u,splice_synthetic,3.0,0.2682227047146402,0.696078431372549,209,0.66,0.53125,204
7976,110,amr122_g711u,splice_natural,5.0,0.3147681451612903,1.0,224,0.12,0.42151162790697677,204
7976,110,amr122_g711u,splice_synthetic,5.0,0.3132604287369641,1.0,217,0.332,0.5029761904761905,204
7976,110,amr122_g711u,pause_inject_natural,3.0,0.30058832074375363,1.0,218,0.0,0.29534313725490197,204
7976,110,amr122_g711u,pause_inject_synthetic,3.0,0.29884178321678323,1.0,218,0.0,0.3002450980392157,204
8842,117,g711u,full_natural,60.0,0.5442262830482115,1.0,225,1.0,0.5354166666666667,219
8842,117,g711u,full_synthetic,60.0,0.642937448896157,1.0,290,1.0,0.5470430107526881,219
8842,117,g711u,splice_natural,0.5,0.05619627507163324,0.17781690140845072,219,0.8,0.17781690140845072,219
8842,117,g711u,splice_synthetic,0.5,0.05563893653516295,0.18097014925373134,219,0.4,0.12896825396825398,219
8842,117,g711u,splice_natural,1.0,0.06017857142857143,0.3943452380952381,220,0.52,0.2643229166666667,219
8842,117,g711u,splice_synthetic,1.0,0.06629656160458453,0.3347602739726027,219,0.94,0.3347602739726027,219
8842,117,g711u,splice_natural,2.0,0.07190360411899313,0.5237068965517241,220,0.72,0.5009765625,219
8842,117,g711u,splice_synthetic,2.0,0.0803825369738339,0.5909090909090909,219,0.64,0.5078125,219
8842,117,g711u,splice_natural,3.0,0.09154979965655409,0.5298611111111111,219,0.92,0.5191761363636364,219
8842,117,g711u,splice_synthetic,3.0,0.10429341814159292,1.0,228,0.3933333333333333,0.5204545454545455,219
8842,117,g711u,splice_natural,5.0,0.11566011235955057,0.7940340909090909,222,0.756,0.5263157894736842,219
8842,117,g711u,splice_synthetic,5.0,0.1115743357829282,0.6078125,219,0.716,0.5224358974358975,219
8842,117,g711u,pause_inject_natural,3.0,0.09667487684729065,1.0,232,0.0,0.10755813953488372,219
8842,117,g711u,pause_inject_synthetic,3.0,0.11098382749326145,1.0,235,0.0,0.10594512195121951,219
8842,117,g711a,full_natural,60.0,0.543548805815161,1.0,225,1.0,0.53125,219
8842,117,g711a,full_synthetic,60.0,0.6398578150572831,1.0,290,1.0,0.5323275862068966,219
8842,117,g711a,splice_natural,0.5,0.0542621776504298,0.24074074074074073,219,0.84,0.24074074074074073,219
8842,117,g711a,splice_synthetic,0.5,0.06257078142695356,0.49573863636363635,221,0.0,0.09210526315789473,219
8842,117,g711a,splice_natural,1.0,0.0648030045351474,0.7087765957446809,221,0.56,0.3252551020408163,219
8842,117,g711a,splice_synthetic,1.0,0.05972853894258101,0.3683712121212121,219,0.38,0.19831730769230768,219
8842,117,g711a,splice_natural,2.0,0.06878194207836456,0.586472602739726,219,0.57,0.47039473684210525,219
8842,117,g711a,splice_synthetic,2.0,0.09453295206971678,1.0,231,0.0,0.08792372881355932,219
8842,117,g711a,splice_natural,3.0,0.11062065275548422,1.0,238,0.0,0.08463541666666667,219
8842,117,g711a,splice_synthetic,3.0,0.08672535211267605,0.7458333333333333,223,0.5466666666666666,0.5029296875,219
8842,117,g711a,splice_natural,5.0,0.11774824608742579,1.0,234,0.172,0.48214285714285715,219
8842,117,g711a,splice_synthetic,5.0,0.11525881683731513,0.5679012345679012,219,0.872,0.5073529411764706,219
8842,117,g711a,pause_inject_natural,3.0,0.09157772304324029,1.0,231,0.0,0.09226190476190477,219
8842,117,g711a,pause_inject_synthetic,3.0,0.10354929956896551,1.0,235,0.0,0.09014423076923077,219
8842,117,opus16,full_natural,60.0,0.5489882172131147,1.0,225,1.0,0.5215909090909091,219
8842,117,opus16,full_synthetic,60.0,0.6422238075825519,1.0,290,1.0,0.5348011363636364,219
8842,117,opus16,splice_natural,0.5,0.1603167808219178,0.3116883116883117,219,0.6,0.2535211267605634,219
8842,117,opus16,splice_synthetic,0.5,0.15480274442538594,0.2849264705882353,219,0.72,0.240234375,219
8842,117,opus16,splice_natural,1.0,0.1567296759522456,0.40896739130434784,220,0.08,0.2033898305084746,219
8842,117,opus16,splice_synthetic,1.0,0.1589541547277937,0.39925373134328357,219,0.96,0.39925373134328357,219
8842,117,opus16,splice_natural,2.0,0.17020821448944667,0.49702380952380953,222,0.8,0.471875,219
8842,117,opus16,splice_synthetic,2.0,0.1682857142857143,0.5375,219,0.78,0.507172131147541,219
8842,117,opus16,splice_natural,3.0,0.1774757420091324,0.521875,219,0.7533333333333333,0.5096153846153846,219
8842,117,opus16,splice_synthetic,3.0,0.18370459704880818,0.5651881720430108,219,0.74,0.5089285714285714,219
8842,117,opus16,splice_natural,5.0,0.2008328667413214,0.6228932584269663,219,0.652,0.4897959183673469,219
8842,117,opus16,splice_synthetic,5.0,0.21538722826086956,1.0,229,0.548,0.4925847457627119,219
8842,117,opus16,pause_inject_natural,3.0,0.1987988599348534,1.0,233,0.0,0.22959183673469388,219
8842,117,opus16,pause_inject_synthetic,3.0,0.20739549839228297,1.0,234,0.0,0.19597457627118645,219
8842,117,amr122,full_natural,60.0,0.5538378856853818,1.0,227,1.0,0.5317028985507246,219
8842,117,amr122,full_synthetic,60.0,0.6433194048104361,1.0,290,1.0,0.546875,219
8842,117,amr122,splice_natural,0.5,0.24624785591766724,0.375,220,1.0,0.375,219
8842,117,amr122,splice_synthetic,0.5,0.24681961120640367,0.35316265060240964,220,1.0,0.35316265060240964,219
8842,117,amr122,splice_natural,1.0,0.24899942824471127,0.439484126984127,220,0.94,0.439484126984127,219
8842,117,amr122,splice_synthetic,1.0,0.24964265294453974,0.39747191011235955,220,1.0,0.39747191011235955,219
8842,117,amr122,splice_natural,2.0,0.25594390660592253,0.5527597402597403,222,0.79,0.5126582278481012,219
8842,117,amr122,splice_synthetic,2.0,0.2559794988610478,0.5380434782608695,220,0.85,0.5,219
8842,117,amr122,splice_natural,3.0,0.28306407447973714,1.0,229,0.36,0.5165816326530612,219
8842,117,amr122,splice_synthetic,3.0,0.2587806967447173,0.5183333333333333,220,0.7866666666666666,0.5051369863013698,219
8842,117,amr122,splice_natural,5.0,0.2837942167321729,0.6365489130434783,220,0.748,0.5485294117647059,219
8842,117,amr122,splice_synthetic,5.0,0.28184027777777776,0.6805555555555556,220,0.62,0.5295454545454545,219
8842,117,amr122,pause_inject_natural,3.0,0.28023648648648647,1.0,235,0.0,0.27307692307692305,219
8842,117,amr122,pause_inject_synthetic,3.0,0.29219914802981894,1.0,236,0.0,0.28846153846153844,219
8842,117,amr475,full_natural,60.0,0.5523004575495679,1.0,226,1.0,0.5573979591836735,219
8842,117,amr475,full_synthetic,60.0,0.6381781750924784,1.0,290,1.0,0.5232371794871795,219
8842,117,amr475,splice_natural,0.5,0.34116061293984107,0.5114583333333333,220,0.56,0.4102272727272727,219
8842,117,amr475,splice_synthetic,0.5,0.3386486872146119,0.4260204081632653,220,0.48,0.4036016949152542,219
8842,117,amr475,splice_natural,1.0,0.34803441522104084,0.4120762711864407,220,0.0,0.4120762711864407,219
8842,117,amr475,splice_synthetic,1.0,0.3396630496858938,0.4636627906976744,220,1.0,0.4636627906976744,219
8842,117,amr475,splice_natural,2.0,0.34656515580736547,0.6091269841269841,220,0.64,0.5011363636363636,219
8842,117,amr475,splice_synthetic,2.0,0.34654240182128626,0.5220588235294118,221,0.79,0.48575949367088606,219
8842,117,amr475,splice_natural,3.0,0.35513756316676026,0.6286764705882353,220,0.6333333333333333,0.4990079365079365,219
8842,117,amr475,splice_synthetic,3.0,0.3556157354618016,0.5260416666666666,220,0.9733333333333334,0.5260416666666666,219
8842,117,amr475,splice_natural,5.0,0.3682777164920022,1.0,229,0.452,0.4987244897959184,219
8842,117,amr475,splice_synthetic,5.0,0.36464745383324004,0.637668918918919,220,0.648,0.5150462962962963,219
8842,117,amr475,pause_inject_natural,3.0,0.3724379719525351,1.0,235,0.0,0.4088983050847458,219
8842,117,amr475,pause_inject_synthetic,3.0,0.3783123661670236,1.0,237,0.0,0.4036016949152542,219
8842,117,amr122_g711u,full_natural,60.0,0.5525597052845529,1.0,226,1.0,0.5359195402298851,219
8842,117,amr122_g711u,full_synthetic,60.0,0.6415920195439739,1.0,290,1.0,0.5416666666666666,219
8842,117,amr122_g711u,splice_natural,0.5,0.24825099942889778,0.35520833333333335,220,0.76,0.3329741379310345,219
8842,117,amr122_g711u,splice_synthetic,0.5,0.24739136649514007,0.34328358208955223,220,0.92,0.34328358208955223,219
8842,117,amr122_g711u,splice_natural,1.0,0.25128132118451024,0.5054347826086957,222,0.38,0.375,219
8842,117,amr122_g711u,splice_synthetic,1.0,0.24953703703703703,0.40519662921348315,220,0.66,0.3621987951807229,219
8842,117,amr122_g711u,splice_natural,2.0,0.2558205565019875,0.5806962025316456,220,0.67,0.5055970149253731,219
8842,117,amr122_g711u,splice_synthetic,2.0,0.26172979084228376,0.6201923076923077,220,0.71,0.5132042253521126,219
8842,117,amr122_g711u,splice_natural,3.0,0.2652612152186258,0.581081081081081,220,0.6466666666666666,0.4863013698630137,219
8842,117,amr122_g711u,splice_synthetic,3.0,0.2662598758465011,0.7164634146341463,222,0.6933333333333334,0.501453488372093,219
8842,117,amr122_g711u,splice_natural,5.0,0.29341784164859,1.0,234,0.324,0.5150862068965517,219
8842,117,amr122_g711u,splice_synthetic,5.0,0.2797131147540984,0.5897887323943662,220,0.744,0.515,219
8842,117,amr122_g711u,pause_inject_natural,3.0,0.2814538043478261,1.0,234,0.0,0.2980769230769231,219
8842,117,amr122_g711u,pause_inject_synthetic,3.0,0.2968085106382979,1.0,236,0.0,0.2846153846153846,219
8842,118,g711u,full_natural,60.0,0.6075432041102289,1.0,253,1.0,0.5203125,210
8842,118,g711u,full_synthetic,60.0,0.6508656654151022,1.0,290,1.0,0.5442708333333334,210
8842,118,g711u,splice_natural,0.5,0.05650994575045208,0.1891891891891892,210,1.0,0.1891891891891892,210
8842,118,g711u,splice_synthetic,0.5,0.061980712166172104,0.61875,213,0.0,0.08991228070175439,210
8842,118,g711u,splice_natural,1.0,0.0680930930930931,0.5901162790697675,212,0.84,0.48404255319148937,210
8842,118,g711u,splice_synthetic,1.0,0.06340415913200724,0.2893258426966292,210,1.0,0.2893258426966292,210
8842,118,g711u,splice_natural,2.0,0.07211826347305389,0.5493055555555556,210,0.79,0.4865506329113924,210
8842,118,g711u,splice_synthetic,2.0,0.07382953181272509,0.555640243902439,210,0.76,0.5141666666666667,210
8842,118,g711u,splice_natural,3.0,0.09216351829988194,0.7430555555555556,215,0.6066666666666667,0.5146276595744681,210
8842,118,g711u,splice_synthetic,3.0,0.0973115137346581,0.8004807692307693,213,0.4666666666666667,0.5236111111111111,210
8842,118,g711u,splice_natural,5.0,0.11302502876869966,1.0,221,0.324,0.5072674418604651,210
8842,118,g711u,splice_synthetic,5.0,0.1297993648960739,1.0,217,0.604,0.5089285714285714,210
8842,118,g711u,pause_inject_natural,3.0,0.10156693136698809,1.0,225,0.0,0.10259433962264151,210
8842,118,g711u,pause_inject_synthetic,3.0,0.11796612541993282,1.0,227,0.0,0.11805555555555555,210
8842,118,g711a,full_natural,60.0,0.607309668379262,1.0,253,1.0,0.525,210
8842,118,g711a,full_synthetic,60.0,0.6513295644891123,1.0,290,1.0,0.5237676056338029,210
8842,118,g711a,splice_natural,0.5,0.058398555087296806,0.20376712328767124,210,0.84,0.1813380281690141,210
8842,118,g711a,splice_synthetic,0.5,0.051989150090415916,0.1826171875,210,0.72,0.1826171875,210
8842,118,g711a,splice_natural,1.0,0.05575647980711272,0.2858606557377049,210,0.7,0.2858606557377049,210
8842,118,g711a,splice_synthetic,1.0,0.06280066145520144,0.3541666666666667,210,0.88,0.32061688311688313,210
8842,118,g711a,splice_natural,2.0,0.07472255548890222,0.5439560439560439,210,0.88,0.5,210
8842,118,g711a,splice_synthetic,2.0,0.07163633651551313,0.6203358208955224,210,0.5,0.49125,210
8842,118,g711a,splice_natural,3.0,0.09612812128418549,0.6654829545454546,210,0.7666666666666667,0.55390625,210
8842,118,g711a,splice_synthetic,3.0,0.11376842403628118,1.0,222,0.09333333333333334,0.22146739130434784,210
8842,118,g711a,splice_natural,5.0,0.09803261520047876,0.5589285714285714,210,0.676,0.49166666666666664,210
8842,118,g711a,splice_synthetic,5.0,0.12482091690544413,1.0,221,0.516,0.48777173913043476,210
8842,118,g711a,pause_inject_natural,3.0,0.10397694934547524,1.0,224,0.0,0.12254901960784313,210
8842,118,g711a,pause_inject_synthetic,3.0,0.10991257755217146,1.0,227,0.0,0.1111111111111111,210
8842,118,opus16,full_natural,60.0,0.6237937612208259,1.0,265,1.0,0.537828947368421,210
8842,118,opus16,full_synthetic,60.0,0.6500052366987851,1.0,290,1.0,0.5274390243902439,210
8842,118,opus16,splice_natural,0.5,0.16027861445783131,0.3115530303030303,210,1.0,0.3115530303030303,210
8842,118,opus16,splice_synthetic,0.5,0.166154883163571,0.43478260869565216,211,0.56,0.26861702127659576,210
8842,118,opus16,splice_natural,1.0,0.1666792168674699,0.3623417721518987,210,0.92,0.3623417721518987,210
8842,118,opus16,splice_synthetic,1.0,0.1772553066037736,0.9253048780487805,214,0.24,0.23404255319148937,210
8842,118,opus16,splice_natural,2.0,0.17543206197854588,0.6388888888888888,211,0.54,0.5,210
8842,118,opus16,splice_synthetic,2.0,0.18229166666666666,0.9875,216,0.33,0.4115853658536585,210
8842,118,opus16,splice_natural,3.0,0.18430629827688652,0.6597222222222222,210,0.6666666666666666,0.5035377358490566,210
8842,118,opus16,splice_synthetic,3.0,0.21248596294216732,1.0,228,0.0,0.19767441860465115,210
8842,118,opus16,splice_natural,5.0,0.2016706443914081,0.5639204545454546,210,0.748,0.5169642857142858,210
8842,118,opus16,splice_synthetic,5.0,0.24184931506849314,1.0,229,0.212,0.488031914893617,210
8842,118,opus16,pause_inject_natural,3.0,0.2111220472440945,1.0,226,0.0,0.2152777777777778,210
8842,118,opus16,pause_inject_synthetic,3.0,0.20716094541361846,1.0,227,0.0,0.19767441860465115,210
8842,118,amr122,full_natural,60.0,0.6232654431512982,1.0,266,1.0,0.5240384615384616,210
8842,118,amr122,full_synthetic,60.0,0.6447885677858054,1.0,290,1.0,0.5430327868852459,210
8842,118,amr122,splice_natural,0.5,0.24196213942307693,0.3227040816326531,210,1.0,0.31346153846153846,210
8842,118,amr122,splice_synthetic,0.5,0.2443794964028777,0.3896276595744681,210,0.6,0.3328488372093023,210
8842,118,amr122,splice_natural,1.0,0.24654654654654654,0.3882978723404255,211,1.0,0.3882978723404255,210
8842,118,amr122,splice_synthetic,1.0,0.24688251201923078,0.371875,210,1.0,0.371875,210
8842,118,amr122,splice_natural,2.0,0.25948660714285715,0.5990168539325843,210,0.74,0.5111301369863014,210
8842,118,amr122,splice_synthetic,2.0,0.26831210191082805,1.0,220,0.08,0.2870762711864407,210
8842,118,amr122,splice_natural,3.0,0.2638559573206876,0.6455592105263158,210,0.7133333333333334,0.5073529411764706,210
8842,118,amr122,splice_synthetic,3.0,0.29553670745272526,1.0,226,0.0,0.2755102040816326,210
8842,118,amr122,splice_natural,5.0,0.27972156747200944,0.6786858974358975,210,0.696,0.5177364864864865,210
8842,118,amr122,splice_synthetic,5.0,0.29942512619181155,1.0,226,0.264,0.5231481481481481,210
8842,118,amr122,pause_inject_natural,3.0,0.28747888513513514,1.0,226,0.0,0.27896341463414637,210
8842,118,amr122,pause_inject_synthetic,3.0,0.2923770262716601,1.0,226,0.0,0.2754237288135593,210
8842,118,amr475,full_natural,60.0,0.6287660611431103,1.0,266,1.0,0.5408653846153846,210
8842,118,amr475,full_synthetic,60.0,0.6416345742404792,1.0,290,1.0,0.5369318181818182,210
8842,118,amr475,splice_natural,0.5,0.3408478130617136,0.47606382978723405,210,0.64,0.41369047619047616,210
8842,118,amr475,splice_synthetic,0.5,0.3371394230769231,0.4451219512195122,210,0.68,0.4451219512195122,210
8842,118,amr475,splice_natural,1.0,0.3521395076201641,1.0,220,0.0,0.4050925925925926,210
8842,118,amr475,splice_synthetic,1.0,0.35258746355685133,1.0,217,0.0,0.3961864406779661,210
8842,118,amr475,splice_natural,2.0,0.3433193529059317,0.526541095890411,210,0.68,0.49172794117647056,210
8842,118,amr475,splice_synthetic,2.0,0.3547087522176227,0.671875,210,0.52,0.5023584905660378,210
8842,118,amr475,splice_natural,3.0,0.3555473372781065,0.67,213,0.7266666666666667,0.5022321428571429,210
8842,118,amr475,splice_synthetic,3.0,0.3533711217183771,0.5681818181818182,210,0.86,0.5104166666666666,210
8842,118,amr475,splice_natural,5.0,0.3678811331775701,0.823170731707317,214,0.596,0.49512987012987014,210
8842,118,amr475,splice_synthetic,5.0,0.3922497234513274,1.0,232,0.152,0.44345238095238093,210
8842,118,amr475,pause_inject_natural,3.0,0.37223011363636366,1.0,224,0.0,0.40406976744186046,210
8842,118,amr475,pause_inject_synthetic,3.0,0.3747531038374718,1.0,225,0.0,0.3938953488372093,210
8842,118,amr122_g711u,full_natural,60.0,0.6214590827338129,1.0,266,1.0,0.5300925925925926,210
8842,118,amr122_g711u,full_synthetic,60.0,0.6446976149914821,1.0,290,1.0,0.5382462686567164,210
8842,118,amr122_g711u,splice_natural,0.5,0.24714885954381752,0.3380102040816326,210,0.64,0.30711206896551724,210
8842,118,amr122_g711u,splice_synthetic,0.5,0.2560948581560284,0.3948170731707317,211,0.0,0.28860294117647056,210
8842,118,amr122_g711u,splice_natural,1.0,0.26481508444962143,1.0,218,0.0,0.28728070175438597,210
8842,118,amr122_g711u,splice_synthetic,1.0,0.2548076923076923,0.5765086206896551,213,0.66,0.45416666666666666,210
8842,118,amr122_g711u,splice_natural,2.0,0.26046009529481834,0.5552884615384616,210,0.65,0.4494047619047619,210
8842,118,amr122_g711u,splice_synthetic,2.0,0.25815217391304346,0.5673701298701299,210,0.62,0.4627016129032258,210
8842,118,amr122_g711u,splice_natural,3.0,0.2654666070363745,0.5576298701298701,210,0.7066666666666667,0.48996913580246915,210
8842,118,amr122_g711u,splice_synthetic,3.0,0.29833984375,1.0,227,0.0,0.2913602941176471,210
8842,118,amr122_g711u,splice_natural,5.0,0.2989883984153933,1.0,221,0.344,0.46825396825396826,210
8842,118,amr122_g711u,splice_synthetic,5.0,0.2990664196123147,1.0,219,0.544,0.5065298507462687,210
8842,118,amr122_g711u,pause_inject_natural,3.0,0.2875846979107849,1.0,226,0.0,0.2974537037037037,210
8842,118,amr122_g711u,pause_inject_synthetic,3.0,0.2957053072625698,1.0,227,0.0,0.2916666666666667,210
8842,119,g711u,full_natural,60.0,0.5879003157419936,1.0,252,1.0,0.5548780487804879,223
8842,119,g711u,full_synthetic,60.0,0.6169185558354324,1.0,283,1.0,0.5404411764705882,223
8842,119,g711u,splice_natural,0.5,0.047219922737306845,0.2140625,223,1.0,0.2140625,223
8842,119,g711u,splice_synthetic,0.5,0.04359823399558499,0.1819620253164557,223,0.92,0.1819620253164557,223
8842,119,g711u,splice_natural,1.0,0.05195162177020341,0.37083333333333335,223,0.82,0.30606617647058826,223
8842,119,g711u,splice_synthetic,1.0,0.06562164339419979,1.0,230,0.0,0.07041139240506329,223
8842,119,g711u,splice_natural,2.0,0.057692307692307696,0.5952380952380952,224,0.66,0.5137195121951219,223
8842,119,g711u,splice_synthetic,2.0,0.06348881614839062,0.6220588235294118,223,0.62,0.498046875,223
8842,119,g711u,splice_natural,3.0,0.0713598901098901,0.57890625,223,0.78,0.5321180555555556,223
8842,119,g711u,splice_synthetic,3.0,0.0745530877573131,0.7435661764705882,231,0.5933333333333334,0.49362244897959184,223
8842,119,g711u,splice_natural,5.0,0.12263110072689512,1.0,236,0.38,0.5063291139240507,223
8842,119,g711u,splice_synthetic,5.0,0.1322615423642821,1.0,241,0.248,0.51953125,223
8842,119,g711u,pause_inject_natural,3.0,0.10115046535677352,1.0,237,0.0,0.0875,223
8842,119,g711u,pause_inject_synthetic,3.0,0.09578768909754826,1.0,237,0.0,0.09068627450980392,223
8842,119,g711a,full_natural,60.0,0.5893098782138024,1.0,252,1.0,0.5479651162790697,223
8842,119,g711a,full_synthetic,60.0,0.617522040302267,1.0,283,1.0,0.5306372549019608,223
8842,119,g711a,splice_natural,0.5,0.0387348233995585,0.16923076923076924,223,0.76,0.16923076923076924,223
8842,119,g711a,splice_synthetic,0.5,0.03942466887417218,0.21428571428571427,223,1.0,0.21428571428571427,223
8842,119,g711a,splice_natural,1.0,0.04678040726472207,0.4386574074074074,223,0.74,0.38137755102040816,223
8842,119,g711a,splice_synthetic,1.0,0.046426600441501105,0.29464285714285715,223,0.78,0.29464285714285715,223
8842,119,g711a,splice_natural,2.0,0.06212493180578287,0.6230053191489362,223,0.73,0.514554794520548,223
8842,119,g711a,splice_synthetic,2.0,0.06693746586564718,0.5958333333333333,223,0.71,0.4876760563380282,223
8842,119,g711a,splice_natural,3.0,0.0717151795429815,0.7931547619047619,226,0.6933333333333334,0.49759615384615385,223
8842,119,g711a,splice_synthetic,3.0,0.07488368910782704,0.581781914893617,223,0.86,0.502373417721519,223
8842,119,g711a,splice_natural,5.0,0.1051953336950624,0.6104166666666667,223,0.788,0.5202922077922078,223
8842,119,g711a,splice_synthetic,5.0,0.09446409140369967,0.6546474358974359,223,0.728,0.5543154761904762,223
8842,119,g711a,pause_inject_natural,3.0,0.10116443643849717,1.0,239,0.0,0.0671875,223
8842,119,g711a,pause_inject_synthetic,3.0,0.09456042531120332,1.0,237,0.0,0.06944444444444445,223
8842,119,opus16,full_natural,60.0,0.5881207674943567,1.0,252,1.0,0.5369318181818182,223
8842,119,opus16,full_synthetic,60.0,0.61907867278798,1.0,283,1.0,0.5373134328358209,223
8842,119,opus16,splice_natural,0.5,0.15193846578366446,0.2508561643835616,223,0.88,0.2508561643835616,223
8842,119,opus16,splice_synthetic,0.5,0.15787849698299505,0.282703488372093,223,0.24,0.18203125,223
8842,119,opus16,splice_natural,1.0,0.17070543887991385,1.0,228,0.02,0.18292682926829268,223
8842,119,opus16,splice_synthetic,1.0,0.16928069226608977,0.9740853658536586,227,0.2,0.22585227272727273,223
8842,119,opus16,splice_natural,2.0,0.1739772103239978,0.5795454545454546,223,0.78,0.5316455696202531,223
8842,119,opus16,splice_synthetic,2.0,0.16485407488986784,0.4939759036144578,223,0.79,0.46835443037974683,223
8842,119,opus16,splice_natural,3.0,0.19860604481500782,1.0,236,0.14666666666666667,0.3551829268292683,223
8842,119,opus16,splice_synthetic,3.0,0.2025528623001547,1.0,242,0.0,0.19541139240506328,223
8842,119,opus16,splice_natural,5.0,0.22149122807017543,1.0,235,0.416,0.52375,223
8842,119,opus16,splice_synthetic,5.0,0.1996801850843767,0.5861111111111111,223,0.816,0.5061728395061729,223
8842,119,opus16,pause_inject_natural,3.0,0.2036092458677686,1.0,238,0.0,0.1875,223
8842,119,opus16,pause_inject_synthetic,3.0,0.19613529718456726,1.0,237,0.0,0.1742957746478873,223
8842,119,amr122,full_natural,60.0,0.5858497979344409,1.0,252,1.0,0.5229591836734694,223
8842,119,amr122,full_synthetic,60.0,0.6199760516451479,1.0,283,1.0,0.5395569620253164,223
8842,119,amr122,splice_natural,0.5,0.22925734494015235,0.2563291139240506,223,0.0,0.2563291139240506,223
8842,119,amr122,splice_synthetic,0.5,0.22547945205479453,0.39311594202898553,223,0.2,0.25848765432098764,223
8842,119,amr122,splice_natural,1.0,0.2273943468715697,0.45078125,223,0.72,0.3723214285714286,223
8842,119,amr122,splice_synthetic,1.0,0.2231749311294766,0.3551829268292683,223,0.76,0.33069620253164556,223
8842,119,amr122,splice_natural,2.0,0.23937774122807018,0.573170731707317,223,0.7,0.5,223
8842,119,amr122,splice_synthetic,2.0,0.2342032967032967,0.5319148936170213,224,0.66,0.4583333333333333,223
8842,119,amr122,splice_natural,3.0,0.2398620972146368,0.6715116279069767,225,0.66,0.49362244897959184,223
8842,119,amr122,splice_synthetic,3.0,0.26084117032392895,1.0,241,0.03333333333333333,0.2669270833333333,223
8842,119,amr122,splice_natural,5.0,0.27254476040021064,1.0,232,0.556,0.49841772151898733,223
8842,119,amr122,splice_synthetic,5.0,0.26646325107296137,0.78359375,231,0.64,0.5201923076923077,223
8842,119,amr122,pause_inject_natural,3.0,0.27533265097236437,1.0,238,0.0,0.26582278481012656,223
8842,119,amr122,pause_inject_synthetic,3.0,0.26661269430051815,1.0,238,0.0,0.26160714285714287,223
8842,119,amr475,full_natural,60.0,0.5928411633109619,1.0,253,1.0,0.5407608695652174,223
8842,119,amr475,full_synthetic,60.0,0.6162437080536913,1.0,284,1.0,0.5369718309859155,223
8842,119,amr475,splice_natural,0.5,0.3283664459161148,0.37578125,223,1.0,0.37578125,223
8842,119,amr475,splice_synthetic,0.5,0.32912527593818985,0.40625,223,0.92,0.40625,223
8842,119,amr475,splice_natural,1.0,0.3391404555314534,0.84375,226,0.32,0.40198863636363635,223
8842,119,amr475,splice_synthetic,1.0,0.3314964403066813,0.55,223,0.34,0.39634146341463417,223
8842,119,amr475,splice_natural,2.0,0.3387834516657564,0.6056034482758621,223,0.73,0.4991438356164384,223
8842,119,amr475,splice_synthetic,2.0,0.33773249452954046,0.5926966292134831,223,0.73,0.5034246575342466,223
8842,119,amr475,splice_natural,3.0,0.3426724137931034,0.5933441558441559,224,0.6733333333333333,0.5255681818181818,223
8842,119,amr475,splice_synthetic,3.0,0.3453534388646288,0.6270380434782609,223,0.78,0.5234375,223
8842,119,amr475,splice_natural,5.0,0.3629344919786096,0.7735294117647059,223,0.68,0.5458333333333333,223
8842,119,amr475,splice_synthetic,5.0,0.3495762711864407,0.5691176470588235,223,0.78,0.5103021978021978,223
8842,119,amr475,pause_inject_natural,3.0,0.37381653019447286,1.0,239,0.0,0.3625,223
8842,119,amr475,pause_inject_synthetic,3.0,0.3676717458677686,1.0,237,0.0,0.3573943661971831,223
8842,119,amr122_g711u,full_natural,60.0,0.5884598114054782,1.0,252,1.0,0.5236111111111111,223
8842,119,amr122_g711u,full_synthetic,60.0,0.6183906840117499,1.0,283,1.0,0.5318627450980392,223
8842,119,amr122_g711u,splice_natural,0.5,0.2223027041942605,0.3321078431372549,223,0.92,0.3321078431372549,223
8842,119,amr122_g711u,splice_synthetic,0.5,0.22606236203090507,0.31916666666666665,223,0.92,0.31916666666666665,223
8842,119,amr122_g711u,splice_natural,1.0,0.24346361185983828,0.9680851063829787,227,0.08,0.2669836956521739,223
8842,119,amr122_g711u,splice_synthetic,1.0,0.22920115894039736,0.3793402777777778,223,0.84,0.3793402777777778,223
8842,119,amr122_g711u,splice_natural,2.0,0.24037676822633297,0.6402439024390244,223,0.64,0.478515625,223
8842,119,amr122_g711u,splice_synthetic,2.0,0.23791872597473915,0.5491071428571429,223,0.75,0.495,223
8842,119,amr122_g711u,splice_natural,3.0,0.2578041264737406,1.0,229,0.58,0.5639204545454546,223
8842,119,amr122_g711u,splice_synthetic,3.0,0.24294906900328586,0.5531609195402298,223,0.8066666666666666,0.4961890243902439,223
8842,119,amr122_g711u,splice_natural,5.0,0.26015073329712113,0.6433333333333333,223,0.732,0.4895833333333333,223
8842,119,amr122_g711u,splice_synthetic,5.0,0.27289244186046513,1.0,229,0.556,0.5211267605633803,223
8842,119,amr122_g711u,pause_inject_natural,3.0,0.27752440904419323,1.0,239,0.0,0.2800925925925926,223
8842,119,amr122_g711u,pause_inject_synthetic,3.0,0.2738998970663922,1.0,238,0.0,0.2604166666666667,223
