speaker,call,codec,noise,loss,whole_call_ber,max_window_ber,conclusive_windows,sender_active_frames,max_window_ber_nopause,conclusive_windows_nopause
1272,0,g711u,clean,0.0,0.07663016112789527,0.12053571428571429,251,1986,0.12053571428571429,251
1272,0,g711u,clean,0.01,0.0835221550855992,0.13456632653061223,251,1986,0.13456632653061223,251
1272,0,g711u,clean,0.05,0.11549597180261832,0.1884469696969697,251,1986,0.1884469696969697,251
1272,0,g711a,clean,0.0,0.07776309164149044,0.1364795918367347,251,1986,0.1364795918367347,251
1272,0,g711a,clean,0.01,0.08412009063444109,0.1364795918367347,251,1986,0.1364795918367347,251
1272,0,g711a,clean,0.05,0.12462235649546828,0.19722222222222222,251,1986,0.19722222222222222,251
1272,0,opus16,clean,0.0,0.1596802618328298,0.19345238095238096,251,1986,0.19345238095238096,251
1272,0,opus16,clean,0.01,0.16849194360523664,0.2078804347826087,251,1986,0.2078804347826087,251
1272,0,opus16,clean,0.05,0.18643001007049345,0.25100806451612906,251,1986,0.25100806451612906,251
1272,0,amr122,clean,0.0,0.27206067472306145,0.34765625,251,1986,0.34765625,251
1272,0,amr122,clean,0.01,0.27523917421953675,0.34765625,251,1986,0.34765625,251
1272,0,amr122,clean,0.05,0.29283106747230614,0.3489583333333333,251,1986,0.3489583333333333,251
1272,0,amr475,clean,0.0,0.3747167673716012,0.4334016393442623,251,1986,0.4334016393442623,251
1272,0,amr475,clean,0.01,0.3768567472306143,0.4364754098360656,251,1986,0.4364754098360656,251
1272,0,amr475,clean,0.05,0.3835913897280967,0.4634146341463415,251,1986,0.4634146341463415,251
1272,0,amr122_g711u,clean,0.0,0.2802429506545821,0.3580729166666667,251,1986,0.3580729166666667,251
1272,0,amr122_g711u,clean,0.01,0.2836732124874119,0.3723958333333333,251,1986,0.3723958333333333,251
1272,0,amr122_g711u,clean,0.05,0.2986530715005035,0.3619791666666667,251,1986,0.3619791666666667,251
1272,0,g711u,white20,0.0,0.030470049916805325,0.04755434782608696,181,1202,0.04755434782608696,181
1272,0,g711u,white20,0.01,0.039413477537437604,0.08630952380952381,181,1202,0.08630952380952381,181
1272,0,g711u,white20,0.05,0.0641638935108153,0.12907608695652173,181,1202,0.12907608695652173,181
1272,0,g711a,white20,0.0,0.03223793677204659,0.049107142857142856,181,1202,0.049107142857142856,181
1272,0,g711a,white20,0.01,0.04076539101497504,0.07555970149253731,181,1202,0.07555970149253731,181
1272,0,g711a,white20,0.05,0.072119384359401,0.1505281690140845,181,1202,0.1505281690140845,181
1272,0,opus16,white20,0.0,0.1605657237936772,0.20797413793103448,181,1202,0.20797413793103448,181
1272,0,opus16,white20,0.01,0.1644134775374376,0.20797413793103448,181,1202,0.20797413793103448,181
1272,0,opus16,white20,0.05,0.1879679700499168,0.2544642857142857,181,1202,0.2544642857142857,181
1272,0,amr122,white20,0.0,0.27651830282861894,0.3138888888888889,181,1202,0.3138888888888889,181
1272,0,amr122,white20,0.01,0.2795341098169717,0.31971153846153844,181,1202,0.31971153846153844,181
1272,0,amr122,white20,0.05,0.29913685524126454,0.3429878048780488,181,1202,0.3429878048780488,181
1272,0,amr475,white20,0.0,0.38061564059900166,0.42045454545454547,181,1202,0.42045454545454547,181
1272,0,amr475,white20,0.01,0.3841514143094842,0.425,181,1202,0.425,181
1272,0,amr475,white20,0.05,0.3940827787021631,0.43452380952380953,181,1202,0.43452380952380953,181
1272,0,amr122_g711u,white20,0.0,0.2778702163061564,0.3181818181818182,181,1202,0.3181818181818182,181
1272,0,amr122_g711u,white20,0.01,0.2823419301164726,0.3125,181,1202,0.3125,181
1272,0,amr122_g711u,white20,0.05,0.2939891846921797,0.3380681818181818,181,1202,0.3380681818181818,181
1272,0,g711u,babble10,0.0,0.04707591493570722,0.11038961038961038,269,2022,0.11038961038961038,269
1272,0,g711u,babble10,0.01,0.05690529179030663,0.11235119047619048,269,2022,0.11235119047619048,269
1272,0,g711u,babble10,0.05,0.07786226508407518,0.13141025641025642,269,2022,0.13141025641025642,269
1272,0,g711a,babble10,0.0,0.04373763600395648,0.1038961038961039,269,2022,0.1038961038961039,269
1272,0,g711a,babble10,0.01,0.05254698318496538,0.1241883116883117,269,2022,0.1241883116883117,269
1272,0,g711a,babble10,0.05,0.0811387240356083,0.1580188679245283,269,2022,0.1580188679245283,269
1272,0,opus16,babble10,0.0,0.15804100790513834,0.19134615384615383,272,2022,0.19134615384615383,269
1272,0,opus16,babble10,0.01,0.16220973320158102,0.19903846153846153,272,2022,0.19903846153846153,269
1272,0,opus16,babble10,0.05,0.18463246176615689,0.23596938775510204,272,2022,0.23596938775510204,269
1272,0,amr122,babble10,0.0,0.25636116600790515,0.3107394366197183,272,2022,0.3107394366197183,269
1272,0,amr122,babble10,0.01,0.2597579051383399,0.3125,272,2022,0.3125,269
1272,0,amr122,babble10,0.05,0.27139945652173914,0.3453125,272,2022,0.33035714285714285,269
1272,0,amr475,babble10,0.0,0.3552047360631475,0.4211309523809524,272,2022,0.4211309523809524,269
1272,0,amr475,babble10,0.01,0.3560372471632955,0.4211309523809524,272,2022,0.4211309523809524,269
1272,0,amr475,babble10,0.05,0.36297483966452887,0.42272727272727273,272,2022,0.42272727272727273,269
1272,0,amr122_g711u,babble10,0.0,0.2620180425111221,0.31514084507042256,272,2022,0.31514084507042256,269
1272,0,amr122_g711u,babble10,0.01,0.26683761739990114,0.3160211267605634,272,2022,0.3160211267605634,269
1272,0,amr122_g711u,babble10,0.05,0.2825321304992585,0.35,272,2022,0.34175531914893614,269
1272,1,g711u,clean,0.0,0.07875560538116592,0.11745689655172414,224,1784,0.11745689655172414,224
1272,1,g711u,clean,0.01,0.0875140134529148,0.12585616438356165,224,1784,0.12585616438356165,224
1272,1,g711u,clean,0.05,0.11925448430493274,0.1765625,224,1784,0.1765625,224
1272,1,g711a,clean,0.0,0.07865050448430494,0.11643835616438356,224,1784,0.11643835616438356,224
1272,1,g711a,clean,0.01,0.0898262331838565,0.14342948717948717,224,1784,0.14342948717948717,224
1272,1,g711a,clean,0.05,0.125035033632287,0.19241573033707865,224,1784,0.19241573033707865,224
1272,1,opus16,clean,0.0,0.1600686659192825,0.18442622950819673,224,1784,0.18442622950819673,224
1272,1,opus16,clean,0.01,0.16518357623318386,0.18890449438202248,224,1784,0.18890449438202248,224
1272,1,opus16,clean,0.05,0.18799047085201795,0.24365942028985507,224,1784,0.24365942028985507,224
1272,1,amr122,clean,0.0,0.2852788677130045,0.36538461538461536,224,1784,0.36538461538461536,224
1272,1,amr122,clean,0.01,0.288992432735426,0.3736111111111111,224,1784,0.3736111111111111,224
1272,1,amr122,clean,0.05,0.3001681614349776,0.3902777777777778,224,1784,0.3902777777777778,224
1272,1,amr475,clean,0.0,0.3882777466367713,0.43375,224,1784,0.43375,224
1272,1,amr475,clean,0.01,0.3891886210762332,0.4418604651162791,224,1784,0.4418604651162791,224
1272,1,amr475,clean,0.05,0.39479400224215244,0.4420454545454545,224,1784,0.4420454545454545,224
1272,1,amr122_g711u,clean,0.0,0.2904288116591928,0.3736111111111111,224,1784,0.3736111111111111,224
1272,1,amr122_g711u,clean,0.01,0.29421244394618834,0.3736111111111111,224,1784,0.3736111111111111,224
1272,1,amr122_g711u,clean,0.05,0.3071048206278027,0.39305555555555555,224,1784,0.39305555555555555,224
1272,1,g711u,white20,0.0,0.03592649647887324,0.05306603773584906,179,1136,0.05306603773584906,179
1272,1,g711u,white20,0.01,0.0488006161971831,0.13858695652173914,179,1136,0.13858695652173914,179
1272,1,g711u,white20,0.05,0.08225132042253522,0.13511029411764705,179,1136,0.13511029411764705,179
1272,1,g711a,white20,0.0,0.03356073943661972,0.05172413793103448,179,1136,0.05172413793103448,179
1272,1,g711a,white20,0.01,0.039557658450704226,0.06875,179,1136,0.06875,179
1272,1,g711a,white20,0.05,0.07042253521126761,0.15086206896551724,179,1136,0.15086206896551724,179
1272,1,opus16,white20,0.0,0.16153169014084506,0.18140243902439024,179,1136,0.18140243902439024,179
1272,1,opus16,white20,0.01,0.16890404929577466,0.2265625,179,1136,0.2265625,179
1272,1,opus16,white20,0.05,0.1875,0.23511904761904762,179,1136,0.23511904761904762,179
1272,1,amr122,white20,0.0,0.28108494718309857,0.328125,179,1136,0.328125,179
1272,1,amr122,white20,0.01,0.28515625,0.34,179,1136,0.34,179
1272,1,amr122,white20,0.05,0.304962588028169,0.34738372093023256,179,1136,0.34738372093023256,179
1272,1,amr475,white20,0.0,0.37610035211267606,0.428125,179,1136,0.428125,179
1272,1,amr475,white20,0.01,0.37890625,0.4361413043478261,179,1136,0.4361413043478261,179
1272,1,amr475,white20,0.05,0.38930457746478875,0.43636363636363634,179,1136,0.43636363636363634,179
1272,1,amr122_g711u,white20,0.0,0.28532130281690143,0.3268229166666667,179,1136,0.3268229166666667,179
1272,1,amr122_g711u,white20,0.01,0.28922755281690143,0.32916666666666666,179,1136,0.32916666666666666,179
1272,1,amr122_g711u,white20,0.05,0.30028609154929575,0.3537234042553192,179,1136,0.3537234042553192,179
1272,1,g711u,babble10,0.0,0.04292271078875793,0.08166666666666667,277,2206,0.08166666666666667,277
1272,1,g711u,babble10,0.01,0.052498866727107886,0.11011904761904762,277,2206,0.11011904761904762,277
1272,1,g711u,babble10,0.05,0.08933023572076156,0.1625,277,2206,0.1625,277
1272,1,g711a,babble10,0.0,0.04156278331822303,0.07482394366197183,277,2206,0.07482394366197183,277
1272,1,g711a,babble10,0.01,0.053037171350861285,0.09065934065934066,277,2206,0.09065934065934066,277
1272,1,g711a,babble10,0.05,0.08012239347234815,0.14583333333333334,277,2206,0.14583333333333334,277
1272,1,opus16,babble10,0.0,0.16287964641885766,0.20588235294117646,277,2206,0.20588235294117646,277
1272,1,opus16,babble10,0.01,0.17018925657298278,0.20754716981132076,277,2206,0.20754716981132076,277
1272,1,opus16,babble10,0.05,0.19271305530371713,0.23313492063492064,277,2206,0.23313492063492064,277
1272,1,amr122,babble10,0.0,0.25495806890299183,0.35784313725490197,277,2206,0.35784313725490197,277
1272,1,amr122,babble10,0.01,0.2594344968268359,0.35784313725490197,277,2206,0.35784313725490197,277
1272,1,amr122,babble10,0.05,0.27088055303717135,0.3627450980392157,277,2206,0.3627450980392157,277
1272,1,amr475,babble10,0.0,0.36120240253853125,0.42757936507936506,277,2206,0.42757936507936506,277
1272,1,amr475,babble10,0.01,0.3634406165004533,0.43154761904761907,277,2206,0.43154761904761907,277
1272,1,amr475,babble10,0.05,0.37060856754306437,0.44642857142857145,277,2206,0.44642857142857145,277
1272,1,amr122_g711u,babble10,0.0,0.25662964641885766,0.3373015873015873,277,2206,0.3373015873015873,277
1272,1,amr122_g711u,babble10,0.01,0.260907751586582,0.34191176470588236,277,2206,0.34191176470588236,277
1272,1,amr122_g711u,babble10,0.05,0.27549864007252944,0.3472222222222222,277,2206,0.3472222222222222,277
1272,2,g711u,clean,0.0,0.07488007900677202,0.13677536231884058,225,1772,0.13677536231884058,225
1272,2,g711u,clean,0.01,0.08599040632054177,0.16733870967741934,225,1772,0.16733870967741934,225
1272,2,g711u,clean,0.05,0.11522996613995486,0.20923913043478262,225,1772,0.20923913043478262,225
1272,2,g711a,clean,0.0,0.07622037246049661,0.12126865671641791,225,1772,0.12126865671641791,225
1272,2,g711a,clean,0.01,0.08447375846501129,0.13712686567164178,225,1772,0.13712686567164178,225
1272,2,g711a,clean,0.05,0.11117381489841986,0.19701086956521738,225,1772,0.19701086956521738,225
1272,2,opus16,clean,0.0,0.1558267494356659,0.18617021276595744,225,1772,0.18617021276595744,225
1272,2,opus16,clean,0.01,0.16196388261851016,0.21875,225,1772,0.21875,225
1272,2,opus16,clean,0.05,0.18781743792325056,0.24144736842105263,225,1772,0.24144736842105263,225
1272,2,amr122,clean,0.0,0.2686582957110609,0.30842391304347827,225,1772,0.30842391304347827,225
1272,2,amr122,clean,0.01,0.27363148984198643,0.3125,225,1772,0.3125,225
1272,2,amr122,clean,0.05,0.2898913656884876,0.328125,225,1772,0.328125,225
1272,2,amr475,clean,0.0,0.3739418735891648,0.43287037037037035,225,1772,0.43287037037037035,225
1272,2,amr475,clean,0.01,0.3752821670428894,0.44719827586206895,225,1772,0.44719827586206895,225
1272,2,amr475,clean,0.05,0.3819130925507901,0.4375,225,1772,0.4375,225
1272,2,amr122_g711u,clean,0.0,0.27620626410835214,0.31398809523809523,225,1772,0.31398809523809523,225
1272,2,amr122_g711u,clean,0.01,0.2797686230248307,0.3179347826086957,225,1772,0.3179347826086957,225
1272,2,amr122_g711u,clean,0.05,0.29789785553047404,0.3532608695652174,225,1772,0.3532608695652174,225
1272,2,g711u,white20,0.0,0.03391203703703704,0.05823863636363636,160,1080,0.05823863636363636,160
1272,2,g711u,white20,0.01,0.043229166666666666,0.07900943396226415,160,1080,0.07900943396226415,160
1272,2,g711u,white20,0.05,0.07100694444444444,0.14488636363636365,160,1080,0.14488636363636365,160
1272,2,g711a,white20,0.0,0.03298611111111111,0.05823863636363636,160,1080,0.05823863636363636,160
1272,2,g711a,white20,0.01,0.049421296296296297,0.08948863636363637,160,1080,0.08948863636363637,160
1272,2,g711a,white20,0.05,0.07123842592592593,0.134375,160,1080,0.134375,160
1272,2,opus16,white20,0.0,0.15850694444444444,0.2028301886792453,160,1080,0.2028301886792453,160
1272,2,opus16,white20,0.01,0.16261574074074073,0.21108490566037735,160,1080,0.21108490566037735,160
1272,2,opus16,white20,0.05,0.19265046296296295,0.25,160,1080,0.25,160
1272,2,amr122,white20,0.0,0.27667824074074077,0.3125,160,1080,0.3125,160
1272,2,amr122,white20,0.01,0.28553240740740743,0.3328488372093023,160,1080,0.3328488372093023,160
1272,2,amr122,white20,0.05,0.2929976851851852,0.3654891304347826,160,1080,0.3654891304347826,160
1272,2,amr475,white20,0.0,0.3705439814814815,0.41782407407407407,160,1080,0.41782407407407407,160
1272,2,amr475,white20,0.01,0.3729166666666667,0.41782407407407407,160,1080,0.41782407407407407,160
1272,2,amr475,white20,0.05,0.38547453703703705,0.43070652173913043,160,1080,0.43070652173913043,160
1272,2,amr122_g711u,white20,0.0,0.278125,0.32175925925925924,160,1080,0.32175925925925924,160
1272,2,amr122_g711u,white20,0.01,0.28194444444444444,0.3229166666666667,160,1080,0.3229166666666667,160
1272,2,amr122_g711u,white20,0.05,0.2980324074074074,0.3538306451612903,160,1080,0.3538306451612903,160
1272,2,g711u,babble10,0.0,0.037459935897435896,0.07395833333333333,287,2184,0.07395833333333333,287
1272,2,g711u,babble10,0.01,0.04495764652014652,0.07862903225806452,287,2184,0.07862903225806452,287
1272,2,g711u,babble10,0.05,0.08396291208791208,0.1695205479452055,287,2184,0.1695205479452055,287
1272,2,g711a,babble10,0.0,0.03542811355311355,0.0801056338028169,287,2184,0.0801056338028169,287
1272,2,g711a,babble10,0.01,0.04341231684981685,0.09466911764705882,287,2184,0.09466911764705882,287
1272,2,g711a,babble10,0.05,0.07406135531135531,0.14981617647058823,287,2184,0.14981617647058823,287
1272,2,opus16,babble10,0.0,0.152014652014652,0.1935096153846154,287,2184,0.1935096153846154,287
1272,2,opus16,babble10,0.01,0.1573374542124542,0.203125,287,2184,0.203125,287
1272,2,opus16,babble10,0.05,0.17848557692307693,0.22727272727272727,287,2184,0.22727272727272727,287
1272,2,amr122,babble10,0.0,0.25025755494505497,0.3116319444444444,287,2184,0.3116319444444444,287
1272,2,amr122,babble10,0.01,0.25331959706959706,0.3116319444444444,287,2184,0.3116319444444444,287
1272,2,amr122,babble10,0.05,0.2707760989010989,0.3237847222222222,287,2184,0.3237847222222222,287
1272,2,amr475,babble10,0.0,0.3477850274725275,0.40396341463414637,287,2184,0.40396341463414637,287
1272,2,amr475,babble10,0.01,0.35010302197802196,0.40396341463414637,287,2184,0.40396341463414637,287
1272,2,amr475,babble10,0.05,0.36092677345537755,0.4178779069767442,287,2184,0.4178779069767442,287
1272,2,amr122_g711u,babble10,0.0,0.2523466117216117,0.3072916666666667,287,2184,0.3072916666666667,287
1272,2,amr122_g711u,babble10,0.01,0.25804143772893773,0.3142123287671233,287,2184,0.3142123287671233,287
1272,2,amr122_g711u,babble10,0.05,0.27338026556776557,0.33530405405405406,287,2184,0.33530405405405406,287
1462,3,g711u,clean,0.0,0.08285163776493257,0.1323529411764706,202,1557,0.1323529411764706,202
1462,3,g711u,clean,0.01,0.09425176621708414,0.1431818181818182,202,1557,0.1431818181818182,202
1462,3,g711u,clean,0.05,0.12893384714193962,0.19746376811594202,202,1557,0.19746376811594202,202
1462,3,g711a,clean,0.0,0.08128612716763006,0.12745098039215685,202,1557,0.12745098039215685,202
1462,3,g711a,clean,0.01,0.08871226718047527,0.16847826086956522,202,1557,0.16847826086956522,202
1462,3,g711a,clean,0.05,0.12267180475272961,0.23505434782608695,202,1557,0.23505434782608695,202
1462,3,opus16,clean,0.0,0.1484023763648041,0.18259803921568626,202,1557,0.18259803921568626,202
1462,3,opus16,clean,0.01,0.15233622350674375,0.18658088235294118,202,1557,0.18658088235294118,202
1462,3,opus16,clean,0.05,0.1759393063583815,0.23641304347826086,202,1557,0.23641304347826086,202
1462,3,amr122,clean,0.0,0.2618416827231856,0.3165322580645161,202,1557,0.3165322580645161,202
1462,3,amr122,clean,0.01,0.26665863840719334,0.32963709677419356,202,1557,0.32963709677419356,202
1462,3,amr122,clean,0.05,0.2821130378933847,0.3428030303030303,202,1557,0.3428030303030303,202
1462,3,amr475,clean,0.0,0.3519990366088632,0.40848214285714285,202,1557,0.40848214285714285,202
1462,3,amr475,clean,0.01,0.3551701991008349,0.4296875,202,1557,0.4296875,202
1462,3,amr475,clean,0.05,0.3703436095054592,0.4398148148148148,202,1557,0.4398148148148148,202
1462,3,amr122_g711u,clean,0.0,0.2705523442517662,0.3239329268292683,202,1557,0.3239329268292683,202
1462,3,amr122_g711u,clean,0.01,0.27641297366730894,0.32963709677419356,202,1557,0.32963709677419356,202
1462,3,amr122_g711u,clean,0.05,0.2938744380218369,0.35110294117647056,202,1557,0.35110294117647056,202
1462,3,g711u,white20,0.0,0.03765490943755958,0.07142857142857142,150,1049,0.07142857142857142,150
1462,3,g711u,white20,0.01,0.045102478551000955,0.08035714285714286,150,1049,0.08035714285714286,150
1462,3,g711u,white20,0.05,0.08388941849380362,0.1546875,150,1049,0.1546875,150
1462,3,g711a,white20,0.0,0.03628455672068637,0.0625,150,1049,0.0625,150
1462,3,g711a,white20,0.01,0.04837940896091516,0.08909574468085106,150,1049,0.08909574468085106,150
1462,3,g711a,white20,0.05,0.08972831267874166,0.159375,150,1049,0.159375,150
1462,3,opus16,white20,0.0,0.15627979027645378,0.19642857142857142,150,1049,0.19642857142857142,150
1462,3,opus16,white20,0.01,0.16146329837940895,0.19642857142857142,150,1049,0.19642857142857142,150
1462,3,opus16,white20,0.05,0.19024070543374644,0.24335106382978725,150,1049,0.24335106382978725,150
1462,3,amr122,white20,0.0,0.26972116301239274,0.33695652173913043,150,1049,0.33695652173913043,150
1462,3,amr122,white20,0.01,0.274010962821735,0.33695652173913043,150,1049,0.33695652173913043,150
1462,3,amr122,white20,0.05,0.2930171591992374,0.35733695652173914,150,1049,0.35733695652173914,150
1462,3,amr475,white20,0.0,0.3487249761677788,0.39228723404255317,150,1049,0.39228723404255317,150
1462,3,amr475,white20,0.01,0.35086987607244996,0.39453125,150,1049,0.39453125,150
1462,3,amr475,white20,0.05,0.3617731172545281,0.412109375,150,1049,0.412109375,150
1462,3,amr122_g711u,white20,0.0,0.27150857959961866,0.35190217391304346,150,1049,0.35190217391304346,150
1462,3,amr122_g711u,white20,0.01,0.27454718779790277,0.35190217391304346,150,1049,0.35190217391304346,150
1462,3,amr122_g711u,white20,0.05,0.2875357483317445,0.359375,150,1049,0.359375,150
1462,3,g711u,babble10,0.0,0.056315104166666664,0.1125,273,2112,0.1125,273
1462,3,g711u,babble10,0.01,0.06634706439393939,0.11363636363636363,273,2112,0.11363636363636363,273
1462,3,g711u,babble10,0.05,0.103515625,0.16920731707317074,273,2112,0.16920731707317074,273
1462,3,g711a,babble10,0.0,0.053681344696969696,0.0975,273,2112,0.0975,273
1462,3,g711a,babble10,0.01,0.06084280303030303,0.09821428571428571,273,2112,0.09821428571428571,273
1462,3,g711a,babble10,0.05,0.09114583333333333,0.1701923076923077,273,2112,0.1701923076923077,273
1462,3,opus16,babble10,0.0,0.15900213068181818,0.21610169491525424,273,2112,0.21610169491525424,273
1462,3,opus16,babble10,0.01,0.16273082386363635,0.21610169491525424,273,2112,0.21610169491525424,273
1462,3,opus16,babble10,0.05,0.18285392992424243,0.23903508771929824,273,2112,0.23903508771929824,273
1462,3,amr122,babble10,0.0,0.2626953125,0.32193396226415094,273,2112,0.32193396226415094,273
1462,3,amr122,babble10,0.01,0.2658321496212121,0.33254716981132076,273,2112,0.33254716981132076,273
1462,3,amr122,babble10,0.05,0.28187144886363635,0.3302364864864865,273,2112,0.3302364864864865,273
1462,3,amr475,babble10,0.0,0.35517282196969696,0.41360294117647056,273,2112,0.41360294117647056,273
1462,3,amr475,babble10,0.01,0.3570963541666667,0.41360294117647056,273,2112,0.41360294117647056,273
1462,3,amr475,babble10,0.05,0.36553030303030304,0.42463235294117646,273,2112,0.42463235294117646,273
1462,3,amr122_g711u,babble10,0.0,0.2665719696969697,0.31721698113207547,273,2112,0.31721698113207547,273
1462,3,amr122_g711u,babble10,0.01,0.2704190340909091,0.32075471698113206,273,2112,0.32075471698113206,273
1462,3,amr122_g711u,babble10,0.05,0.28568892045454547,0.34875,273,2112,0.34875,273
1462,4,g711u,clean,0.0,0.09172077922077922,0.16185897435897437,209,1617,0.16185897435897437,209
1462,4,g711u,clean,0.01,0.09848484848484848,0.16987179487179488,209,1617,0.16987179487179488,209
1462,4,g711u,clean,0.05,0.13257575757575757,0.1949404761904762,209,1617,0.1949404761904762,209
1462,4,g711a,clean,0.0,0.0935760667903525,0.14680232558139536,209,1617,0.14680232558139536,209
1462,4,g711a,clean,0.01,0.10347093382807669,0.15716911764705882,209,1617,0.15716911764705882,209
1462,4,g711a,clean,0.05,0.13014069264069264,0.1816860465116279,209,1617,0.1816860465116279,209
1462,4,opus16,clean,0.0,0.14776592455163884,0.18055555555555555,209,1617,0.18055555555555555,209
1462,4,opus16,clean,0.01,0.15178571428571427,0.1859375,209,1617,0.1859375,209
1462,4,opus16,clean,0.05,0.17934446505875076,0.22916666666666666,209,1617,0.22916666666666666,209
1462,4,amr122,clean,0.0,0.2569186765615337,0.3114406779661017,209,1617,0.3114406779661017,209
1462,4,amr122,clean,0.01,0.26024273345701915,0.3114406779661017,209,1617,0.3114406779661017,209
1462,4,amr122,clean,0.05,0.28036155747836833,0.3389830508474576,209,1617,0.3389830508474576,209
1462,4,amr475,clean,0.0,0.35447588126159557,0.40202702702702703,209,1617,0.40202702702702703,209
1462,4,amr475,clean,0.01,0.3565630797773655,0.40202702702702703,209,1617,0.40202702702702703,209
1462,4,amr475,clean,0.05,0.3696660482374768,0.4121376811594203,209,1617,0.4121376811594203,209
1462,4,amr122_g711u,clean,0.0,0.2737322201607916,0.32049418604651164,209,1617,0.32049418604651164,209
1462,4,amr122_g711u,clean,0.01,0.27809987631416205,0.3283898305084746,209,1617,0.3283898305084746,209
1462,4,amr122_g711u,clean,0.05,0.2942176870748299,0.3697033898305085,209,1617,0.3697033898305085,209
1462,4,g711u,white20,0.0,0.035443722943722944,0.05040322580645161,181,1155,0.05040322580645161,181
1462,4,g711u,white20,0.01,0.04366883116883117,0.08418367346938775,181,1155,0.08418367346938775,181
1462,4,g711u,white20,0.05,0.09015151515151515,0.20244565217391305,181,1155,0.20244565217391305,181
1462,4,g711a,white20,0.0,0.035227272727272725,0.05592105263157895,181,1155,0.05592105263157895,181
1462,4,g711a,white20,0.01,0.041504329004329,0.07744565217391304,181,1155,0.07744565217391304,181
1462,4,g711a,white20,0.05,0.08127705627705628,0.1556372549019608,181,1155,0.1556372549019608,181
1462,4,opus16,white20,0.0,0.16076839826839825,0.19339622641509435,181,1155,0.19339622641509435,181
1462,4,opus16,white20,0.01,0.16623376623376623,0.20870535714285715,181,1155,0.20870535714285715,181
1462,4,opus16,white20,0.05,0.19053030303030302,0.24882075471698112,181,1155,0.24882075471698112,181
1462,4,amr122,white20,0.0,0.278030303030303,0.337890625,181,1155,0.337890625,181
1462,4,amr122,white20,0.01,0.28035714285714286,0.3408203125,181,1155,0.3408203125,181
1462,4,amr122,white20,0.05,0.3053030303030303,0.39365671641791045,181,1155,0.39365671641791045,181
1462,4,amr475,white20,0.0,0.3560606060606061,0.3946078431372549,181,1155,0.3946078431372549,181
1462,4,amr475,white20,0.01,0.36087662337662335,0.4140625,181,1155,0.4140625,181
1462,4,amr475,white20,0.05,0.3671536796536797,0.453125,181,1155,0.453125,181
1462,4,amr122_g711u,white20,0.0,0.2772727272727273,0.3287037037037037,181,1155,0.3287037037037037,181
1462,4,amr122_g711u,white20,0.01,0.2811147186147186,0.33512931034482757,181,1155,0.33512931034482757,181
1462,4,amr122_g711u,white20,0.05,0.29594155844155845,0.3474576271186441,181,1155,0.3474576271186441,181
1462,4,g711u,babble10,0.0,0.049456256109481914,0.08133561643835617,275,2046,0.08133561643835617,275
1462,4,g711u,babble10,0.01,0.058131720430107524,0.10342261904761904,275,2046,0.10342261904761904,275
1462,4,g711u,babble10,0.05,0.08690738025415445,0.17137096774193547,275,2046,0.17137096774193547,275
1462,4,g711a,babble10,0.0,0.04838709677419355,0.08928571428571429,275,2046,0.08928571428571429,275
1462,4,g711a,babble10,0.01,0.06060606060606061,0.13701923076923078,275,2046,0.13701923076923078,275
1462,4,g711a,babble10,0.05,0.09420821114369501,0.17844202898550723,275,2046,0.17844202898550723,275
1462,4,opus16,babble10,0.0,0.15576219512195122,0.21704545454545454,276,2046,0.19730392156862744,275
1462,4,opus16,babble10,0.01,0.1626219512195122,0.22106481481481483,276,2046,0.22106481481481483,275
1462,4,opus16,babble10,0.05,0.18591463414634146,0.24632352941176472,276,2046,0.24632352941176472,275
1462,4,amr122,babble10,0.0,0.2558231707317073,0.3125,276,2046,0.3125,275
1462,4,amr122,babble10,0.01,0.2573780487804878,0.3125,276,2046,0.3125,275
1462,4,amr122,babble10,0.05,0.275609756097561,0.3368055555555556,276,2046,0.3368055555555556,275
1462,4,amr475,babble10,0.0,0.342562134502924,0.38958333333333334,276,2046,0.38958333333333334,275
1462,4,amr475,babble10,0.01,0.344937865497076,0.3942307692307692,276,2046,0.3942307692307692,275
1462,4,amr475,babble10,0.05,0.35435947394057477,0.4225,276,2046,0.4225,275
1462,4,amr122_g711u,babble10,0.0,0.260711669921875,0.33217592592592593,275,2046,0.33217592592592593,275
1462,4,amr122_g711u,babble10,0.01,0.26458740234375,0.33217592592592593,275,2046,0.33217592592592593,275
1462,4,amr122_g711u,babble10,0.05,0.28271341463414634,0.35185185185185186,276,2046,0.35185185185185186,275
1462,5,g711u,clean,0.0,0.08924819927971188,0.1453804347826087,209,1666,0.1453804347826087,209
1462,5,g711u,clean,0.01,0.10005252100840337,0.1453804347826087,209,1666,0.1453804347826087,209
1462,5,g711u,clean,0.05,0.12995198079231693,0.18875,209,1666,0.18875,209
1462,5,g711a,clean,0.0,0.09453781512605042,0.1484375,209,1666,0.1484375,209
1462,5,g711a,clean,0.01,0.10189075630252101,0.15334302325581395,209,1666,0.15334302325581395,209
1462,5,g711a,clean,0.05,0.1295018007202881,0.1915983606557377,209,1666,0.1915983606557377,209
1462,5,opus16,clean,0.0,0.1556122448979592,0.2015625,209,1666,0.2015625,209
1462,5,opus16,clean,0.01,0.164203181272509,0.2213855421686747,209,1666,0.2213855421686747,209
1462,5,opus16,clean,0.05,0.18963835534213686,0.25253378378378377,209,1666,0.25253378378378377,209
1462,5,amr122,clean,0.0,0.26755702280912363,0.3234375,209,1666,0.3234375,209
1462,5,amr122,clean,0.01,0.2714960984393758,0.3234375,209,1666,0.3234375,209
1462,5,amr122,clean,0.05,0.28984093637454983,0.3359375,209,1666,0.3359375,209
1462,5,amr475,clean,0.0,0.35414165666266506,0.4140625,209,1666,0.4140625,209
1462,5,amr475,clean,0.01,0.3550795318127251,0.41875,209,1666,0.41875,209
1462,5,amr475,clean,0.05,0.36659663865546216,0.421875,209,1666,0.421875,209
1462,5,amr122_g711u,clean,0.0,0.28004951980792314,0.328125,209,1666,0.328125,209
1462,5,amr122_g711u,clean,0.01,0.2847764105642257,0.34375,209,1666,0.34375,209
1462,5,amr122_g711u,clean,0.05,0.3001950780312125,0.35,209,1666,0.35,209
1462,5,g711u,white20,0.0,0.03261802575107296,0.050271739130434784,155,1165,0.050271739130434784,155
1462,5,g711u,white20,0.01,0.042703862660944204,0.07472826086956522,155,1165,0.07472826086956522,155
1462,5,g711u,white20,0.05,0.07430257510729614,0.12828947368421054,155,1165,0.12828947368421054,155
1462,5,g711a,white20,0.0,0.034817596566523605,0.05324074074074074,155,1165,0.05324074074074074,155
1462,5,g711a,white20,0.01,0.04447424892703863,0.08366935483870967,155,1165,0.08366935483870967,155
1462,5,g711a,white20,0.05,0.0773068669527897,0.15694444444444444,155,1165,0.15694444444444444,155
1462,5,opus16,white20,0.0,0.15799356223175964,0.19393382352941177,155,1165,0.19393382352941177,155
1462,5,opus16,white20,0.01,0.16174892703862662,0.19393382352941177,155,1165,0.19393382352941177,155
1462,5,opus16,white20,0.05,0.1926502145922747,0.24421296296296297,155,1165,0.24421296296296297,155
1462,5,amr122,white20,0.0,0.26765021459227467,0.327445652173913,155,1165,0.327445652173913,155
1462,5,amr122,white20,0.01,0.2729077253218884,0.34011627906976744,155,1165,0.34011627906976744,155
1462,5,amr122,white20,0.05,0.28331545064377683,0.3408018867924528,155,1165,0.3408018867924528,155
1462,5,amr475,white20,0.0,0.35257510729613734,0.4055232558139535,155,1165,0.4055232558139535,155
1462,5,amr475,white20,0.01,0.3540236051502146,0.4055232558139535,155,1165,0.4055232558139535,155
1462,5,amr475,white20,0.05,0.3649678111587983,0.425531914893617,155,1165,0.425531914893617,155
1462,5,amr122_g711u,white20,0.0,0.2692596566523605,0.32472826086956524,155,1165,0.32472826086956524,155
1462,5,amr122_g711u,white20,0.01,0.2724785407725322,0.3313679245283019,155,1165,0.3313679245283019,155
1462,5,amr122_g711u,white20,0.05,0.2863733905579399,0.3268229166666667,155,1165,0.3268229166666667,155
1462,5,g711u,babble10,0.0,0.05866013071895425,0.09019886363636363,282,2295,0.09019886363636363,282
1462,5,g711u,babble10,0.01,0.06781045751633986,0.11570945945945946,282,2295,0.11570945945945946,282
1462,5,g711u,babble10,0.05,0.1050925925925926,0.17647058823529413,282,2295,0.17647058823529413,282
1462,5,g711a,babble10,0.0,0.05498366013071895,0.09117647058823529,282,2295,0.09117647058823529,282
1462,5,g711a,babble10,0.01,0.06555010893246187,0.1271067415730337,282,2295,0.1271067415730337,282
1462,5,g711a,babble10,0.05,0.09520697167755991,0.15296052631578946,282,2295,0.15296052631578946,282
1462,5,opus16,babble10,0.0,0.15697167755991284,0.1859375,282,2295,0.1859375,282
1462,5,opus16,babble10,0.01,0.16296296296296298,0.20233050847457626,282,2295,0.20233050847457626,282
1462,5,opus16,babble10,0.05,0.18630174291938997,0.234375,282,2295,0.234375,282
1462,5,amr122,babble10,0.0,0.2571350762527233,0.3,282,2295,0.3,282
1462,5,amr122,babble10,0.01,0.26067538126361656,0.3026785714285714,282,2295,0.3026785714285714,282
1462,5,amr122,babble10,0.05,0.2806917211328976,0.32857142857142857,282,2295,0.32857142857142857,282
1462,5,amr475,babble10,0.0,0.3530228758169935,0.3933189655172414,282,2295,0.3933189655172414,282
1462,5,amr475,babble10,0.01,0.3553104575163399,0.39978448275862066,282,2295,0.39978448275862066,282
1462,5,amr475,babble10,0.05,0.364760348583878,0.4189189189189189,282,2295,0.4189189189189189,282
1462,5,amr122_g711u,babble10,0.0,0.26519607843137255,0.30563186813186816,282,2295,0.30563186813186816,282
1462,5,amr122_g711u,babble10,0.01,0.27118736383442266,0.3263888888888889,282,2295,0.3263888888888889,282
1462,5,amr122_g711u,babble10,0.05,0.2824891067538126,0.3263888888888889,282,2295,0.3263888888888889,282
1673,6,g711u,clean,0.0,0.049825174825174824,0.0805921052631579,230,1859,0.0805921052631579,230
1673,6,g711u,clean,0.01,0.056818181818181816,0.10984848484848485,230,1859,0.10984848484848485,230
1673,6,g711u,clean,0.05,0.085529854760624,0.15083333333333335,230,1859,0.15083333333333335,230
1673,6,g711a,clean,0.0,0.04918639053254438,0.09098101265822785,230,1859,0.09098101265822785,230
1673,6,g711a,clean,0.01,0.05890263582571275,0.11160714285714286,230,1859,0.11160714285714286,230
1673,6,g711a,clean,0.05,0.09185045723507262,0.1408898305084746,230,1859,0.1408898305084746,230
1673,6,opus16,clean,0.0,0.14631522323830015,0.18303571428571427,230,1859,0.18303571428571427,230
1673,6,opus16,clean,0.01,0.15075309306078538,0.19642857142857142,230,1859,0.19642857142857142,230
1673,6,opus16,clean,0.05,0.18040613232920924,0.2252155172413793,230,1859,0.2252155172413793,230
1673,6,amr122,clean,0.0,0.23241662183969877,0.2916666666666667,230,1859,0.2916666666666667,230
1673,6,amr122,clean,0.01,0.23863636363636365,0.29952830188679247,230,1859,0.29952830188679247,230
1673,6,amr122,clean,0.05,0.25783351264120496,0.34057971014492755,230,1859,0.34057971014492755,230
1673,6,amr475,clean,0.0,0.3259480903711673,0.38797169811320753,230,1859,0.38797169811320753,230
1673,6,amr475,clean,0.01,0.3280661646046261,0.3915094339622642,230,1859,0.3915094339622642,230
1673,6,amr475,clean,0.05,0.33784965034965037,0.3958333333333333,230,1859,0.3958333333333333,230
1673,6,amr122_g711u,clean,0.0,0.2377958579881657,0.3016304347826087,230,1859,0.3016304347826087,230
1673,6,amr122_g711u,clean,0.01,0.24072081764389458,0.29891304347826086,230,1859,0.29891304347826086,230
1673,6,amr122_g711u,clean,0.05,0.2568585260892953,0.3070652173913043,230,1859,0.3070652173913043,230
1673,6,g711u,white20,0.0,0.02636916835699797,0.042682926829268296,135,986,0.042682926829268296,135
1673,6,g711u,white20,0.01,0.03872971602434077,0.10638297872340426,135,986,0.10638297872340426,135
1673,6,g711u,white20,0.05,0.06674695740365112,0.13109756097560976,135,986,0.13109756097560976,135
1673,6,g711a,white20,0.0,0.025101419878296147,0.044642857142857144,135,986,0.044642857142857144,135
1673,6,g711a,white20,0.01,0.03498985801217039,0.06527777777777778,135,986,0.06527777777777778,135
1673,6,g711a,white20,0.05,0.07289553752535496,0.1568877551020408,135,986,0.1568877551020408,135
1673,6,opus16,white20,0.0,0.1440162271805274,0.178125,135,986,0.178125,135
1673,6,opus16,white20,0.01,0.15054513184584178,0.20079787234042554,135,986,0.20079787234042554,135
1673,6,opus16,white20,0.05,0.1751394523326572,0.24335106382978725,135,986,0.24335106382978725,135
1673,6,amr122,white20,0.0,0.22496196754563894,0.275,135,986,0.275,135
1673,6,amr122,white20,0.01,0.22920892494929007,0.275,135,986,0.275,135
1673,6,amr122,white20,0.05,0.2449290060851927,0.2961309523809524,135,986,0.2961309523809524,135
1673,6,amr475,white20,0.0,0.3124366125760649,0.37347560975609756,135,986,0.37347560975609756,135
1673,6,amr475,white20,0.01,0.3150354969574036,0.37347560975609756,135,986,0.37347560975609756,135
1673,6,amr475,white20,0.05,0.3192824543610548,0.39176829268292684,135,986,0.39176829268292684,135
1673,6,amr122_g711u,white20,0.0,0.22825811359026368,0.2828125,135,986,0.2828125,135
1673,6,amr122_g711u,white20,0.01,0.23301217038539554,0.29545454545454547,135,986,0.29545454545454547,135
1673,6,amr122_g711u,white20,0.05,0.25012677484787016,0.3076923076923077,135,986,0.3076923076923077,135
1673,6,g711u,babble10,0.0,0.03914319248826291,0.07604166666666666,269,2130,0.07604166666666666,269
1673,6,g711u,babble10,0.01,0.04856220657276995,0.09503424657534247,269,2130,0.09503424657534247,269
1673,6,g711u,babble10,0.05,0.0795774647887324,0.171875,269,2130,0.171875,269
1673,6,g711a,babble10,0.0,0.03879107981220657,0.07475490196078431,269,2130,0.07475490196078431,269
1673,6,g711a,babble10,0.01,0.04738849765258216,0.0986328125,269,2130,0.0986328125,269
1673,6,g711a,babble10,0.05,0.08039906103286384,0.1892605633802817,269,2130,0.1892605633802817,269
1673,6,opus16,babble10,0.0,0.1528169014084507,0.184375,269,2130,0.184375,269
1673,6,opus16,babble10,0.01,0.15830399061032863,0.203125,269,2130,0.203125,269
1673,6,opus16,babble10,0.05,0.18210093896713614,0.23469387755102042,269,2130,0.23469387755102042,269
1673,6,amr122,babble10,0.0,0.23873239436619717,0.27395833333333336,269,2130,0.27395833333333336,269
1673,6,amr122,babble10,0.01,0.24245892018779341,0.2819602272727273,269,2130,0.2819602272727273,269
1673,6,amr122,babble10,0.05,0.26106220657276996,0.30113636363636365,269,2130,0.30113636363636365,269
1673,6,amr475,babble10,0.0,0.3391138497652582,0.3925438596491228,269,2130,0.3925438596491228,269
1673,6,amr475,babble10,0.01,0.34242957746478875,0.39473684210526316,269,2130,0.39473684210526316,269
1673,6,amr475,babble10,0.05,0.34900234741784036,0.41300675675675674,269,2130,0.41300675675675674,269
1673,6,amr122_g711u,babble10,0.0,0.24025821596244132,0.2864583333333333,269,2130,0.2864583333333333,269
1673,6,amr122_g711u,babble10,0.01,0.24442488262910797,0.2928082191780822,269,2130,0.2928082191780822,269
1673,6,amr122_g711u,babble10,0.05,0.2577171361502347,0.315625,269,2130,0.315625,269
1673,7,g711u,clean,0.0,0.04690140845070422,0.08304794520547945,227,1775,0.08304794520547945,227
1673,7,g711u,clean,0.01,0.05214788732394366,0.1346153846153846,227,1775,0.1346153846153846,227
1673,7,g711u,clean,0.05,0.08517605633802817,0.16267123287671234,227,1775,0.16267123287671234,227
1673,7,g711a,clean,0.0,0.047992957746478875,0.0839041095890411,227,1775,0.0839041095890411,227
1673,7,g711a,clean,0.01,0.05443661971830986,0.0958904109589041,227,1775,0.0958904109589041,227
1673,7,g711a,clean,0.05,0.0948943661971831,0.15482954545454544,227,1775,0.15482954545454544,227
1673,7,opus16,clean,0.0,0.1427112676056338,0.17897727272727273,227,1775,0.17897727272727273,227
1673,7,opus16,clean,0.01,0.14894366197183098,0.19622093023255813,227,1775,0.19622093023255813,227
1673,7,opus16,clean,0.05,0.17894366197183098,0.23258196721311475,227,1775,0.23258196721311475,227
1673,7,amr122,clean,0.0,0.2337323943661972,0.31066176470588236,227,1775,0.31066176470588236,227
1673,7,amr122,clean,0.01,0.23862676056338028,0.31066176470588236,227,1775,0.31066176470588236,227
1673,7,amr122,clean,0.05,0.25453969594594594,0.3180147058823529,227,1775,0.3180147058823529,227
1673,7,amr475,clean,0.0,0.32309859154929577,0.37073863636363635,227,1775,0.37073863636363635,227
1673,7,amr475,clean,0.01,0.32549295774647885,0.3721590909090909,227,1775,0.3721590909090909,227
1673,7,amr475,clean,0.05,0.34035211267605636,0.3859797297297297,227,1775,0.3859797297297297,227
1673,7,amr122_g711u,clean,0.0,0.23841549295774647,0.3103813559322034,227,1775,0.3103813559322034,227
1673,7,amr122_g711u,clean,0.01,0.24253521126760563,0.31985294117647056,227,1775,0.31985294117647056,227
1673,7,amr122_g711u,clean,0.05,0.2595070422535211,0.33731617647058826,227,1775,0.33731617647058826,227
1673,7,g711u,white20,0.0,0.025823744769874476,0.0425,122,956,0.0425,122
1673,7,g711u,white20,0.01,0.0354994769874477,0.06554878048780488,122,956,0.06554878048780488,122
1673,7,g711u,white20,0.05,0.08230910041841004,0.1578125,122,956,0.1578125,122
1673,7,g711a,white20,0.0,0.024973849372384938,0.040697674418604654,122,956,0.040697674418604654,122
1673,7,g711a,white20,0.01,0.03844142259414226,0.07777777777777778,122,956,0.07777777777777778,122
1673,7,g711a,white20,0.05,0.06289225941422594,0.12234042553191489,122,956,0.12234042553191489,122
1673,7,opus16,white20,0.0,0.15016997907949792,0.1901595744680851,122,956,0.1901595744680851,122
1673,7,opus16,white20,0.01,0.15428870292887029,0.20079787234042554,122,956,0.20079787234042554,122
1673,7,opus16,white20,0.05,0.18697698744769875,0.25407608695652173,122,956,0.25407608695652173,122
1673,7,amr122,white20,0.0,0.2263336820083682,0.2819767441860465,122,956,0.2819767441860465,122
1673,7,amr122,white20,0.01,0.23175993723849372,0.29081632653061223,122,956,0.29081632653061223,122
1673,7,amr122,white20,0.05,0.25300732217573224,0.3125,122,956,0.3125,122
1673,7,amr475,white20,0.0,0.31596495815899583,0.35714285714285715,122,956,0.35714285714285715,122
1673,7,amr475,white20,0.01,0.31773012552301255,0.35714285714285715,122,956,0.35714285714285715,122
1673,7,amr475,white20,0.05,0.3257060669456067,0.36755952380952384,122,956,0.36755952380952384,122
1673,7,amr122_g711u,white20,0.0,0.22764121338912133,0.28324468085106386,122,956,0.28324468085106386,122
1673,7,amr122_g711u,white20,0.01,0.23306746861924685,0.28488372093023256,122,956,0.28488372093023256,122
1673,7,amr122_g711u,white20,0.05,0.24614278242677826,0.31392045454545453,122,956,0.31392045454545453,122
1673,7,g711u,babble10,0.0,0.03204330512692882,0.06,272,2009,0.06,272
1673,7,g711u,babble10,0.01,0.04031856645097063,0.07703488372093023,272,2009,0.07703488372093023,272
1673,7,g711u,babble10,0.05,0.07478845196615232,0.17410714285714285,272,2009,0.17410714285714285,272
1673,7,g711a,babble10,0.0,0.030954454952712793,0.06515957446808511,272,2009,0.06515957446808511,272
1673,7,g711a,babble10,0.01,0.039634146341463415,0.08846153846153847,272,2009,0.08846153846153847,272
1673,7,g711a,babble10,0.05,0.07373071179691389,0.16782407407407407,272,2009,0.16782407407407407,272
1673,7,opus16,babble10,0.0,0.15480338476854155,0.18194444444444444,272,2009,0.18194444444444444,272
1673,7,opus16,babble10,0.01,0.1603720756595321,0.18683510638297873,272,2009,0.18683510638297873,272
1673,7,opus16,babble10,0.05,0.1833623693379791,0.26861702127659576,272,2009,0.26861702127659576,272
1673,7,amr122,babble10,0.0,0.23572050771528125,0.274364406779661,272,2009,0.274364406779661,272
1673,7,amr122,babble10,0.01,0.23964036834245894,0.2807203389830508,272,2009,0.2807203389830508,272
1673,7,amr122,babble10,0.05,0.2537643106022897,0.30375,272,2009,0.30375,272
1673,7,amr475,babble10,0.0,0.3325659532105525,0.375,272,2009,0.375,272
1673,7,amr475,babble10,0.01,0.336268043802887,0.375,272,2009,0.375,272
1673,7,amr475,babble10,0.05,0.3438588850174216,0.3887987012987013,272,2009,0.3887987012987013,272
1673,7,amr122_g711u,babble10,0.0,0.23652936784469886,0.2796610169491525,272,2009,0.2796610169491525,272
1673,7,amr122_g711u,babble10,0.01,0.23998257839721254,0.2796610169491525,272,2009,0.2796610169491525,272
1673,7,amr122_g711u,babble10,0.05,0.2584308113489298,0.2980769230769231,272,2009,0.2980769230769231,272
1673,8,g711u,clean,0.0,0.04700439958592133,0.08854166666666667,240,1932,0.08854166666666667,240
1673,8,g711u,clean,0.01,0.05340967908902691,0.09412650602409639,240,1932,0.09412650602409639,240
1673,8,g711u,clean,0.05,0.09552924430641822,0.1600609756097561,240,1932,0.1600609756097561,240
1673,8,g711a,clean,0.0,0.04435170807453416,0.06979166666666667,240,1932,0.06979166666666667,240
1673,8,g711a,clean,0.01,0.05674171842650103,0.10625,240,1932,0.10625,240
1673,8,g711a,clean,0.05,0.09604684265010352,0.18530701754385964,240,1932,0.18530701754385964,240
1673,8,opus16,clean,0.0,0.14738612836438925,0.1909722222222222,240,1932,0.1909722222222222,240
1673,8,opus16,clean,0.01,0.1546001552795031,0.18958333333333333,240,1932,0.18958333333333333,240
1673,8,opus16,clean,0.05,0.17760093167701863,0.22821969696969696,240,1932,0.22821969696969696,240
1673,8,amr122,clean,0.0,0.22415243271221533,0.278125,240,1932,0.278125,240
1673,8,amr122,clean,0.01,0.22855201863354038,0.315625,240,1932,0.315625,240
1673,8,amr122,clean,0.05,0.24744435817805382,0.300531914893617,240,1932,0.300531914893617,240
1673,8,amr475,clean,0.0,0.32084627329192544,0.375,240,1932,0.375,240
1673,8,amr475,clean,0.01,0.323337215320911,0.36973684210526314,240,1932,0.36973684210526314,240
1673,8,amr475,clean,0.05,0.33414208074534163,0.3881578947368421,240,1932,0.3881578947368421,240
1673,8,amr122_g711u,clean,0.0,0.229199016563147,0.27698863636363635,240,1932,0.27698863636363635,240
1673,8,amr122_g711u,clean,0.01,0.23204580745341616,0.27698863636363635,240,1932,0.27698863636363635,240
1673,8,amr122_g711u,clean,0.05,0.25200569358178054,0.3125,240,1932,0.3125,240
1673,8,g711u,white20,0.0,0.024757617728531855,0.06398809523809523,159,1083,0.06398809523809523,159
1673,8,g711u,white20,0.01,0.029778393351800554,0.06398809523809523,159,1083,0.06398809523809523,159
1673,8,g711u,white20,0.05,0.06261542012927054,0.13662790697674418,159,1083,0.13662790697674418,159
1673,8,g711a,white20,0.0,0.02314173591874423,0.05357142857142857,159,1083,0.05357142857142857,159
1673,8,g711a,white20,0.01,0.032721606648199446,0.07317073170731707,159,1083,0.07317073170731707,159
1673,8,g711a,white20,0.05,0.07259926131117267,0.13988095238095238,159,1083,0.13988095238095238,159
1673,8,opus16,white20,0.0,0.14617959372114497,0.19196428571428573,159,1083,0.19196428571428573,159
1673,8,opus16,white20,0.01,0.15252770083102493,0.20625,159,1083,0.20625,159
1673,8,opus16,white20,0.05,0.18432594644506,0.26598837209302323,159,1083,0.26598837209302323,159
1673,8,amr122,white20,0.0,0.2276662049861496,0.28229166666666666,159,1083,0.28229166666666666,159
1673,8,amr122,white20,0.01,0.2297437673130194,0.296195652173913,159,1083,0.296195652173913,159
1673,8,amr122,white20,0.05,0.25011542012927057,0.3059210526315789,159,1083,0.3059210526315789,159
1673,8,amr475,white20,0.0,0.3118081180811808,0.363031914893617,162,1083,0.363031914893617,159
1673,8,amr475,white20,0.01,0.31307656826568264,0.3617021276595745,162,1083,0.3617021276595745,159
1673,8,amr475,white20,0.05,0.3220710332103321,0.37395833333333334,162,1083,0.37395833333333334,159
1673,8,amr122_g711u,white20,0.0,0.2288781163434903,0.29017857142857145,159,1083,0.29017857142857145,159
1673,8,amr122_g711u,white20,0.01,0.2328601108033241,0.2931547619047619,159,1083,0.2931547619047619,159
1673,8,amr122_g711u,white20,0.05,0.25109649122807015,0.34523809523809523,159,1083,0.34523809523809523,159
1673,8,g711u,babble10,0.0,0.0402283590015932,0.1078125,257,1883,0.1078125,257
1673,8,g711u,babble10,0.01,0.045406266595857676,0.1078125,257,1883,0.1078125,257
1673,8,g711u,babble10,0.05,0.07517923526287838,0.14583333333333334,257,1883,0.14583333333333334,257
1673,8,g711a,babble10,0.0,0.03870154009559214,0.0925,257,1883,0.0925,257
1673,8,g711a,babble10,0.01,0.04514073287307488,0.135,257,1883,0.135,257
1673,8,g711a,babble10,0.05,0.08125331917153479,0.153125,257,1883,0.153125,257
1673,8,opus16,babble10,0.0,0.15696362187997875,0.19188596491228072,257,1883,0.19188596491228072,257
1673,8,opus16,babble10,0.01,0.16283855549654805,0.20065789473684212,257,1883,0.20065789473684212,257
1673,8,opus16,babble10,0.05,0.1896574614976102,0.25612745098039214,257,1883,0.25612745098039214,257
1673,8,amr122,babble10,0.0,0.2376526818906001,0.3,257,1883,0.3,257
1673,8,amr122,babble10,0.01,0.24326208178438663,0.3,257,1883,0.3,257
1673,8,amr122,babble10,0.05,0.25624004248539567,0.334375,257,1883,0.334375,257
1673,8,amr475,babble10,0.0,0.3355682421667552,0.40029761904761907,257,1883,0.40029761904761907,257
1673,8,amr475,babble10,0.01,0.33742697822623474,0.40029761904761907,257,1883,0.40029761904761907,257
1673,8,amr475,babble10,0.05,0.3497411046202868,0.4100877192982456,257,1883,0.4100877192982456,257
1673,8,amr122_g711u,babble10,0.0,0.239876526818906,0.3109375,257,1883,0.3109375,257
1673,8,amr122_g711u,babble10,0.01,0.2478425385023898,0.32164634146341464,257,1883,0.32164634146341464,257
1673,8,amr122_g711u,babble10,0.05,0.2568706850770048,0.33125,257,1883,0.33125,257
174,9,g711u,clean,0.0,0.041137901861252116,0.08147321428571429,223,1773,0.08147321428571429,223
174,9,g711u,clean,0.01,0.0509024252679075,0.09598214285714286,223,1773,0.09598214285714286,223
174,9,g711u,clean,0.05,0.085695149464185,0.16025641025641027,223,1773,0.16025641025641027,223
174,9,g711a,clean,0.0,0.040115623237450646,0.06985294117647059,223,1773,0.06985294117647059,223
174,9,g711a,clean,0.01,0.048928369994359844,0.105,223,1773,0.105,223
174,9,g711a,clean,0.05,0.07691765369430344,0.16416666666666666,223,1773,0.16416666666666666,223
174,9,opus16,clean,0.0,0.15602086858432035,0.18888888888888888,223,1773,0.18888888888888888,223
174,9,opus16,clean,0.01,0.16293006204173716,0.2203125,223,1773,0.2203125,223
174,9,opus16,clean,0.05,0.18742949802594472,0.23803191489361702,223,1773,0.23803191489361702,223
174,9,amr122,clean,0.0,0.2505992667794698,0.28921568627450983,223,1773,0.28921568627450983,223
174,9,amr122,clean,0.01,0.25620417371686405,0.3030821917808219,223,1773,0.3030821917808219,223
174,9,amr122,clean,0.05,0.27108009024252677,0.3328125,223,1773,0.3328125,223
174,9,amr475,clean,0.0,0.36132261703327695,0.40371621621621623,223,1773,0.40371621621621623,223
174,9,amr475,clean,0.01,0.36248589960518895,0.40371621621621623,223,1773,0.40371621621621623,223
174,9,amr475,clean,0.05,0.37284968979131416,0.4206081081081081,223,1773,0.4206081081081081,223
174,9,amr122_g711u,clean,0.0,0.2534193457416808,0.2965686274509804,223,1773,0.2965686274509804,223
174,9,amr122_g711u,clean,0.01,0.2582134799774394,0.29901960784313725,223,1773,0.29901960784313725,223
174,9,amr122_g711u,clean,0.05,0.2748871968415116,0.32421875,223,1773,0.32421875,223
174,9,g711u,white20,0.0,0.024061311787072243,0.03961267605633803,143,1052,0.03961267605633803,143
174,9,g711u,white20,0.01,0.02988355513307985,0.053125,143,1052,0.053125,143
174,9,g711u,white20,0.05,0.07711501901140684,0.13920454545454544,143,1052,0.13920454545454544,143
174,9,g711a,white20,0.0,0.02293250950570342,0.040364583333333336,143,1052,0.040364583333333336,143
174,9,g711a,white20,0.01,0.028517110266159697,0.061079545454545456,143,1052,0.061079545454545456,143
174,9,g711a,white20,0.05,0.06772813688212928,0.13169642857142858,143,1052,0.13169642857142858,143
174,9,opus16,white20,0.0,0.15232889733840305,0.1875,143,1052,0.1875,143
174,9,opus16,white20,0.01,0.15690351711026615,0.18888888888888888,143,1052,0.18888888888888888,143
174,9,opus16,white20,0.05,0.19017347908745247,0.24847560975609756,143,1052,0.24847560975609756,143
174,9,amr122,white20,0.0,0.2427519011406844,0.2755102040816326,143,1052,0.2755102040816326,143
174,9,amr122,white20,0.01,0.2458412547528517,0.28365384615384615,143,1052,0.28365384615384615,143
174,9,amr122,white20,0.05,0.2647932509505703,0.30978260869565216,143,1052,0.30978260869565216,143
174,9,amr475,white20,0.0,0.35491920152091255,0.4041666666666667,143,1052,0.4041666666666667,143
174,9,amr475,white20,0.01,0.3598502851711027,0.4154929577464789,143,1052,0.4154929577464789,143
174,9,amr475,white20,0.05,0.36531606463878324,0.4070121951219512,143,1052,0.4070121951219512,143
174,9,amr122_g711u,white20,0.0,0.2416230988593156,0.2844387755102041,143,1052,0.2844387755102041,143
174,9,amr122_g711u,white20,0.01,0.24714828897338403,0.28935185185185186,143,1052,0.28935185185185186,143
174,9,amr122_g711u,white20,0.05,0.2661596958174905,0.3231707317073171,143,1052,0.3231707317073171,143
174,9,g711u,babble10,0.0,0.03671003717472119,0.07924107142857142,283,2152,0.07924107142857142,283
174,9,g711u,babble10,0.01,0.042983271375464684,0.09590517241379311,283,2152,0.09590517241379311,283
174,9,g711u,babble10,0.05,0.07882202602230483,0.12828947368421054,283,2152,0.12828947368421054,283
174,9,g711a,babble10,0.0,0.03284735130111524,0.0703125,283,2152,0.0703125,283
174,9,g711a,babble10,0.01,0.04545190520446097,0.09933035714285714,283,2152,0.09933035714285714,283
174,9,g711a,babble10,0.05,0.06862802044609666,0.12576219512195122,283,2152,0.12576219512195122,283
174,9,opus16,babble10,0.0,0.1623489776951673,0.22242647058823528,283,2152,0.22242647058823528,283
174,9,opus16,babble10,0.01,0.16717007434944237,0.2270220588235294,283,2152,0.2270220588235294,283
174,9,opus16,babble10,0.05,0.19046236059479554,0.2555147058823529,283,2152,0.2555147058823529,283
174,9,amr122,babble10,0.0,0.24857690520446096,0.2978515625,283,2152,0.2978515625,283
174,9,amr122,babble10,0.01,0.2531947026022305,0.31640625,283,2152,0.31640625,283
174,9,amr122,babble10,0.05,0.2706493959107807,0.3369140625,283,2152,0.3369140625,283
174,9,amr475,babble10,0.0,0.3585327602230483,0.4072265625,283,2152,0.4072265625,283
174,9,amr475,babble10,0.01,0.3607690520446097,0.4099264705882353,283,2152,0.4099264705882353,283
174,9,amr475,babble10,0.05,0.3678264405204461,0.4332627118644068,283,2152,0.4332627118644068,283
174,9,amr122_g711u,babble10,0.0,0.24912871747211895,0.3002232142857143,283,2152,0.3002232142857143,283
174,9,amr122_g711u,babble10,0.01,0.2540369423791822,0.3039383561643836,283,2152,0.3039383561643836,283
174,9,amr122_g711u,babble10,0.05,0.27123025092936803,0.3359375,283,2152,0.3359375,283
174,10,g711u,clean,0.0,0.04161392405063291,0.10452586206896551,200,1580,0.10452586206896551,200
174,10,g711u,clean,0.01,0.05015822784810126,0.12284482758620689,200,1580,0.12284482758620689,200
174,10,g711u,clean,0.05,0.09375,0.16875,200,1580,0.16875,200
174,10,g711a,clean,0.0,0.04113924050632911,0.10021551724137931,200,1580,0.10021551724137931,200
174,10,g711a,clean,0.01,0.0535996835443038,0.12931034482758622,200,1580,0.12931034482758622,200
174,10,g711a,clean,0.05,0.08346518987341772,0.15476190476190477,200,1580,0.15476190476190477,200
174,10,opus16,clean,0.0,0.1634493670886076,0.1984375,200,1580,0.1984375,200
174,10,opus16,clean,0.01,0.1721123417721519,0.2073170731707317,200,1580,0.2073170731707317,200
174,10,opus16,clean,0.05,0.18995253164556963,0.2359375,200,1580,0.2359375,200
174,10,amr122,clean,0.0,0.257753164556962,0.3050373134328358,200,1580,0.3050373134328358,200
174,10,amr122,clean,0.01,0.260996835443038,0.30970149253731344,200,1580,0.30970149253731344,200
174,10,amr122,clean,0.05,0.27705696202531643,0.32432432432432434,200,1580,0.32432432432432434,200
174,10,amr475,clean,0.0,0.37009493670886073,0.4114583333333333,200,1580,0.4114583333333333,200
174,10,amr475,clean,0.01,0.3733386075949367,0.4114583333333333,200,1580,0.4114583333333333,200
174,10,amr475,clean,0.05,0.3810522151898734,0.4293032786885246,200,1580,0.4293032786885246,200
174,10,amr122_g711u,clean,0.0,0.26127373417721517,0.3069029850746269,200,1580,0.3069029850746269,200
174,10,amr122_g711u,clean,0.01,0.2652689873417722,0.30978260869565216,200,1580,0.30978260869565216,200
174,10,amr122_g711u,clean,0.05,0.2824762658227848,0.3399390243902439,200,1580,0.3399390243902439,200
174,10,g711u,white20,0.0,0.024986744432661717,0.041666666666666664,128,943,0.041666666666666664,128
174,10,g711u,white20,0.01,0.030222693531283137,0.07886904761904762,128,943,0.07886904761904762,128
174,10,g711u,white20,0.05,0.07635206786850478,0.146875,128,943,0.146875,128
174,10,g711a,white20,0.0,0.021142629904559916,0.0359375,128,943,0.0359375,128
174,10,g711a,white20,0.01,0.03227730646871686,0.06845238095238096,128,943,0.06845238095238096,128
174,10,g711a,white20,0.05,0.06594644750795334,0.12254901960784313,128,943,0.12254901960784313,128
174,10,opus16,white20,0.0,0.1587354188759279,0.18898809523809523,128,943,0.18898809523809523,128
174,10,opus16,white20,0.01,0.16549575821845175,0.19827586206896552,128,943,0.19827586206896552,128
174,10,opus16,white20,0.05,0.1906150583244963,0.2421875,128,943,0.2421875,128
174,10,amr122,white20,0.0,0.2533801696712619,0.30952380952380953,128,943,0.30952380952380953,128
174,10,amr122,white20,0.01,0.2620625662778367,0.31547619047619047,128,943,0.31547619047619047,128
174,10,amr122,white20,0.05,0.27279957582184516,0.3458333333333333,128,943,0.3458333333333333,128
174,10,amr475,white20,0.0,0.3704268292682927,0.42916666666666664,128,943,0.42916666666666664,128
174,10,amr475,white20,0.01,0.37148727465535525,0.42916666666666664,128,943,0.42916666666666664,128
174,10,amr475,white20,0.05,0.3783801696712619,0.421875,128,943,0.421875,128
174,10,amr122_g711u,white20,0.0,0.2564289501590668,0.30952380952380953,128,943,0.30952380952380953,128
174,10,amr122_g711u,white20,0.01,0.2604056203605514,0.31994047619047616,128,943,0.31994047619047616,128
174,10,amr122_g711u,white20,0.05,0.27134146341463417,0.325,128,943,0.325,128
174,10,g711u,babble10,0.0,0.0414742343218279,0.08536585365853659,279,2057,0.08536585365853659,279
174,10,g711u,babble10,0.01,0.04894871171609139,0.10365853658536585,279,2057,0.10365853658536585,279
174,10,g711u,babble10,0.05,0.08461959163830822,0.15446428571428572,279,2057,0.15446428571428572,279
174,10,g711a,babble10,0.0,0.037919299951385516,0.07628676470588236,279,2057,0.07628676470588236,279
174,10,g711a,babble10,0.01,0.04882717549829849,0.10112359550561797,279,2057,0.10112359550561797,279
174,10,g711a,babble10,0.05,0.08522727272727272,0.15853658536585366,279,2057,0.15853658536585366,279
174,10,opus16,babble10,0.0,0.16106119475473532,0.1983695652173913,279,2057,0.1983695652173913,279
174,10,opus16,babble10,0.01,0.16509834871296747,0.20608108108108109,279,2057,0.20608108108108109,279
174,10,opus16,babble10,0.05,0.19253885381253036,0.24464285714285713,279,2057,0.24362244897959184,279
174,10,amr122,babble10,0.0,0.25379063561377974,0.3225,279,2057,0.2942708333333333,279
174,10,amr122,babble10,0.01,0.25736899563318777,0.3225,279,2057,0.2942708333333333,279
174,10,amr122,babble10,0.05,0.27365356622998543,0.3486111111111111,279,2057,0.3315677966101695,279
174,10,amr475,babble10,0.0,0.35711259079903146,0.40982142857142856,281,2057,0.39651639344262296,279
174,10,amr475,babble10,0.01,0.35950363196125906,0.40982142857142856,281,2057,0.4020061728395062,279
174,10,amr475,babble10,0.05,0.36885593220338986,0.40982142857142856,281,2057,0.4083333333333333,279
174,10,amr122_g711u,babble10,0.0,0.2557066537153958,0.3088235294117647,279,2057,0.296875,279
174,10,amr122_g711u,babble10,0.01,0.25895458960660517,0.3088235294117647,279,2057,0.296875,279
174,10,amr122_g711u,babble10,0.05,0.2769851869839728,0.34375,279,2057,0.32765151515151514,279
174,11,g711u,clean,0.0,0.036931818181818184,0.06914893617021277,199,1606,0.06914893617021277,199
174,11,g711u,clean,0.01,0.04389788293897883,0.08258928571428571,199,1606,0.08258928571428571,199
174,11,g711u,clean,0.05,0.08203611457036114,0.13494318181818182,199,1606,0.13494318181818182,199
174,11,g711a,clean,0.0,0.037865815691158156,0.07904411764705882,199,1606,0.07904411764705882,199
174,11,g711a,clean,0.01,0.04541562889165629,0.10661764705882353,199,1606,0.10661764705882353,199
174,11,g711a,clean,0.05,0.07748287671232877,0.13815789473684212,199,1606,0.13815789473684212,199
174,11,opus16,clean,0.0,0.16469489414694893,0.20465686274509803,199,1606,0.20465686274509803,199
174,11,opus16,clean,0.01,0.16924813200498132,0.20465686274509803,199,1606,0.20465686274509803,199
174,11,opus16,clean,0.05,0.18621575342465754,0.23039215686274508,199,1606,0.23039215686274508,199
174,11,amr122,clean,0.0,0.2575887297633873,0.3328125,199,1606,0.3328125,199
174,11,amr122,clean,0.01,0.26039072229140725,0.3359375,199,1606,0.3359375,199
174,11,amr122,clean,0.05,0.2791485056039851,0.3375,199,1606,0.3375,199
174,11,amr475,clean,0.0,0.3719645080946451,0.41025641025641024,199,1606,0.41025641025641024,199
174,11,amr475,clean,0.01,0.3739881693648817,0.4110576923076923,199,1606,0.4110576923076923,199
174,11,amr475,clean,0.05,0.3813823163138232,0.4206730769230769,199,1606,0.4206730769230769,199
174,11,amr122_g711u,clean,0.0,0.26148038605230384,0.3484375,199,1606,0.3484375,199
174,11,amr122_g711u,clean,0.01,0.26521637608966375,0.3484375,199,1606,0.3484375,199
174,11,amr122_g711u,clean,0.05,0.2830401618929016,0.3609375,199,1606,0.3609375,199
174,11,g711u,white20,0.0,0.023117315573770492,0.03343023255813953,121,976,0.03343023255813953,121
174,11,g711u,white20,0.01,0.033427254098360656,0.06805555555555555,121,976,0.06805555555555555,121
174,11,g711u,white20,0.05,0.06909579918032786,0.20244565217391305,121,976,0.20244565217391305,121
174,11,g711a,white20,0.0,0.02222079918032787,0.04009433962264151,121,976,0.04009433962264151,121
174,11,g711a,white20,0.01,0.032978995901639344,0.07291666666666667,121,976,0.07291666666666667,121
174,11,g711a,white20,0.05,0.06442110655737705,0.1225,121,976,0.1225,121
174,11,opus16,white20,0.0,0.16079661885245902,0.19010416666666666,121,976,0.19010416666666666,121
174,11,opus16,white20,0.01,0.16732838114754098,0.20703125,121,976,0.20703125,121
174,11,opus16,white20,0.05,0.19646516393442623,0.24074074074074073,121,976,0.24074074074074073,121
174,11,amr122,white20,0.0,0.24551741803278687,0.28055555555555556,121,976,0.28055555555555556,121
174,11,amr122,white20,0.01,0.2505122950819672,0.2819767441860465,121,976,0.2819767441860465,121
174,11,amr122,white20,0.05,0.2708760245901639,0.3179347826086957,121,976,0.3179347826086957,121
174,11,amr475,white20,0.0,0.35790215163934425,0.43023255813953487,121,976,0.43023255813953487,121
174,11,amr475,white20,0.01,0.3595671106557377,0.4273255813953488,121,976,0.4273255813953488,121
174,11,amr475,white20,0.05,0.36545850409836067,0.43023255813953487,121,976,0.43023255813953487,121
174,11,amr122_g711u,white20,0.0,0.24673411885245902,0.2819767441860465,121,976,0.2819767441860465,121
174,11,amr122_g711u,white20,0.01,0.2505122950819672,0.29444444444444445,121,976,0.29444444444444445,121
174,11,amr122_g711u,white20,0.05,0.27151639344262296,0.31875,121,976,0.31875,121
174,11,g711u,babble10,0.0,0.041156295933366,0.09313725490196079,278,2041,0.09313725490196079,278
174,11,g711u,babble10,0.01,0.052547770700636945,0.1,278,2041,0.1,278
174,11,g711u,babble10,0.05,0.08271068103870652,0.13157894736842105,278,2041,0.13157894736842105,278
174,11,g711a,babble10,0.0,0.03830842724154826,0.07291666666666667,278,2041,0.07291666666666667,278
174,11,g711a,babble10,0.01,0.0447390984811367,0.09051724137931035,278,2041,0.09051724137931035,278
174,11,g711a,babble10,0.05,0.07701494365507104,0.15808823529411764,278,2041,0.15808823529411764,278
174,11,opus16,babble10,0.0,0.16483953944145027,0.19476744186046513,278,2041,0.19476744186046513,278
174,11,opus16,babble10,0.01,0.16983096521313082,0.21314102564102563,278,2041,0.21314102564102563,278
174,11,opus16,babble10,0.05,0.18927609015188632,0.2359375,278,2041,0.2359375,278
174,11,amr122,babble10,0.0,0.26503552180303774,0.3146551724137931,278,2041,0.3146551724137931,278
174,11,amr122,babble10,0.01,0.26825085742283195,0.3135775862068966,278,2041,0.3135775862068966,278
174,11,amr122,babble10,0.05,0.2814184223419892,0.32004310344827586,278,2041,0.32004310344827586,278
174,11,amr475,babble10,0.0,0.36618079372856444,0.42151162790697677,278,2041,0.42151162790697677,278
174,11,amr475,babble10,0.01,0.36734443900048996,0.42151162790697677,278,2041,0.42151162790697677,278
174,11,amr475,babble10,0.05,0.3761630754162586,0.42628205128205127,278,2041,0.42628205128205127,278
174,11,amr122_g711u,babble10,0.0,0.2689551690347869,0.3155487804878049,278,2041,0.3155487804878049,278
174,11,amr122_g711u,babble10,0.01,0.2724767270945615,0.3155487804878049,278,2041,0.3155487804878049,278
174,11,amr122_g711u,babble10,0.05,0.28855340519353256,0.33811475409836067,278,2041,0.33811475409836067,278
1919,12,g711u,clean,0.0,0.04470562390158172,0.07647058823529412,215,1707,0.07647058823529412,215
1919,12,g711u,clean,0.01,0.05528705330990041,0.0894396551724138,215,1707,0.0894396551724138,215
1919,12,g711u,clean,0.05,0.08347978910369068,0.13878676470588236,215,1707,0.13878676470588236,215
1919,12,g711a,clean,0.0,0.045035149384885766,0.07169117647058823,215,1707,0.07169117647058823,215
1919,12,g711a,clean,0.01,0.051735500878734623,0.07692307692307693,215,1707,0.07692307692307693,215
1919,12,g711a,clean,0.05,0.08736086701816051,0.1609375,215,1707,0.1609375,215
1919,12,opus16,clean,0.0,0.14429554774458114,0.1834016393442623,215,1707,0.1834016393442623,215
1919,12,opus16,clean,0.01,0.14883567662565905,0.19467213114754098,215,1707,0.19467213114754098,215
1919,12,opus16,clean,0.05,0.18321616871704746,0.2421875,215,1707,0.2421875,215
1919,12,amr122,clean,0.0,0.24439806678383127,0.2930327868852459,215,1707,0.2930327868852459,215
1919,12,amr122,clean,0.01,0.25007322788517866,0.2930327868852459,215,1707,0.2930327868852459,215
1919,12,amr122,clean,0.05,0.26827035735207966,0.3401639344262295,215,1707,0.3401639344262295,215
1919,12,amr475,clean,0.0,0.3474297012302285,0.39950980392156865,215,1707,0.39950980392156865,215
1919,12,amr475,clean,0.01,0.3505052724077329,0.4048507462686567,215,1707,0.4048507462686567,215
1919,12,amr475,clean,0.05,0.3563635032220269,0.4056372549019608,215,1707,0.4056372549019608,215
1919,12,amr122_g711u,clean,0.0,0.24835237258347978,0.30666666666666664,215,1707,0.30666666666666664,215
1919,12,amr122_g711u,clean,0.01,0.2534783245459871,0.31083333333333335,215,1707,0.31083333333333335,215
1919,12,amr122_g711u,clean,0.05,0.26607352079671936,0.3171875,215,1707,0.3171875,215
1919,12,g711u,white20,0.0,0.025728383458646618,0.050551470588235295,151,1064,0.050551470588235295,151
1919,12,g711u,white20,0.01,0.034480733082706765,0.06896551724137931,151,1064,0.06896551724137931,151
1919,12,g711u,white20,0.05,0.08587875939849623,0.16815476190476192,151,1064,0.16815476190476192,151
1919,12,g711a,white20,0.0,0.02461231203007519,0.0375,151,1064,0.0375,151
1919,12,g711a,white20,0.01,0.03612546992481203,0.08854166666666667,151,1064,0.08854166666666667,151
1919,12,g711a,white20,0.05,0.06526080827067669,0.12096774193548387,151,1064,0.12096774193548387,151
1919,12,opus16,white20,0.0,0.14837875939849623,0.1816860465116279,151,1064,0.1816860465116279,151
1919,12,opus16,white20,0.01,0.15889332706766918,0.19207317073170732,151,1064,0.19207317073170732,151
1919,12,opus16,white20,0.05,0.17874765037593984,0.25426136363636365,151,1064,0.25426136363636365,151
1919,12,amr122,white20,0.0,0.23848684210526316,0.3008720930232558,151,1064,0.3008720930232558,151
1919,12,amr122,white20,0.01,0.24318609022556392,0.30335365853658536,151,1064,0.30335365853658536,151
1919,12,amr122,white20,0.05,0.2644501879699248,0.3318452380952381,151,1064,0.3318452380952381,151
1919,12,amr475,white20,0.0,0.33223684210526316,0.4055232558139535,151,1064,0.4055232558139535,151
1919,12,amr475,white20,0.01,0.3346452067669173,0.4055232558139535,151,1064,0.4055232558139535,151
1919,12,amr475,white20,0.05,0.34281015037593987,0.4055232558139535,151,1064,0.4055232558139535,151
1919,12,amr122_g711u,white20,0.0,0.2381343984962406,0.2911931818181818,151,1064,0.2911931818181818,151
1919,12,amr122_g711u,white20,0.01,0.24148261278195488,0.2911931818181818,151,1064,0.2911931818181818,151
1919,12,amr122_g711u,white20,0.05,0.25951597744360905,0.3252840909090909,151,1064,0.3252840909090909,151
1919,12,g711u,babble10,0.0,0.04510793054903801,0.07514880952380952,277,2131,0.07514880952380952,277
1919,12,g711u,babble10,0.01,0.05337869544814641,0.08673469387755102,277,2131,0.08673469387755102,277
1919,12,g711u,babble10,0.05,0.08989324260910371,0.19103773584905662,277,2131,0.19103773584905662,277
1919,12,g711a,babble10,0.0,0.04352416705771938,0.07908163265306123,277,2131,0.07908163265306123,277
1919,12,g711a,babble10,0.01,0.051208352885969026,0.09821428571428571,277,2131,0.09821428571428571,277
1919,12,g711a,babble10,0.05,0.09373533552322853,0.15876436781609196,277,2131,0.15876436781609196,277
1919,12,opus16,babble10,0.0,0.15597137494134208,0.20525568181818182,277,2131,0.20525568181818182,277
1919,12,opus16,babble10,0.01,0.16069333646175504,0.21448863636363635,277,2131,0.21448863636363635,277
1919,12,opus16,babble10,0.05,0.18544697325199436,0.24296875,277,2131,0.24296875,277
1919,12,amr122,babble10,0.0,0.2523756452369779,0.2952586206896552,277,2131,0.2952586206896552,277
1919,12,amr122,babble10,0.01,0.2568043172219615,0.2971698113207547,277,2131,0.2971698113207547,277
1919,12,amr122,babble10,0.05,0.27375645236977947,0.31859756097560976,277,2131,0.31859756097560976,277
1919,12,amr475,babble10,0.0,0.35593618019709056,0.42439516129032256,277,2131,0.42439516129032256,277
1919,12,amr475,babble10,0.01,0.35740262787423743,0.4183467741935484,277,2131,0.4183467741935484,277
1919,12,amr475,babble10,0.05,0.3678730642890662,0.4348404255319149,277,2131,0.4348404255319149,277
1919,12,amr122_g711u,babble10,0.0,0.25542585640544346,0.30169753086419754,277,2131,0.30169753086419754,277
1919,12,amr122_g711u,babble10,0.01,0.2600598310652276,0.3148148148148148,277,2131,0.3148148148148148,277
1919,12,amr122_g711u,babble10,0.05,0.27616142656030035,0.33024691358024694,277,2131,0.33024691358024694,277
1919,13,g711u,clean,0.0,0.043544252563410685,0.0625,237,1853,0.0625,237
1919,13,g711u,clean,0.01,0.0549784133837021,0.08846153846153847,237,1853,0.08846153846153847,237
1919,13,g711u,clean,0.05,0.08847139773340529,0.14386792452830188,237,1853,0.14386792452830188,237
1919,13,g711a,clean,0.0,0.0434430652995143,0.075,237,1853,0.075,237
1919,13,g711a,clean,0.01,0.05214516999460335,0.08685064935064934,237,1853,0.08685064935064934,237
1919,13,g711a,clean,0.05,0.08550323799244468,0.14711538461538462,237,1853,0.14711538461538462,237
1919,13,opus16,clean,0.0,0.14611440906637885,0.18509615384615385,237,1853,0.18509615384615385,237
1919,13,opus16,clean,0.01,0.1507015650296816,0.18990384615384615,237,1853,0.18990384615384615,237
1919,13,opus16,clean,0.05,0.17424446842957367,0.2358490566037736,237,1853,0.2358490566037736,237
1919,13,amr122,clean,0.0,0.24311926605504589,0.3138888888888889,237,1853,0.3138888888888889,237
1919,13,amr122,clean,0.01,0.24925796006475984,0.3138888888888889,237,1853,0.3138888888888889,237
1919,13,amr122,clean,0.05,0.26612250404749055,0.31527777777777777,237,1853,0.31527777777777777,237
1919,13,amr475,clean,0.0,0.34514975715056667,0.4163135593220339,237,1853,0.4163135593220339,237
1919,13,amr475,clean,0.01,0.3466675661090124,0.4163135593220339,237,1853,0.4163135593220339,237
1919,13,amr475,clean,0.05,0.3619805720453319,0.4417372881355932,237,1853,0.4417372881355932,237
1919,13,amr122_g711u,clean,0.0,0.248684565569347,0.33055555555555555,237,1853,0.33055555555555555,237
1919,13,amr122_g711u,clean,0.01,0.2511467889908257,0.34444444444444444,237,1853,0.34444444444444444,237
1919,13,amr122_g711u,clean,0.05,0.26936049649217486,0.3472222222222222,237,1853,0.3472222222222222,237
1919,13,g711u,white20,0.0,0.025664777680906713,0.040625,166,1147,0.040625,166
1919,13,g711u,white20,0.01,0.03503705318221447,0.06473214285714286,166,1147,0.06473214285714286,166
1919,13,g711u,white20,0.05,0.06669572798605057,0.14098837209302326,166,1147,0.14098837209302326,166
1919,13,g711a,white20,0.0,0.02321272885789015,0.0375,166,1147,0.0375,166
1919,13,g711a,white20,0.01,0.029533565823888403,0.065,166,1147,0.065,166
1919,13,g711a,white20,0.05,0.067731037489102,0.125,166,1147,0.125,166
1919,13,opus16,white20,0.0,0.1448888404533566,0.17732558139534885,166,1147,0.17732558139534885,166
1919,13,opus16,white20,0.01,0.1527898866608544,0.19425675675675674,166,1147,0.19425675675675674,166
1919,13,opus16,white20,0.05,0.17088055797733218,0.24695121951219512,166,1147,0.24695121951219512,166
1919,13,amr122,white20,0.0,0.23648648648648649,0.2760416666666667,166,1147,0.2760416666666667,166
1919,13,amr122,white20,0.01,0.24357018308631212,0.29081632653061223,166,1147,0.29081632653061223,166
1919,13,amr122,white20,0.05,0.2612794245858762,0.29605263157894735,166,1147,0.29605263157894735,166
1919,13,amr475,white20,0.0,0.3305906713164778,0.3695652173913043,166,1147,0.3695652173913043,166
1919,13,amr475,white20,0.01,0.33222537053182216,0.3695652173913043,166,1147,0.3695652173913043,166
1919,13,amr475,white20,0.05,0.34481255448997383,0.4010416666666667,166,1147,0.4010416666666667,166
1919,13,amr122_g711u,white20,0.0,0.23773975588491716,0.2722222222222222,166,1147,0.2722222222222222,166
1919,13,amr122_g711u,white20,0.01,0.24231691368788144,0.28273809523809523,166,1147,0.28273809523809523,166
1919,13,amr122_g711u,white20,0.05,0.2619877942458588,0.3795731707317073,166,1147,0.3795731707317073,166
1919,13,g711u,babble10,0.0,0.04230864811133201,0.06515957446808511,264,2012,0.06515957446808511,264
1919,13,g711u,babble10,0.01,0.05209368787276342,0.12367021276595745,264,2012,0.12367021276595745,264
1919,13,g711u,babble10,0.05,0.08682281312127237,0.1681338028169014,264,2012,0.1681338028169014,264
1919,13,g711a,babble10,0.0,0.03845675944333996,0.057926829268292686,264,2012,0.057926829268292686,264
1919,13,g711a,babble10,0.01,0.04569458250497018,0.09908536585365854,264,2012,0.09908536585365854,264
1919,13,g711a,babble10,0.05,0.07855989065606361,0.14244186046511628,264,2012,0.14244186046511628,264
1919,13,opus16,babble10,0.0,0.1595672123015873,0.25,265,2012,0.19606164383561644,264
1919,13,opus16,babble10,0.01,0.1671626984126984,0.25,265,2012,0.20601851851851852,264
1919,13,opus16,babble10,0.05,0.19106522817460317,0.2942073170731707,265,2012,0.2517605633802817,264
1919,13,amr122,babble10,0.0,0.2520802285146547,0.3104166666666667,264,2012,0.298728813559322,264
1919,13,amr122,babble10,0.01,0.2571410829607551,0.31875,264,2012,0.3072033898305085,264
1919,13,amr122,babble10,0.05,0.27309985096870343,0.326271186440678,264,2012,0.31530898876404495,264
1919,13,amr475,babble10,0.0,0.3559405940594059,0.45089285714285715,265,2012,0.41517857142857145,264
1919,13,amr475,babble10,0.01,0.35801361386138614,0.4494047619047619,265,2012,0.41517857142857145,264
1919,13,amr475,babble10,0.05,0.3625620347394541,0.42877906976744184,264,2012,0.421875,264
1919,13,amr122_g711u,babble10,0.0,0.2541604570293095,0.3020833333333333,264,2012,0.30186170212765956,264
1919,13,amr122_g711u,babble10,0.01,0.25754470938897167,0.3098958333333333,264,2012,0.3098958333333333,264
1919,13,amr122_g711u,babble10,0.05,0.27635991058122206,0.3425925925925926,264,2012,0.330188679245283,264
1919,14,g711u,clean,0.0,0.04550827423167849,0.07246376811594203,217,1692,0.07246376811594203,217
1919,14,g711u,clean,0.01,0.05230496453900709,0.08671875,217,1692,0.08671875,217
1919,14,g711u,clean,0.05,0.09134899527186761,0.16109154929577466,217,1692,0.16109154929577466,217
1919,14,g711a,clean,0.0,0.04373522458628842,0.07932692307692307,217,1692,0.07932692307692307,217
1919,14,g711a,clean,0.01,0.05260047281323877,0.10354477611940298,217,1692,0.10354477611940298,217
1919,14,g711a,clean,0.05,0.08366578014184398,0.16538461538461538,217,1692,0.16538461538461538,217
1919,14,opus16,clean,0.0,0.1440972222222222,0.18055555555555555,217,1692,0.18055555555555555,217
1919,14,opus16,clean,0.01,0.1515588061465721,0.19047619047619047,217,1692,0.19047619047619047,217
1919,14,opus16,clean,0.05,0.17383274231678486,0.22172619047619047,217,1692,0.22172619047619047,217
1919,14,amr122,clean,0.0,0.24423758865248227,0.29910714285714285,217,1692,0.29910714285714285,217
1919,14,amr122,clean,0.01,0.24737736406619384,0.29910714285714285,217,1692,0.29910714285714285,217
1919,14,amr122,clean,0.05,0.2702792553191489,0.33779761904761907,217,1692,0.33779761904761907,217
1919,14,amr475,clean,0.0,0.3438977541371158,0.3903301886792453,217,1692,0.3903301886792453,217
1919,14,amr475,clean,0.01,0.34482121749408984,0.3903301886792453,217,1692,0.3903301886792453,217
1919,14,amr475,clean,0.05,0.35453605200945626,0.39375,217,1692,0.39375,217
1919,14,amr122_g711u,clean,0.0,0.24767287234042554,0.3117816091954023,217,1692,0.3117816091954023,217
1919,14,amr122_g711u,clean,0.01,0.2528442671394799,0.32830459770114945,217,1692,0.32830459770114945,217
1919,14,amr122_g711u,clean,0.05,0.2697135262847017,0.3318452380952381,217,1692,0.3318452380952381,217
1919,14,g711u,white20,0.0,0.02419527896995708,0.04090909090909091,172,1165,0.04090909090909091,172
1919,14,g711u,white20,0.01,0.03347639484978541,0.09672619047619048,172,1165,0.09672619047619048,172
1919,14,g711u,white20,0.05,0.0709763948497854,0.13194444444444445,172,1165,0.13194444444444445,172
1919,14,g711a,white20,0.0,0.025429184549356224,0.043154761904761904,172,1165,0.043154761904761904,172
1919,14,g711a,white20,0.01,0.0342274678111588,0.0925,172,1165,0.0925,172
1919,14,g711a,white20,0.05,0.060890557939914165,0.1077127659574468,172,1165,0.1077127659574468,172
1919,14,opus16,white20,0.0,0.1436158798283262,0.17427884615384615,172,1165,0.17427884615384615,172
1919,14,opus16,white20,0.01,0.14796137339055793,0.1796875,172,1165,0.1796875,172
1919,14,opus16,white20,0.05,0.1742489270386266,0.23828125,172,1165,0.23828125,172
1919,14,amr122,white20,0.0,0.24377682403433476,0.30020491803278687,172,1165,0.30020491803278687,172
1919,14,amr122,white20,0.01,0.24619098712446352,0.3135245901639344,172,1165,0.3135245901639344,172
1919,14,amr122,white20,0.05,0.2657725321888412,0.3155737704918033,172,1165,0.3155737704918033,172
1919,14,amr475,white20,0.0,0.3331545064377682,0.3903301886792453,172,1165,0.3903301886792453,172
1919,14,amr475,white20,0.01,0.3374463519313305,0.3958333333333333,172,1165,0.3958333333333333,172
1919,14,amr475,white20,0.05,0.3418991416309013,0.40212264150943394,172,1165,0.40212264150943394,172
1919,14,amr122_g711u,white20,0.0,0.2416845493562232,0.29508196721311475,172,1165,0.29508196721311475,172
1919,14,amr122_g711u,white20,0.01,0.24640557939914162,0.3059210526315789,172,1165,0.3059210526315789,172
1919,14,amr122_g711u,white20,0.05,0.26314377682403434,0.3168859649122807,172,1165,0.3168859649122807,172
1919,14,g711u,babble10,0.0,0.02849526066350711,0.06158088235294118,277,2110,0.06158088235294118,277
1919,14,g711u,babble10,0.01,0.03747037914691943,0.06919642857142858,277,2110,0.06919642857142858,277
1919,14,g711u,babble10,0.05,0.06688388625592417,0.11532738095238096,277,2110,0.11532738095238096,277
1919,14,g711a,babble10,0.0,0.02502962085308057,0.04664179104477612,277,2110,0.04664179104477612,277
1919,14,g711a,babble10,0.01,0.03255331753554502,0.06554878048780488,277,2110,0.06554878048780488,277
1919,14,g711a,babble10,0.05,0.06860189573459716,0.134375,277,2110,0.134375,277
1919,14,opus16,babble10,0.0,0.14884478672985782,0.1801470588235294,277,2110,0.1801470588235294,277
1919,14,opus16,babble10,0.01,0.15488744075829383,0.1982421875,277,2110,0.1982421875,277
1919,14,opus16,babble10,0.05,0.1810722748815166,0.2296875,277,2110,0.2296875,277
1919,14,amr122,babble10,0.0,0.22938388625592418,0.2869718309859155,277,2110,0.2869718309859155,277
1919,14,amr122,babble10,0.01,0.2337973933649289,0.2869718309859155,277,2110,0.2869718309859155,277
1919,14,amr122,babble10,0.05,0.2521030805687204,0.31166666666666665,277,2110,0.31166666666666665,277
1919,14,amr475,babble10,0.0,0.331664691943128,0.3741438356164384,277,2110,0.3741438356164384,277
1919,14,amr475,babble10,0.01,0.3353080568720379,0.37429775280898875,277,2110,0.37429775280898875,277
1919,14,amr475,babble10,0.05,0.34437203791469195,0.4051470588235294,277,2110,0.4051470588235294,277
1919,14,amr122_g711u,babble10,0.0,0.2300355450236967,0.2868150684931507,277,2110,0.2868150684931507,277
1919,14,amr122_g711u,babble10,0.01,0.23187203791469194,0.2868150684931507,277,2110,0.2868150684931507,277
1919,14,amr122_g711u,babble10,0.05,0.2535248815165877,0.3081395348837209,277,2110,0.3081395348837209,277
1988,15,g711u,clean,0.0,0.07700492831541218,0.1676829268292683,111,1116,0.1676829268292683,111
1988,15,g711u,clean,0.01,0.08434139784946236,0.1676829268292683,111,1116,0.1676829268292683,111
1988,15,g711u,clean,0.05,0.10618279569892473,0.17835365853658536,111,1116,0.17835365853658536,111
1988,15,g711a,clean,0.0,0.0673163082437276,0.115,111,1116,0.115,111
1988,15,g711a,clean,0.01,0.07683691756272401,0.1278409090909091,111,1116,0.1278409090909091,111
1988,15,g711a,clean,0.05,0.11525537634408602,0.17877906976744187,111,1116,0.17877906976744187,111
1988,15,opus16,clean,0.0,0.24352589641434264,0.6306818181818182,164,1116,0.1921875,111
1988,15,opus16,clean,0.01,0.24975099601593626,0.6491477272727273,164,1116,0.1925,111
1988,15,opus16,clean,0.05,0.26792132587859424,0.6306818181818182,164,1116,0.24695121951219512,111
1988,15,amr122,clean,0.0,0.32002360346184106,0.6901041666666666,168,1116,0.3075,111
1988,15,amr122,clean,0.01,0.324301730920535,0.6901041666666666,168,1116,0.3175,111
1988,15,amr122,clean,0.05,0.3445813771517997,0.6953125,171,1116,0.3390151515151515,111
1988,15,amr475,clean,0.0,0.4166021671826625,0.7700892857142857,177,1116,0.434375,111
1988,15,amr475,clean,0.01,0.4215733590733591,0.7700892857142857,178,1116,0.434375,111
1988,15,amr475,clean,0.05,0.4282818532818533,0.7700892857142857,179,1116,0.4359375,111
1988,15,amr122_g711u,clean,0.0,0.32254552652414886,0.6656976744186046,168,1116,0.3016666666666667,111
1988,15,amr122_g711u,clean,0.01,0.326256927949327,0.6686046511627907,168,1116,0.305,111
1988,15,amr122_g711u,clean,0.05,0.3505520504731861,0.6761363636363636,168,1116,0.3475378787878788,111
1988,15,g711u,white20,0.0,0.02424433249370277,0.0359375,59,794,0.0359375,59
1988,15,g711u,white20,0.01,0.03628778337531486,0.06097560975609756,59,794,0.06097560975609756,59
1988,15,g711u,white20,0.05,0.07698362720403022,0.14329268292682926,59,794,0.14329268292682926,59
1988,15,g711a,white20,0.0,0.02290617128463476,0.03333333333333333,59,794,0.03333333333333333,59
1988,15,g711a,white20,0.01,0.025425062972292193,0.04878048780487805,59,794,0.04878048780487805,59
1988,15,g711a,white20,0.05,0.06564861460957179,0.09905660377358491,59,794,0.09905660377358491,59
1988,15,opus16,white20,0.0,0.1635621921182266,0.259375,71,794,0.1734375,59
1988,15,opus16,white20,0.01,0.16802647783251232,0.259375,71,794,0.18206521739130435,59
1988,15,opus16,white20,0.05,0.19590012330456227,0.3005952380952381,71,794,0.22767857142857142,59
1988,15,amr122,white20,0.0,0.23307453416149068,0.29891304347826086,63,794,0.27361111111111114,59
1988,15,amr122,white20,0.01,0.23610248447204968,0.29891304347826086,63,794,0.2861111111111111,59
1988,15,amr122,white20,0.05,0.2545864427860697,0.31929347826086957,63,794,0.29375,59
1988,15,amr475,white20,0.0,0.33916865315852207,0.5252976190476191,82,794,0.3638888888888889,59
1988,15,amr475,white20,0.01,0.3426698450536353,0.5252976190476191,82,794,0.375,59
1988,15,amr475,white20,0.05,0.35615315852205004,0.5359375,82,794,0.37777777777777777,59
1988,15,amr122_g711u,white20,0.0,0.2312888198757764,0.29483695652173914,63,794,0.2722222222222222,59
1988,15,amr122_g711u,white20,0.01,0.23664596273291927,0.29483695652173914,63,794,0.2777777777777778,59
1988,15,amr122_g711u,white20,0.05,0.25116315136476425,0.31845238095238093,63,794,0.2916666666666667,59
1988,15,g711u,babble10,0.0,0.04438229571984436,0.08173076923076923,174,1542,0.08173076923076923,174
1988,15,g711u,babble10,0.01,0.053461413748378726,0.10496794871794872,174,1542,0.10496794871794872,174
1988,15,g711u,babble10,0.05,0.08548151750972763,0.17897727272727273,174,1542,0.17897727272727273,174
1988,15,g711a,babble10,0.0,0.042761024643320364,0.07612179487179487,174,1542,0.07612179487179487,174
1988,15,g711a,babble10,0.01,0.05443417639429313,0.09740259740259741,174,1542,0.09740259740259741,174
1988,15,g711a,babble10,0.05,0.08726491569390402,0.16071428571428573,174,1542,0.16071428571428573,174
1988,15,opus16,babble10,0.0,0.19242914356130622,0.5,190,1542,0.20021186440677965,174
1988,15,opus16,babble10,0.01,0.19751232285890327,0.5,190,1542,0.2127403846153846,174
1988,15,opus16,babble10,0.05,0.2205950184501845,0.5399590163934426,190,1542,0.23834745762711865,174
1988,15,amr122,babble10,0.0,0.27561850946854,0.5552083333333333,193,1542,0.27163461538461536,174
1988,15,amr122,babble10,0.01,0.27981826511912034,0.5552083333333333,193,1542,0.27380952380952384,174
1988,15,amr122,babble10,0.05,0.2939715770171149,0.565625,194,1542,0.3080357142857143,174
1988,15,amr475,babble10,0.0,0.39079181494661924,0.6951219512195121,203,1542,0.3863031914893617,174
1988,15,amr475,babble10,0.01,0.39438760379596677,0.6951219512195121,203,1542,0.386968085106383,174
1988,15,amr475,babble10,0.05,0.40584415584415584,0.67375,204,1542,0.40625,174
1988,15,amr122_g711u,babble10,0.0,0.27719056372549017,0.559375,191,1542,0.27564102564102566,174
1988,15,amr122_g711u,babble10,0.01,0.28036917892156865,0.559375,191,1542,0.28846153846153844,174
1988,15,amr122_g711u,babble10,0.05,0.29147447724477243,0.565625,189,1542,0.3265086206896552,174
1988,16,g711u,clean,0.0,0.08099141295862608,0.16310975609756098,143,1281,0.16310975609756098,143
1988,16,g711u,clean,0.01,0.08357728337236534,0.16310975609756098,143,1281,0.16310975609756098,143
1988,16,g711u,clean,0.05,0.11646174863387979,0.22010869565217392,143,1281,0.22010869565217392,143
1988,16,g711a,clean,0.0,0.0663544106167057,0.14176829268292682,143,1281,0.14176829268292682,143
1988,16,g711a,clean,0.01,0.07108704137392662,0.14176829268292682,143,1281,0.14176829268292682,143
1988,16,g711a,clean,0.05,0.10084894613583138,0.18627450980392157,143,1281,0.18627450980392157,143
1988,16,opus16,clean,0.0,0.19417341678939617,0.5168269230769231,172,1281,0.20652173913043478,143
1988,16,opus16,clean,0.01,0.20130706921944036,0.5168269230769231,172,1281,0.22172619047619047,143
1988,16,opus16,clean,0.05,0.2198513215859031,0.5530660377358491,172,1281,0.2774390243902439,143
1988,16,amr122,clean,0.0,0.2692237609329446,0.5204326923076923,173,1281,0.28267045454545453,143
1988,16,amr122,clean,0.01,0.2725947521865889,0.5204326923076923,173,1281,0.28267045454545453,143
1988,16,amr122,clean,0.05,0.29404545454545455,0.5377358490566038,175,1281,0.3096590909090909,143
1988,16,amr475,clean,0.0,0.3614249271137026,0.5637254901960784,175,1281,0.4298780487804878,143
1988,16,amr475,clean,0.01,0.36603241077931536,0.5637254901960784,175,1281,0.42835365853658536,143
1988,16,amr475,clean,0.05,0.3795355587808418,0.56625,175,1281,0.4527439024390244,143
1988,16,amr122_g711u,clean,0.0,0.2668956043956044,0.5216346153846154,172,1281,0.28194444444444444,143
1988,16,amr122_g711u,clean,0.01,0.2718978102189781,0.5216346153846154,173,1281,0.28194444444444444,143
1988,16,amr122_g711u,clean,0.05,0.29023722627737225,0.53125,173,1281,0.327445652173913,143
1988,16,g711u,white20,0.0,0.0233451536643026,0.03343023255813953,78,846,0.03343023255813953,78
1988,16,g711u,white20,0.01,0.0339095744680851,0.07994186046511628,78,846,0.07994186046511628,78
1988,16,g711u,white20,0.05,0.06205673758865248,0.1046875,78,846,0.1046875,78
1988,16,g711a,white20,0.0,0.024748817966903074,0.036458333333333336,78,846,0.036458333333333336,78
1988,16,g711a,white20,0.01,0.032062647754137114,0.05030487804878049,78,846,0.05030487804878049,78
1988,16,g711a,white20,0.05,0.055777186761229315,0.10259433962264151,78,846,0.10259433962264151,78
1988,16,opus16,white20,0.0,0.14954572098475968,0.19767441860465115,79,846,0.19767441860465115,78
1988,16,opus16,white20,0.01,0.15987690504103166,0.24305555555555555,79,846,0.20784883720930233,78
1988,16,opus16,white20,0.05,0.1831037514654162,0.2423780487804878,79,846,0.2267156862745098,78
1988,16,amr122,white20,0.0,0.21636310223266744,0.2648809523809524,79,846,0.2578125,78
1988,16,amr122,white20,0.01,0.21768507638072856,0.2648809523809524,79,846,0.2578125,78
1988,16,amr122,white20,0.05,0.23479729729729729,0.3092105263157895,79,846,0.3092105263157895,78
1988,16,amr475,white20,0.0,0.32967667436489606,0.45930232558139533,85,846,0.3717105263157895,78
1988,16,amr475,white20,0.01,0.33290080738177624,0.45930232558139533,86,846,0.375,78
1988,16,amr475,white20,0.05,0.3483889528193326,0.4738372093023256,86,846,0.39,78
1988,16,amr122_g711u,white20,0.0,0.22099001175088132,0.2693452380952381,79,846,0.2565789473684211,78
1988,16,amr122_g711u,white20,0.01,0.2253231492361927,0.29464285714285715,79,846,0.2896341463414634,78
1988,16,amr122_g711u,white20,0.05,0.24992664319248825,0.2936046511627907,79,846,0.2936046511627907,78
1988,16,g711u,babble10,0.0,0.03377831715210356,0.10610465116279069,179,1545,0.10610465116279069,179
1988,16,g711u,babble10,0.01,0.04279935275080906,0.10610465116279069,179,1545,0.10610465116279069,179
1988,16,g711u,babble10,0.05,0.07204692556634304,0.1380813953488372,179,1545,0.1380813953488372,179
1988,16,g711a,babble10,0.0,0.032241100323624594,0.07703488372093023,179,1545,0.07703488372093023,179
1988,16,g711a,babble10,0.01,0.039279935275080904,0.09125,179,1545,0.09125,179
1988,16,g711a,babble10,0.05,0.07613268608414239,0.16715116279069767,179,1545,0.16715116279069767,179
1988,16,opus16,babble10,0.0,0.2187870699881376,0.5592105263157895,212,1545,0.1875,179
1988,16,opus16,babble10,0.01,0.22455489614243324,0.5592105263157895,212,1545,0.21189024390243902,179
1988,16,opus16,babble10,0.05,0.24157722122838401,0.5581140350877193,211,1545,0.23469387755102042,179
1988,16,amr122,babble10,0.0,0.28733669833729214,0.6076388888888888,212,1545,0.2800324675324675,179
1988,16,amr122,babble10,0.01,0.2898604513064133,0.6145833333333334,212,1545,0.2800324675324675,179
1988,16,amr122,babble10,0.05,0.3059640522875817,0.6129385964912281,212,1545,0.3198051948051948,179
1988,16,amr475,babble10,0.0,0.39144736842105265,0.69375,225,1545,0.3851744186046512,179
1988,16,amr475,babble10,0.01,0.3942669172932331,0.69375,225,1545,0.3851744186046512,179
1988,16,amr475,babble10,0.05,0.4112972508591065,0.7015625,229,1545,0.39825581395348836,179
1988,16,amr122_g711u,babble10,0.0,0.2877302436125966,0.6018518518518519,211,1545,0.28084415584415584,179
1988,16,amr122_g711u,babble10,0.01,0.2907253269916766,0.6064814814814815,211,1545,0.28084415584415584,179
1988,16,amr122_g711u,babble10,0.05,0.303576740035693,0.6087962962962963,210,1545,0.3116883116883117,179
1988,17,g711u,clean,0.0,0.08356031128404669,0.14583333333333334,149,1285,0.14583333333333334,149
1988,17,g711u,clean,0.01,0.09280155642023347,0.15104166666666666,149,1285,0.15104166666666666,149
1988,17,g711u,clean,0.05,0.11454280155642023,0.18478260869565216,149,1285,0.18478260869565216,149
1988,17,g711a,clean,0.0,0.07120622568093385,0.12382075471698113,149,1285,0.12382075471698113,149
1988,17,g711a,clean,0.01,0.08244163424124513,0.15234375,149,1285,0.15234375,149
1988,17,g711a,clean,0.05,0.1154182879377432,0.22193877551020408,149,1285,0.22193877551020408,149
1988,17,opus16,clean,0.0,0.20586363636363636,0.39809782608695654,181,1285,0.20182291666666666,149
1988,17,opus16,clean,0.01,0.21298146802325582,0.39809782608695654,181,1285,0.21354166666666666,149
1988,17,opus16,clean,0.05,0.2366818181818182,0.41440217391304346,181,1285,0.2640625,149
1988,17,amr122,clean,0.0,0.28674600290697677,0.452445652173913,181,1285,0.2921195652173913,149
1988,17,amr122,clean,0.01,0.2933775436046512,0.452445652173913,181,1285,0.29483695652173914,149
1988,17,amr122,clean,0.05,0.30695857558139533,0.452445652173913,182,1285,0.3271276595744681,149
1988,17,amr475,clean,0.0,0.3855136005726557,0.58125,193,1285,0.40542763157894735,149
1988,17,amr475,clean,0.01,0.38801896921975665,0.6078125,193,1285,0.4120065789473684,149
1988,17,amr475,clean,0.05,0.40004448398576514,0.6265625,192,1285,0.4178779069767442,149
1988,17,amr122_g711u,clean,0.0,0.2896984011627907,0.44886363636363635,181,1285,0.2907608695652174,149
1988,17,amr122_g711u,clean,0.01,0.29392260174418605,0.4546875,181,1285,0.3033854166666667,149
1988,17,amr122_g711u,clean,0.05,0.31082062454611475,0.48404255319148937,182,1285,0.3098404255319149,149
1988,17,g711u,white20,0.0,0.027279411764705882,0.040697674418604654,80,850,0.040697674418604654,80
1988,17,g711u,white20,0.01,0.03514705882352941,0.07944915254237288,80,850,0.07944915254237288,80
1988,17,g711u,white20,0.05,0.07147058823529412,0.11363636363636363,80,850,0.11363636363636363,80
1988,17,g711a,white20,0.0,0.02441176470588235,0.04403409090909091,80,850,0.04403409090909091,80
1988,17,g711a,white20,0.01,0.03529411764705882,0.0818452380952381,80,850,0.0818452380952381,80
1988,17,g711a,white20,0.05,0.06213235294117647,0.0967741935483871,80,850,0.0967741935483871,80
1988,17,opus16,white20,0.0,0.17034453302961275,0.28810975609756095,84,850,0.1816860465116279,80
1988,17,opus16,white20,0.01,0.17575455580865604,0.28810975609756095,84,850,0.1875,80
1988,17,opus16,white20,0.05,0.20237756264236903,0.3549107142857143,84,850,0.2475,80
1988,17,amr122,white20,0.0,0.2418728423475259,0.36875,84,850,0.2818627450980392,80
1988,17,amr122,white20,0.01,0.24510932105868816,0.384375,84,850,0.2818627450980392,80
1988,17,amr122,white20,0.05,0.26372126436781607,0.3828125,84,850,0.3125,80
1988,17,amr475,white20,0.0,0.35337875417130143,0.49583333333333335,99,850,0.390625,80
1988,17,amr475,white20,0.01,0.3564377085650723,0.5055555555555555,99,850,0.3991477272727273,80
1988,17,amr475,white20,0.05,0.3678630820399113,0.4872159090909091,102,850,0.3934659090909091,80
1988,17,amr122_g711u,white20,0.0,0.24367088607594936,0.371875,84,850,0.2867647058823529,80
1988,17,amr122_g711u,white20,0.01,0.24784234752589182,0.371875,84,850,0.2867647058823529,80
1988,17,amr122_g711u,white20,0.05,0.26539125431530497,0.3890625,84,850,0.2965686274509804,80
1988,17,g711u,babble10,0.0,0.05198140900195695,0.103125,158,1533,0.103125,158
1988,17,g711u,babble10,0.01,0.06490541422048271,0.121875,158,1533,0.121875,158
1988,17,g711u,babble10,0.05,0.0870433789954338,0.1425438596491228,158,1533,0.1425438596491228,158
1988,17,g711a,babble10,0.0,0.0496983039791259,0.07948369565217392,158,1533,0.07948369565217392,158
1988,17,g711a,babble10,0.01,0.06319308545335943,0.1203125,158,1533,0.1203125,158
1988,17,g711a,babble10,0.05,0.09666503587736465,0.16875,158,1533,0.16875,158
1988,17,opus16,babble10,0.0,0.24234320046893318,0.6709905660377359,202,1533,0.19318181818181818,158
1988,17,opus16,babble10,0.01,0.25014654161781946,0.6780660377358491,202,1533,0.20065789473684212,158
1988,17,opus16,babble10,0.05,0.2722557386698058,0.6967592592592593,201,1533,0.2417279411764706,158
1988,17,amr122,babble10,0.0,0.3254994124559342,0.7083333333333334,201,1533,0.318359375,158
1988,17,amr122,babble10,0.01,0.328216803760282,0.7083333333333334,201,1533,0.318359375,158
1988,17,amr122,babble10,0.05,0.3423512956419317,0.709375,200,1533,0.3403846153846154,158
1988,17,amr475,babble10,0.0,0.4343555681175806,0.7629716981132075,208,1533,0.4296875,158
1988,17,amr475,babble10,0.01,0.4378527088036117,0.7629716981132075,211,1533,0.42578125,158
1988,17,amr475,babble10,0.05,0.4440640880858272,0.7719907407407407,208,1533,0.439453125,158
1988,17,amr122_g711u,babble10,0.0,0.32516291469194314,0.7141203703703703,199,1533,0.32196969696969696,158
1988,17,amr122_g711u,babble10,0.01,0.32917160640189685,0.7141203703703703,199,1533,0.32575757575757575,158
1988,17,amr122_g711u,babble10,0.05,0.3471233689205219,0.7210648148148148,198,1533,0.36363636363636365,158
1993,18,g711u,clean,0.0,0.07103257103257103,0.1118421052631579,205,1443,0.1118421052631579,205
1993,18,g711u,clean,0.01,0.07380457380457381,0.1118421052631579,205,1443,0.1118421052631579,205
1993,18,g711u,clean,0.05,0.11707380457380458,0.1671195652173913,205,1443,0.1671195652173913,205
1993,18,g711a,clean,0.0,0.07683645183645184,0.11204268292682927,205,1443,0.11204268292682927,205
1993,18,g711a,clean,0.01,0.08212058212058213,0.11890243902439024,205,1443,0.11890243902439024,205
1993,18,g711a,clean,0.05,0.12088530838530838,0.20784883720930233,205,1443,0.20784883720930233,205
1993,18,opus16,clean,0.0,0.15592515592515593,0.19196428571428573,205,1443,0.19196428571428573,205
1993,18,opus16,clean,0.01,0.16077616077616078,0.21205357142857142,205,1443,0.21205357142857142,205
1993,18,opus16,clean,0.05,0.1849878724878725,0.25595238095238093,205,1443,0.25595238095238093,205
1993,18,amr122,clean,0.0,0.2624740124740125,0.31473214285714285,205,1443,0.31473214285714285,205
1993,18,amr122,clean,0.01,0.26502945252945254,0.31361607142857145,205,1443,0.31361607142857145,205
1993,18,amr122,clean,0.05,0.2866857241857242,0.3549107142857143,205,1443,0.3549107142857143,205
1993,18,amr475,clean,0.0,0.3426022176022176,0.41160714285714284,205,1443,0.41160714285714284,205
1993,18,amr475,clean,0.01,0.34403153153153154,0.41517857142857145,205,1443,0.41517857142857145,205
1993,18,amr475,clean,0.05,0.3579348579348579,0.41964285714285715,205,1443,0.41964285714285715,205
1993,18,amr122_g711u,clean,0.0,0.2692740817740818,0.32589285714285715,205,1443,0.32589285714285715,205
1993,18,amr122_g711u,clean,0.01,0.2729989604989605,0.3314732142857143,205,1443,0.3314732142857143,205
1993,18,amr122_g711u,clean,0.05,0.2850398475398475,0.3488636363636364,205,1443,0.3488636363636364,205
1993,18,g711u,white20,0.0,0.04476626016260163,0.06395348837209303,182,1230,0.06395348837209303,182
1993,18,g711u,white20,0.01,0.05304878048780488,0.09316037735849056,182,1230,0.09316037735849056,182
1993,18,g711u,white20,0.05,0.09339430894308944,0.17613636363636365,182,1230,0.17613636363636365,182
1993,18,g711a,white20,0.0,0.04207317073170732,0.06097560975609756,182,1230,0.06097560975609756,182
1993,18,g711a,white20,0.01,0.054014227642276424,0.11702127659574468,182,1230,0.11702127659574468,182
1993,18,g711a,white20,0.05,0.08145325203252032,0.16666666666666666,182,1230,0.16666666666666666,182
1993,18,opus16,white20,0.0,0.16737804878048781,0.20982142857142858,182,1230,0.20982142857142858,182
1993,18,opus16,white20,0.01,0.1714939024390244,0.24854651162790697,182,1230,0.24854651162790697,182
1993,18,opus16,white20,0.05,0.19822154471544715,0.2681818181818182,182,1230,0.2681818181818182,182
1993,18,amr122,white20,0.0,0.2733739837398374,0.34263392857142855,182,1230,0.34263392857142855,182
1993,18,amr122,white20,0.01,0.27723577235772356,0.35044642857142855,182,1230,0.35044642857142855,182
1993,18,amr122,white20,0.05,0.29314024390243903,0.38058035714285715,182,1230,0.38058035714285715,182
1993,18,amr475,white20,0.0,0.35469130787977254,0.39680232558139533,182,1230,0.39680232558139533,182
1993,18,amr475,white20,0.01,0.35580828594638503,0.39976415094339623,182,1230,0.39976415094339623,182
1993,18,amr475,white20,0.05,0.3681965881397238,0.4233490566037736,182,1230,0.4233490566037736,182
1993,18,amr122_g711u,white20,0.0,0.2720020325203252,0.3255208333333333,182,1230,0.3255208333333333,182
1993,18,amr122_g711u,white20,0.01,0.2759654471544715,0.326271186440678,182,1230,0.326271186440678,182
1993,18,amr122_g711u,white20,0.05,0.28846544715447153,0.3569915254237288,182,1230,0.3569915254237288,182
1993,18,g711u,babble10,0.0,0.04979035639412998,0.0857843137254902,253,1908,0.0857843137254902,253
1993,18,g711u,babble10,0.01,0.058012316561844864,0.10670731707317073,253,1908,0.10670731707317073,253
1993,18,g711u,babble10,0.05,0.09211215932914046,0.15931372549019607,253,1908,0.15931372549019607,253
1993,18,g711a,babble10,0.0,0.054245283018867926,0.09146341463414634,253,1908,0.09146341463414634,253
1993,18,g711a,babble10,0.01,0.06135351153039832,0.11432926829268293,253,1908,0.11432926829268293,253
1993,18,g711a,babble10,0.05,0.09967898322851153,0.17738970588235295,253,1908,0.17738970588235295,253
1993,18,opus16,babble10,0.0,0.16643736897274633,0.22408536585365854,253,1908,0.22408536585365854,253
1993,18,opus16,babble10,0.01,0.17239910901467506,0.22408536585365854,253,1908,0.22408536585365854,253
1993,18,opus16,babble10,0.05,0.19129979035639413,0.2576219512195122,253,1908,0.2576219512195122,253
1993,18,amr122,babble10,0.0,0.25733752620545075,0.3094512195121951,253,1908,0.3094512195121951,253
1993,18,amr122,babble10,0.01,0.2601546121593291,0.3094512195121951,253,1908,0.3094512195121951,253
1993,18,amr122,babble10,0.05,0.27643474842767296,0.3324652777777778,253,1908,0.3324652777777778,253
1993,18,amr475,babble10,0.0,0.352168501048218,0.39939024390243905,253,1908,0.39939024390243905,253
1993,18,amr475,babble10,0.01,0.3543632075471698,0.4033018867924528,253,1908,0.4033018867924528,253
1993,18,amr475,babble10,0.05,0.3624868972746331,0.39939024390243905,253,1908,0.39939024390243905,253
1993,18,amr122_g711u,babble10,0.0,0.2620872641509434,0.31402439024390244,253,1908,0.31402439024390244,253
1993,18,amr122_g711u,babble10,0.01,0.265625,0.32621951219512196,253,1908,0.32621951219512196,253
1993,18,amr122_g711u,babble10,0.05,0.28321540880503143,0.3307926829268293,253,1908,0.3307926829268293,253
1993,19,g711u,clean,0.0,0.06882225433526011,0.1025390625,206,1384,0.1025390625,206
1993,19,g711u,clean,0.01,0.0789378612716763,0.1359375,206,1384,0.1359375,206
1993,19,g711u,clean,0.05,0.109375,0.18125,206,1384,0.18125,206
1993,19,g711a,clean,0.0,0.07071893063583815,0.09787735849056604,206,1384,0.09787735849056604,206
1993,19,g711a,clean,0.01,0.07713150289017341,0.13653846153846153,206,1384,0.13653846153846153,206
1993,19,g711a,clean,0.05,0.11361994219653179,0.17884615384615385,206,1384,0.17884615384615385,206
1993,19,opus16,clean,0.0,0.15990787572254336,0.18888888888888888,206,1384,0.18888888888888888,206
1993,19,opus16,clean,0.01,0.16582369942196531,0.20535714285714285,206,1384,0.20535714285714285,206
1993,19,opus16,clean,0.05,0.1941835260115607,0.24720149253731344,206,1384,0.24720149253731344,206
1993,19,amr122,clean,0.0,0.2651282514450867,0.3431603773584906,206,1384,0.3431603773584906,206
1993,19,amr122,clean,0.01,0.26914739884393063,0.3584905660377358,206,1384,0.3584905660377358,206
1993,19,amr122,clean,0.05,0.2832369942196532,0.35377358490566035,206,1384,0.35377358490566035,206
1993,19,amr475,clean,0.0,0.3406791907514451,0.3796875,206,1384,0.3796875,206
1993,19,amr475,clean,0.01,0.34117593930635837,0.3796875,206,1384,0.3796875,206
1993,19,amr475,clean,0.05,0.3536398121387283,0.40625,206,1384,0.40625,206
1993,19,amr122_g711u,clean,0.0,0.2675668352601156,0.33254716981132076,206,1384,0.33254716981132076,206
1993,19,amr122_g711u,clean,0.01,0.27108923410404623,0.3419811320754717,206,1384,0.3419811320754717,206
1993,19,amr122_g711u,clean,0.05,0.28549494219653176,0.33490566037735847,206,1384,0.33490566037735847,206
1993,19,g711u,white20,0.0,0.045625,0.06666666666666667,178,1200,0.06666666666666667,178
1993,19,g711u,white20,0.01,0.05572916666666667,0.09722222222222222,178,1200,0.09722222222222222,178
1993,19,g711u,white20,0.05,0.09869791666666666,0.19791666666666666,178,1200,0.19791666666666666,178
1993,19,g711a,white20,0.0,0.04348958333333333,0.05875,178,1200,0.05875,178
1993,19,g711a,white20,0.01,0.050729166666666665,0.11029411764705882,178,1200,0.11029411764705882,178
1993,19,g711a,white20,0.05,0.09859375,0.1890625,178,1200,0.1890625,178
1993,19,opus16,white20,0.0,0.16463541666666667,0.2315340909090909,178,1200,0.2315340909090909,178
1993,19,opus16,white20,0.01,0.16932291666666666,0.24573863636363635,178,1200,0.24573863636363635,178
1993,19,opus16,white20,0.05,0.20067708333333334,0.2671875,178,1200,0.2671875,178
1993,19,amr122,white20,0.0,0.2718229166666667,0.31657608695652173,178,1200,0.31657608695652173,178
1993,19,amr122,white20,0.01,0.2775520833333333,0.3277439024390244,178,1200,0.3277439024390244,178
1993,19,amr122,white20,0.05,0.28671875,0.3359375,178,1200,0.3359375,178
1993,19,amr475,white20,0.0,0.35010416666666666,0.3984375,178,1200,0.3984375,178
1993,19,amr475,white20,0.01,0.35171875,0.3984375,178,1200,0.3984375,178
1993,19,amr475,white20,0.05,0.3655729166666667,0.4125,178,1200,0.4125,178
1993,19,amr122_g711u,white20,0.0,0.27619791666666665,0.31875,178,1200,0.31875,178
1993,19,amr122_g711u,white20,0.01,0.28140625,0.3404255319148936,178,1200,0.3404255319148936,178
1993,19,amr122_g711u,white20,0.05,0.2959375,0.3377659574468085,178,1200,0.3377659574468085,178
1993,19,g711u,babble10,0.0,0.04715589887640449,0.07543103448275862,244,1780,0.07543103448275862,244
1993,19,g711u,babble10,0.01,0.05603932584269663,0.1140625,244,1780,0.1140625,244
1993,19,g711u,babble10,0.05,0.0891502808988764,0.1597222222222222,244,1780,0.1597222222222222,244
1993,19,g711a,babble10,0.0,0.055512640449438204,0.0953125,244,1780,0.0953125,244
1993,19,g711a,babble10,0.01,0.06716994382022472,0.13636363636363635,244,1780,0.13636363636363635,244
1993,19,g711a,babble10,0.05,0.09273174157303371,0.16594827586206898,244,1780,0.16594827586206898,244
1993,19,opus16,babble10,0.0,0.16400983146067416,0.20555555555555555,244,1780,0.20555555555555555,244
1993,19,opus16,babble10,0.01,0.16836376404494383,0.2078125,244,1780,0.2078125,244
1993,19,opus16,babble10,0.05,0.19389044943820224,0.240625,244,1780,0.240625,244
1993,19,amr122,babble10,0.0,0.2555477528089888,0.3181818181818182,244,1780,0.3181818181818182,244
1993,19,amr122,babble10,0.01,0.25877808988764045,0.3181818181818182,244,1780,0.3181818181818182,244
1993,19,amr122,babble10,0.05,0.27615870786516855,0.35129310344827586,244,1780,0.35129310344827586,244
1993,19,amr475,babble10,0.0,0.3473314606741573,0.4109375,244,1780,0.4109375,244
1993,19,amr475,babble10,0.01,0.3478581460674157,0.4109375,244,1780,0.4109375,244
1993,19,amr475,babble10,0.05,0.35639044943820225,0.4034090909090909,244,1780,0.4034090909090909,244
1993,19,amr122_g711u,babble10,0.0,0.25811095505617976,0.3181818181818182,244,1780,0.3181818181818182,244
1993,19,amr122_g711u,babble10,0.01,0.26021769662921346,0.32007575757575757,244,1780,0.32007575757575757,244
1993,19,amr122_g711u,babble10,0.05,0.27970505617977526,0.3308189655172414,244,1780,0.3308189655172414,244
1993,20,g711u,clean,0.0,0.07157923697725606,0.10166666666666667,188,1363,0.10166666666666667,188
1993,20,g711u,clean,0.01,0.07937454145267792,0.11569148936170212,188,1363,0.11569148936170212,188
1993,20,g711u,clean,0.05,0.11844277329420397,0.19230769230769232,188,1363,0.19230769230769232,188
1993,20,g711a,clean,0.0,0.07364269992663243,0.12254901960784313,188,1363,0.12254901960784313,188
1993,20,g711a,clean,0.01,0.08272193690388849,0.12254901960784313,188,1363,0.12254901960784313,188
1993,20,g711a,clean,0.05,0.11715884079236977,0.20793269230769232,188,1363,0.20793269230769232,188
1993,20,opus16,clean,0.0,0.15884079236977255,0.19444444444444445,188,1363,0.19444444444444445,188
1993,20,opus16,clean,0.01,0.1645267791636097,0.19444444444444445,188,1363,0.19444444444444445,188
1993,20,opus16,clean,0.05,0.18910491562729273,0.2630208333333333,188,1363,0.2630208333333333,188
1993,20,amr122,clean,0.0,0.26288517975055026,0.3336693548387097,188,1363,0.3336693548387097,188
1993,20,amr122,clean,0.01,0.2653613352898019,0.3336693548387097,188,1363,0.3336693548387097,188
1993,20,amr122,clean,0.05,0.2816397652237711,0.36088709677419356,188,1363,0.36088709677419356,188
1993,20,amr475,clean,0.0,0.34611151870873075,0.4002016129032258,188,1363,0.4002016129032258,188
1993,20,amr475,clean,0.01,0.3470744680851064,0.39919354838709675,188,1363,0.39919354838709675,188
1993,20,amr475,clean,0.05,0.35638297872340424,0.40826612903225806,188,1363,0.40826612903225806,188
1993,20,amr122_g711u,clean,0.0,0.2698092443140132,0.3477822580645161,188,1363,0.3477822580645161,188
1993,20,amr122_g711u,clean,0.01,0.2747615553925165,0.3477822580645161,188,1363,0.3477822580645161,188
1993,20,amr122_g711u,clean,0.05,0.290443873807777,0.3961693548387097,188,1363,0.3961693548387097,188
1993,20,g711u,white20,0.0,0.04064119170984456,0.06125,156,1158,0.06125,156
1993,20,g711u,white20,0.01,0.05192141623488774,0.10820895522388059,156,1158,0.10820895522388059,156
1993,20,g711u,white20,0.05,0.08371113989637306,0.14825581395348839,156,1158,0.14825581395348839,156
1993,20,g711a,white20,0.0,0.04047927461139896,0.0734375,156,1158,0.0734375,156
1993,20,g711a,white20,0.01,0.05386442141623489,0.13210227272727273,156,1158,0.13210227272727273,156
1993,20,g711a,white20,0.05,0.10243955094991364,0.1875,156,1158,0.1875,156
1993,20,opus16,white20,0.0,0.1695811744386874,0.20625,156,1158,0.20625,156
1993,20,opus16,white20,0.01,0.17330526770293608,0.2149390243902439,156,1158,0.2149390243902439,156
1993,20,opus16,white20,0.05,0.19818652849740934,0.2375,156,1158,0.2375,156
1993,20,amr122,white20,0.0,0.26824265975820377,0.3421875,156,1158,0.3421875,156
1993,20,amr122,white20,0.01,0.2713190846286701,0.3515625,156,1158,0.3515625,156
1993,20,amr122,white20,0.05,0.28459628670120896,0.36022727272727273,156,1158,0.36022727272727273,156
1993,20,amr475,white20,0.0,0.35735103626943004,0.40773809523809523,156,1158,0.40773809523809523,156
1993,20,amr475,white20,0.01,0.35799870466321243,0.4166666666666667,156,1158,0.4166666666666667,156
1993,20,amr475,white20,0.05,0.3690630397236615,0.4166666666666667,156,1158,0.4166666666666667,156
1993,20,amr122_g711u,white20,0.0,0.2705094991364421,0.3390625,156,1158,0.3390625,156
1993,20,amr122_g711u,white20,0.01,0.27471934369602763,0.365625,156,1158,0.365625,156
1993,20,amr122_g711u,white20,0.05,0.28961571675302245,0.35625,156,1158,0.35625,156
1993,20,g711u,babble10,0.0,0.0459366391184573,0.0800438596491228,242,1815,0.0800438596491228,242
1993,20,g711u,babble10,0.01,0.05389118457300276,0.09649122807017543,242,1815,0.09649122807017543,242
1993,20,g711u,babble10,0.05,0.08794765840220385,0.1502016129032258,242,1815,0.1502016129032258,242
1993,20,g711a,babble10,0.0,0.05017217630853994,0.08442982456140351,242,1815,0.08442982456140351,242
1993,20,g711a,babble10,0.01,0.0571969696969697,0.10331632653061225,242,1815,0.10331632653061225,242
1993,20,g711a,babble10,0.05,0.08684573002754821,0.14583333333333334,242,1815,0.14583333333333334,242
1993,20,opus16,babble10,0.0,0.16384297520661156,0.19414893617021275,242,1815,0.19414893617021275,242
1993,20,opus16,babble10,0.01,0.1706611570247934,0.20535714285714285,242,1815,0.20535714285714285,242
1993,20,opus16,babble10,0.05,0.18715564738292012,0.22716346153846154,242,1815,0.22716346153846154,242
1993,20,amr122,babble10,0.0,0.2524104683195592,0.32127192982456143,242,1815,0.32127192982456143,242
1993,20,amr122,babble10,0.01,0.25736914600550964,0.32127192982456143,242,1815,0.32127192982456143,242
1993,20,amr122,babble10,0.05,0.2721074380165289,0.3366228070175439,242,1815,0.3366228070175439,242
1993,20,amr475,babble10,0.0,0.34858815426997247,0.40318627450980393,242,1815,0.40318627450980393,242
1993,20,amr475,babble10,0.01,0.3501721763085399,0.40318627450980393,242,1815,0.40318627450980393,242
1993,20,amr475,babble10,0.05,0.359435261707989,0.40931372549019607,242,1815,0.40931372549019607,242
1993,20,amr122_g711u,babble10,0.0,0.25492424242424244,0.3319672131147541,242,1815,0.3319672131147541,242
1993,20,amr122_g711u,babble10,0.01,0.26022727272727275,0.33636363636363636,242,1815,0.33636363636363636,242
1993,20,amr122_g711u,babble10,0.05,0.2769628099173554,0.3487903225806452,242,1815,0.3487903225806452,242
2035,21,g711u,clean,0.0,0.04943039950062422,0.07727272727272727,210,1602,0.07727272727272727,210
2035,21,g711u,clean,0.01,0.05520443196004994,0.08531746031746032,210,1602,0.08531746031746032,210
2035,21,g711u,clean,0.05,0.09866573033707865,0.18278301886792453,210,1602,0.18278301886792453,210
2035,21,g711a,clean,0.0,0.04693352059925093,0.07866379310344827,210,1602,0.07866379310344827,210
2035,21,g711a,clean,0.01,0.055828651685393256,0.10461956521739131,210,1602,0.10461956521739131,210
2035,21,g711a,clean,0.05,0.08828807740324594,0.1702127659574468,210,1602,0.1702127659574468,210
2035,21,opus16,clean,0.0,0.13877184769038703,0.20072115384615385,210,1602,0.20072115384615385,210
2035,21,opus16,clean,0.01,0.14591136079900124,0.21634615384615385,210,1602,0.21634615384615385,210
2035,21,opus16,clean,0.05,0.1698657927590512,0.25,210,1602,0.25,210
2035,21,amr122,clean,0.0,0.22460205992509363,0.2961309523809524,210,1602,0.2961309523809524,210
2035,21,amr122,clean,0.01,0.228854556803995,0.3169642857142857,210,1602,0.3169642857142857,210
2035,21,amr122,clean,0.05,0.24676186017478152,0.3373015873015873,210,1602,0.3373015873015873,210
2035,21,amr475,clean,0.0,0.31702559300873906,0.3935546875,210,1602,0.3935546875,210
2035,21,amr475,clean,0.01,0.3203807740324594,0.40327380952380953,210,1602,0.40327380952380953,210
2035,21,amr475,clean,0.05,0.3340745942571785,0.4067982456140351,210,1602,0.4067982456140351,210
2035,21,amr122_g711u,clean,0.0,0.22588951310861424,0.28720238095238093,210,1602,0.28720238095238093,210
2035,21,amr122_g711u,clean,0.01,0.23100031210986266,0.30505952380952384,210,1602,0.30505952380952384,210
2035,21,amr122_g711u,clean,0.05,0.24637172284644196,0.31845238095238093,210,1602,0.31845238095238093,210
2035,21,g711u,white20,0.0,0.025880791505791506,0.042682926829268296,139,1036,0.042682926829268296,139
2035,21,g711u,white20,0.01,0.03468870656370656,0.06648936170212766,139,1036,0.06648936170212766,139
2035,21,g711u,white20,0.05,0.08488175675675676,0.14772727272727273,139,1036,0.14772727272727273,139
2035,21,g711a,white20,0.0,0.02582046332046332,0.04483695652173913,139,1036,0.04483695652173913,139
2035,21,g711a,white20,0.01,0.032697876447876445,0.06521739130434782,139,1036,0.06521739130434782,139
2035,21,g711a,white20,0.05,0.07450530888030887,0.12916666666666668,139,1036,0.12916666666666668,139
2035,21,opus16,white20,0.0,0.1443050193050193,0.16745283018867924,139,1036,0.16745283018867924,139
2035,21,opus16,white20,0.01,0.15033783783783783,0.18509615384615385,139,1036,0.18509615384615385,139
2035,21,opus16,white20,0.05,0.18249276061776062,0.25744047619047616,139,1036,0.25744047619047616,139
2035,21,amr122,white20,0.0,0.23123793436293436,0.26785714285714285,139,1036,0.26785714285714285,139
2035,21,amr122,white20,0.01,0.23582287644787644,0.2764423076923077,139,1036,0.2764423076923077,139
2035,21,amr122,white20,0.05,0.25217181467181465,0.2956730769230769,139,1036,0.2956730769230769,139
2035,21,amr475,white20,0.0,0.30737210424710426,0.3619791666666667,139,1036,0.3619791666666667,139
2035,21,amr475,white20,0.01,0.30900096525096526,0.3567708333333333,139,1036,0.3567708333333333,139
2035,21,amr475,white20,0.05,0.32251447876447875,0.37890625,139,1036,0.37890625,139
2035,21,amr122_g711u,white20,0.0,0.23377171814671815,0.2764423076923077,139,1036,0.2764423076923077,139
2035,21,amr122_g711u,white20,0.01,0.23883928571428573,0.27884615384615385,139,1036,0.27884615384615385,139
2035,21,amr122_g711u,white20,0.05,0.24607866795366795,0.28725961538461536,139,1036,0.28725961538461536,139
2035,21,g711u,babble10,0.0,0.04105635551142006,0.0763888888888889,242,2014,0.0763888888888889,242
2035,21,g711u,babble10,0.01,0.04782149950347567,0.09259259259259259,242,2014,0.09259259259259259,242
2035,21,g711u,babble10,0.05,0.08918818272095333,0.15327380952380953,242,2014,0.15327380952380953,242
2035,21,g711a,babble10,0.0,0.0370220953326713,0.07523148148148148,242,2014,0.07523148148148148,242
2035,21,g711a,babble10,0.01,0.049093843098311815,0.1053921568627451,242,2014,0.1053921568627451,242
2035,21,g711a,babble10,0.05,0.08394364448857994,0.1381172839506173,242,2014,0.1381172839506173,242
2035,21,opus16,babble10,0.0,0.15137785501489573,0.203125,242,2014,0.203125,242
2035,21,opus16,babble10,0.01,0.15603277060575968,0.21323529411764705,242,2014,0.21323529411764705,242
2035,21,opus16,babble10,0.05,0.17899702085402186,0.246875,242,2014,0.246875,242
2035,21,amr122,babble10,0.0,0.23643867924528303,0.30606617647058826,242,2014,0.30606617647058826,242
2035,21,amr122,babble10,0.01,0.23972815292949354,0.3161764705882353,242,2014,0.3161764705882353,242
2035,21,amr122,babble10,0.05,0.25865814299900697,0.3293918918918919,242,2014,0.3293918918918919,242
2035,21,amr475,babble10,0.0,0.33009558093346575,0.39797794117647056,242,2014,0.39797794117647056,242
2035,21,amr475,babble10,0.01,0.3320196127110228,0.39797794117647056,242,2014,0.39797794117647056,242
2035,21,amr475,babble10,0.05,0.3443396226415094,0.41039156626506024,242,2014,0.41039156626506024,242
2035,21,amr122_g711u,babble10,0.0,0.2394488579940417,0.31841216216216217,242,2014,0.31841216216216217,242
2035,21,amr122_g711u,babble10,0.01,0.24295556107249255,0.31841216216216217,242,2014,0.31841216216216217,242
2035,21,amr122_g711u,babble10,0.05,0.26033391261171795,0.34375,242,2014,0.34375,242
2035,22,g711u,clean,0.0,0.04656139315230224,0.09017857142857143,219,1694,0.09017857142857143,219
2035,22,g711u,clean,0.01,0.05353453364817001,0.11277173913043478,219,1694,0.11277173913043478,219
2035,22,g711u,clean,0.05,0.0879943919716647,0.13950892857142858,219,1694,0.13950892857142858,219
2035,22,g711a,clean,0.0,0.04814787485242031,0.07857142857142857,219,1694,0.07857142857142857,219
2035,22,g711a,clean,0.01,0.057113341204250295,0.0986328125,219,1694,0.0986328125,219
2035,22,g711a,clean,0.05,0.08452626918536009,0.13496376811594202,219,1694,0.13496376811594202,219
2035,22,opus16,clean,0.0,0.1485758559622196,0.1801470588235294,219,1694,0.1801470588235294,219
2035,22,opus16,clean,0.01,0.15348288075560804,0.18642241379310345,219,1694,0.18642241379310345,219
2035,22,opus16,clean,0.05,0.18259297520661158,0.23214285714285715,219,1694,0.23214285714285715,219
2035,22,amr122,clean,0.0,0.22465318772136955,0.2864583333333333,219,1694,0.2864583333333333,219
2035,22,amr122,clean,0.01,0.22745720188902008,0.2864583333333333,219,1694,0.2864583333333333,219
2035,22,amr122,clean,0.05,0.24793388429752067,0.30431547619047616,219,1694,0.30431547619047616,219
2035,22,amr475,clean,0.0,0.3227567886658796,0.3802083333333333,219,1694,0.3802083333333333,219
2035,22,amr475,clean,0.01,0.32563459268004724,0.38169642857142855,219,1694,0.38169642857142855,219
2035,22,amr475,clean,0.05,0.33710891381345925,0.38950892857142855,219,1694,0.38950892857142855,219
2035,22,amr122_g711u,clean,0.0,0.2278999409681228,0.28869047619047616,219,1694,0.28869047619047616,219
2035,22,amr122_g711u,clean,0.01,0.23269628099173553,0.29389880952380953,219,1694,0.29389880952380953,219
2035,22,amr122_g711u,clean,0.05,0.2466056670602125,0.3162202380952381,219,1694,0.3162202380952381,219
2035,22,g711u,white20,0.0,0.023838141025641024,0.043055555555555555,113,936,0.043055555555555555,113
2035,22,g711u,white20,0.01,0.036591880341880344,0.09305555555555556,113,936,0.09305555555555556,113
2035,22,g711u,white20,0.05,0.061899038461538464,0.10833333333333334,113,936,0.10833333333333334,113
2035,22,g711a,white20,0.0,0.023303952991452992,0.04113924050632911,113,936,0.04113924050632911,113
2035,22,g711a,white20,0.01,0.03331997863247863,0.061046511627906974,113,936,0.061046511627906974,113
2035,22,g711a,white20,0.05,0.06403579059829059,0.13333333333333333,113,936,0.13333333333333333,113
2035,22,opus16,white20,0.0,0.14342948717948717,0.171875,113,936,0.171875,113
2035,22,opus16,white20,0.01,0.14917200854700854,0.2013888888888889,113,936,0.2013888888888889,113
2035,22,opus16,white20,0.05,0.16800213675213677,0.22301136363636365,113,936,0.22301136363636365,113
2035,22,amr122,white20,0.0,0.22295673076923078,0.26308139534883723,113,936,0.26308139534883723,113
2035,22,amr122,white20,0.01,0.22896634615384615,0.26308139534883723,113,936,0.26308139534883723,113
2035,22,amr122,white20,0.05,0.23838141025641027,0.2921511627906977,113,936,0.2921511627906977,113
2035,22,amr475,white20,0.0,0.3183092948717949,0.3859375,113,936,0.3859375,113
2035,22,amr475,white20,0.01,0.32244925213675213,0.3859375,113,936,0.3859375,113
2035,22,amr475,white20,0.05,0.33206463675213677,0.3875,113,936,0.3875,113
2035,22,amr122_g711u,white20,0.0,0.2265625,0.26398026315789475,113,936,0.26398026315789475,113
2035,22,amr122_g711u,white20,0.01,0.23150373931623933,0.2863372093023256,113,936,0.2863372093023256,113
2035,22,amr122_g711u,white20,0.05,0.24933226495726496,0.328804347826087,113,936,0.328804347826087,113
2035,22,g711u,babble10,0.0,0.02803308823529412,0.06505102040816327,277,2040,0.06505102040816327,277
2035,22,g711u,babble10,0.01,0.03939950980392157,0.10076530612244898,277,2040,0.10076530612244898,277
2035,22,g711u,babble10,0.05,0.06715686274509804,0.13392857142857142,277,2040,0.13392857142857142,277
2035,22,g711a,babble10,0.0,0.02855392156862745,0.07525510204081633,277,2040,0.07525510204081633,277
2035,22,g711a,babble10,0.01,0.036856617647058824,0.11548913043478261,277,2040,0.11548913043478261,277
2035,22,g711a,babble10,0.05,0.06890318627450981,0.17530487804878048,277,2040,0.17530487804878048,277
2035,22,opus16,babble10,0.0,0.14693627450980393,0.1846590909090909,277,2040,0.1846590909090909,277
2035,22,opus16,babble10,0.01,0.15395220588235295,0.21306818181818182,277,2040,0.21306818181818182,277
2035,22,opus16,babble10,0.05,0.17395833333333333,0.23511904761904762,277,2040,0.23511904761904762,277
2035,22,amr122,babble10,0.0,0.22837009803921568,0.3061440677966102,277,2040,0.3061440677966102,277
2035,22,amr122,babble10,0.01,0.23213848039215687,0.3061440677966102,277,2040,0.3061440677966102,277
2035,22,amr122,babble10,0.05,0.2525735294117647,0.3230932203389831,277,2040,0.3230932203389831,277
2035,22,amr475,babble10,0.0,0.32830882352941176,0.3877551020408163,277,2040,0.3877551020408163,277
2035,22,amr475,babble10,0.01,0.33174019607843136,0.3877551020408163,277,2040,0.3877551020408163,277
2035,22,amr475,babble10,0.05,0.3391544117647059,0.399234693877551,277,2040,0.399234693877551,277
2035,22,amr122_g711u,babble10,0.0,0.22910539215686274,0.3050847457627119,277,2040,0.3050847457627119,277
2035,22,amr122_g711u,babble10,0.01,0.23385416666666667,0.3050847457627119,277,2040,0.3050847457627119,277
2035,22,amr122_g711u,babble10,0.05,0.2508578431372549,0.3111979166666667,277,2040,0.3111979166666667,277
2035,23,g711u,clean,0.0,0.0529595015576324,0.0806686046511628,208,1605,0.0806686046511628,208
2035,23,g711u,clean,0.01,0.06269470404984423,0.10987903225806452,208,1605,0.10987903225806452,208
2035,23,g711u,clean,0.05,0.09894859813084113,0.1875,208,1605,0.1875,208
2035,23,g711a,clean,0.0,0.05109034267912772,0.09151785714285714,208,1605,0.09151785714285714,208
2035,23,g711a,clean,0.01,0.05786604361370717,0.1002906976744186,208,1605,0.1002906976744186,208
2035,23,g711a,clean,0.05,0.09478193146417445,0.16554054054054054,208,1605,0.16554054054054054,208
2035,23,opus16,clean,0.0,0.14338006230529596,0.18333333333333332,208,1605,0.18333333333333332,208
2035,23,opus16,clean,0.01,0.15097352024922117,0.18627450980392157,208,1605,0.18627450980392157,208
2035,23,opus16,clean,0.05,0.17904984423676013,0.2375,208,1605,0.2375,208
2035,23,amr122,clean,0.0,0.23496884735202492,0.2989583333333333,208,1605,0.2989583333333333,208
2035,23,amr122,clean,0.01,0.23792834890965733,0.2997159090909091,208,1605,0.2997159090909091,208
2035,23,amr122,clean,0.05,0.2556853582554517,0.34479166666666666,208,1605,0.34479166666666666,208
2035,23,amr475,clean,0.0,0.3266744548286604,0.41363636363636364,208,1605,0.41363636363636364,208
2035,23,amr475,clean,0.01,0.33337227414330217,0.4159090909090909,208,1605,0.4159090909090909,208
2035,23,amr475,clean,0.05,0.3422897196261682,0.42159090909090907,208,1605,0.42159090909090907,208
2035,23,amr122_g711u,clean,0.0,0.2380841121495327,0.3,208,1605,0.3,208
2035,23,amr122_g711u,clean,0.01,0.24427570093457943,0.31145833333333334,208,1605,0.31145833333333334,208
2035,23,amr122_g711u,clean,0.05,0.2638629283489097,0.32916666666666666,208,1605,0.32916666666666666,208
2035,23,g711u,white20,0.0,0.028826530612244897,0.04567307692307692,129,980,0.04567307692307692,129
2035,23,g711u,white20,0.01,0.041390306122448976,0.0765625,129,980,0.0765625,129
2035,23,g711u,white20,0.05,0.07346938775510205,0.11755952380952381,129,980,0.11755952380952381,129
2035,23,g711a,white20,0.0,0.026020408163265306,0.042045454545454546,129,980,0.042045454545454546,129
2035,23,g711a,white20,0.01,0.04056122448979592,0.08413461538461539,129,980,0.08413461538461539,129
2035,23,g711a,white20,0.05,0.06403061224489796,0.10904255319148937,129,980,0.10904255319148937,129
2035,23,opus16,white20,0.0,0.15216836734693878,0.19040697674418605,129,980,0.19040697674418605,129
2035,23,opus16,white20,0.01,0.16026785714285716,0.2222222222222222,129,980,0.2222222222222222,129
2035,23,opus16,white20,0.05,0.17920918367346939,0.23995535714285715,129,980,0.23995535714285715,129
2035,23,amr122,white20,0.0,0.24846938775510205,0.30640243902439024,129,980,0.30640243902439024,129
2035,23,amr122,white20,0.01,0.25229591836734694,0.32164634146341464,129,980,0.32164634146341464,129
2035,23,amr122,white20,0.05,0.2686862244897959,0.3551829268292683,129,980,0.3551829268292683,129
2035,23,amr475,white20,0.0,0.31868622448979594,0.36921296296296297,129,980,0.36921296296296297,129
2035,23,amr475,white20,0.01,0.3210459183673469,0.3792372881355932,129,980,0.3792372881355932,129
2035,23,amr475,white20,0.05,0.3378188775510204,0.3877118644067797,129,980,0.3877118644067797,129
2035,23,amr122_g711u,white20,0.0,0.2493622448979592,0.3029891304347826,129,980,0.3029891304347826,129
2035,23,amr122_g711u,white20,0.01,0.2528061224489796,0.3029891304347826,129,980,0.3029891304347826,129
2035,23,amr122_g711u,white20,0.05,0.27066326530612245,0.33384146341463417,129,980,0.33384146341463417,129
2035,23,g711u,babble10,0.0,0.02572225038013178,0.049019607843137254,266,1973,0.049019607843137254,266
2035,23,g711u,babble10,0.01,0.03240623416117588,0.06686046511627906,266,1973,0.06686046511627906,266
2035,23,g711u,babble10,0.05,0.059965788139888496,0.10606060606060606,266,1973,0.10606060606060606,266
2035,23,g711a,babble10,0.0,0.02679929042067917,0.06686046511627906,266,1973,0.06686046511627906,266
2035,23,g711a,babble10,0.01,0.03532057780030411,0.09156976744186046,266,1973,0.09156976744186046,266
2035,23,g711a,babble10,0.05,0.06820197668525088,0.1388888888888889,266,1973,0.1388888888888889,266
2035,23,opus16,babble10,0.0,0.14261277242777495,0.1791044776119403,266,1973,0.1791044776119403,266
2035,23,opus16,babble10,0.01,0.14565382665990878,0.18097014925373134,266,1973,0.18097014925373134,266
2035,23,opus16,babble10,0.05,0.17251647237709072,0.22916666666666666,266,1973,0.22916666666666666,266
2035,23,amr122,babble10,0.0,0.2167067916877851,0.25558035714285715,266,1973,0.25558035714285715,266
2035,23,amr122,babble10,0.01,0.21984287886467307,0.2569444444444444,266,1973,0.2569444444444444,266
2035,23,amr122,babble10,0.05,0.2438545362392296,0.29910714285714285,266,1973,0.29910714285714285,266
2035,23,amr475,babble10,0.0,0.31287993920972645,0.3673469387755102,266,1973,0.3673469387755102,266
2035,23,amr475,babble10,0.01,0.3152545592705167,0.3762755102040816,266,1973,0.3762755102040816,266
2035,23,amr475,babble10,0.05,0.3249809934110492,0.39,266,1973,0.39,266
2035,23,amr122_g711u,babble10,0.0,0.21730866700456158,0.2510593220338983,266,1973,0.2510593220338983,266
2035,23,amr122_g711u,babble10,0.01,0.22063482007095794,0.25769230769230766,266,1973,0.25769230769230766,266
2035,23,amr122_g711u,babble10,0.05,0.24299923973644197,0.3098404255319149,266,1973,0.3098404255319149,266
2078,24,g711u,clean,0.0,0.08047027290448343,0.12006578947368421,271,2052,0.12006578947368421,271
2078,24,g711u,clean,0.01,0.09055190058479533,0.13844936708860758,271,2052,0.13844936708860758,271
2078,24,g711u,clean,0.05,0.1190026790063322,0.19188596491228072,271,2052,0.19188596491228072,271
2078,24,g711a,clean,0.0,0.08080531189083821,0.12971698113207547,271,2052,0.12971698113207547,271
2078,24,g711a,clean,0.01,0.08960769980506822,0.1411764705882353,271,2052,0.1411764705882353,271
2078,24,g711a,clean,0.05,0.12305068226120858,0.18563432835820895,271,2052,0.18563432835820895,271
2078,24,opus16,clean,0.0,0.1611842105263158,0.1875,271,2052,0.1875,271
2078,24,opus16,clean,0.01,0.1684941520467836,0.20075757575757575,271,2052,0.20075757575757575,271
2078,24,opus16,clean,0.05,0.19346978557504874,0.2515432098765432,271,2052,0.2515432098765432,271
2078,24,amr122,clean,0.0,0.2715034113060429,0.32596153846153847,271,2052,0.32596153846153847,271
2078,24,amr122,clean,0.01,0.2739400584795322,0.3324652777777778,271,2052,0.3324652777777778,271
2078,24,amr122,clean,0.05,0.2930372807017544,0.3475378787878788,271,2052,0.3475378787878788,271
2078,24,amr475,clean,0.0,0.3669590643274854,0.42890625,271,2052,0.42890625,271
2078,24,amr475,clean,0.01,0.3691215886939571,0.43046875,271,2052,0.43046875,271
2078,24,amr475,clean,0.05,0.3798100340964442,0.4294117647058823,271,2052,0.4294117647058823,271
2078,24,amr122_g711u,clean,0.0,0.2791179337231969,0.3384615384615385,271,2052,0.3384615384615385,271
2078,24,amr122_g711u,clean,0.01,0.28326023391812866,0.33962264150943394,271,2052,0.33962264150943394,271
2078,24,amr122_g711u,clean,0.05,0.29434697855750486,0.359375,271,2052,0.359375,271
2078,24,g711u,white20,0.0,0.02933228730822873,0.047619047619047616,216,1434,0.047619047619047616,216
2078,24,g711u,white20,0.01,0.03674163179916318,0.10060975609756098,216,1434,0.10060975609756098,216
2078,24,g711u,white20,0.05,0.06990934449093444,0.13925438596491227,216,1434,0.13925438596491227,216
2078,24,g711a,white20,0.0,0.029419456066945605,0.042682926829268296,216,1434,0.042682926829268296,216
2078,24,g711a,white20,0.01,0.03935669456066945,0.08139534883720931,216,1434,0.08139534883720931,216
2078,24,g711a,white20,0.05,0.07348326359832635,0.1423076923076923,216,1434,0.1423076923076923,216
2078,24,opus16,white20,0.0,0.16043410041841005,0.20494186046511628,216,1434,0.20494186046511628,216
2078,24,opus16,white20,0.01,0.16758193863319387,0.20494186046511628,216,1434,0.20494186046511628,216
2078,24,opus16,white20,0.05,0.18754358437935845,0.2375,216,1434,0.2375,216
2078,24,amr122,white20,0.0,0.27174860529986056,0.30970149253731344,216,1434,0.30970149253731344,216
2078,24,amr122,white20,0.01,0.2742764993026499,0.31382978723404253,216,1434,0.31382978723404253,216
2078,24,amr122,white20,0.05,0.2976813110181311,0.35597826086956524,216,1434,0.35597826086956524,216
2078,24,amr475,white20,0.0,0.3659344490934449,0.41440217391304346,216,1434,0.41440217391304346,216
2078,24,amr475,white20,0.01,0.3692032775453278,0.4180327868852459,216,1434,0.4180327868852459,216
2078,24,amr475,white20,0.05,0.37918410041841005,0.430327868852459,216,1434,0.430327868852459,216
2078,24,amr122_g711u,white20,0.0,0.2722716178521618,0.31994047619047616,216,1434,0.31994047619047616,216
2078,24,amr122_g711u,white20,0.01,0.2755840306834031,0.31994047619047616,216,1434,0.31994047619047616,216
2078,24,amr122_g711u,white20,0.05,0.29236401673640167,0.37202380952380953,216,1434,0.37202380952380953,216
2078,24,g711u,babble10,0.0,0.04304064417177914,0.09134615384615384,259,1956,0.09134615384615384,259
2078,24,g711u,babble10,0.01,0.05064544989775051,0.09159482758620689,259,1956,0.09159482758620689,259
2078,24,g711u,babble10,0.05,0.08406825153374232,0.14182692307692307,259,1956,0.14182692307692307,259
2078,24,g711a,babble10,0.0,0.0428489263803681,0.09801136363636363,259,1956,0.09801136363636363,259
2078,24,g711a,babble10,0.01,0.0501661554192229,0.1141826923076923,259,1956,0.1141826923076923,259
2078,24,g711a,babble10,0.05,0.09215235173824131,0.17527173913043478,259,1956,0.17527173913043478,259
2078,24,opus16,babble10,0.0,0.1640465885947047,0.2711693548387097,259,1956,0.18859649122807018,259
2078,24,opus16,babble10,0.01,0.17018839103869654,0.2711693548387097,259,1956,0.2055722891566265,259
2078,24,opus16,babble10,0.05,0.1866062308478039,0.2492283950617284,259,1956,0.2492283950617284,259
2078,24,amr122,babble10,0.0,0.2613694105691057,0.3408203125,259,1956,0.3226744186046512,259
2078,24,amr122,babble10,0.01,0.2659108231707317,0.3408203125,259,1956,0.3226744186046512,259
2078,24,amr122,babble10,0.05,0.2799313675648195,0.3854166666666667,259,1956,0.34084302325581395,259
2078,24,amr475,babble10,0.0,0.364498730964467,0.4567307692307692,259,1956,0.41369047619047616,259
2078,24,amr475,babble10,0.01,0.3681789340101523,0.4548076923076923,259,1956,0.4211309523809524,259
2078,24,amr475,babble10,0.05,0.3760786802030457,0.4673076923076923,259,1956,0.4181547619047619,259
2078,24,amr122_g711u,babble10,0.0,0.2638606307222787,0.34765625,259,1956,0.32630813953488375,259
2078,24,amr122_g711u,babble10,0.01,0.26716683621566634,0.3623046875,259,1956,0.34011627906976744,259
2078,24,amr122_g711u,babble10,0.05,0.2812182095625636,0.3662109375,259,1956,0.3313953488372093,259
2078,25,g711u,clean,0.0,0.07977815699658702,0.1333955223880597,231,1758,0.1333955223880597,231
2078,25,g711u,clean,0.01,0.08863054607508532,0.1455223880597015,231,1758,0.1455223880597015,231
2078,25,g711u,clean,0.05,0.11792519908987485,0.16597222222222222,231,1758,0.16597222222222222,231
2078,25,g711a,clean,0.0,0.07910267349260523,0.13152985074626866,231,1758,0.13152985074626866,231
2078,25,g711a,clean,0.01,0.08688850967007963,0.13948170731707318,231,1758,0.13948170731707318,231
2078,25,g711a,clean,0.05,0.11959613196814561,0.18861607142857142,231,1758,0.18861607142857142,231
2078,25,opus16,clean,0.0,0.16542235494880547,0.20535714285714285,231,1758,0.20535714285714285,231
2078,25,opus16,clean,0.01,0.1702929465301479,0.20625,231,1758,0.20625,231
2078,25,opus16,clean,0.05,0.1950014220705347,0.2625,231,1758,0.2625,231
2078,25,amr122,clean,0.0,0.2718643344709898,0.3163659793814433,231,1758,0.3163659793814433,231
2078,25,amr122,clean,0.01,0.27591723549488056,0.3228092783505155,231,1758,0.3228092783505155,231
2078,25,amr122,clean,0.05,0.2874004550625711,0.3316532258064516,231,1758,0.3316532258064516,231
2078,25,amr475,clean,0.0,0.3646188850967008,0.4171195652173913,231,1758,0.4171195652173913,231
2078,25,amr475,clean,0.01,0.36678754266211605,0.4171195652173913,231,1758,0.4171195652173913,231
2078,25,amr475,clean,0.05,0.3743245164960182,0.4252450980392157,231,1758,0.4252450980392157,231
2078,25,amr122_g711u,clean,0.0,0.28004124004550623,0.32087628865979384,231,1758,0.32087628865979384,231
2078,25,amr122_g711u,clean,0.01,0.2837386234357224,0.3228092783505155,231,1758,0.3228092783505155,231
2078,25,amr122_g711u,clean,0.05,0.2995738636363636,0.34664948453608246,231,1758,0.34664948453608246,231
2078,25,g711u,white20,0.0,0.031204644412191583,0.04772727272727273,199,1378,0.04772727272727273,199
2078,25,g711u,white20,0.01,0.040139695210449924,0.07462686567164178,199,1378,0.07462686567164178,199
2078,25,g711u,white20,0.05,0.07374818577648766,0.14174107142857142,199,1378,0.14174107142857142,199
2078,25,g711a,white20,0.0,0.02966255442670537,0.04619565217391304,199,1378,0.04619565217391304,199
2078,25,g711a,white20,0.01,0.043586719883889694,0.08928571428571429,199,1378,0.08928571428571429,199
2078,25,g711a,white20,0.05,0.06812409288824384,0.1213768115942029,199,1378,0.1213768115942029,199
2078,25,opus16,white20,0.0,0.164822206095791,0.21610169491525424,199,1378,0.21610169491525424,199
2078,25,opus16,white20,0.01,0.16899492017416545,0.21610169491525424,199,1378,0.21610169491525424,199
2078,25,opus16,white20,0.05,0.1975689404934688,0.24877450980392157,199,1378,0.24877450980392157,199
2078,25,amr122,white20,0.0,0.27485486211901305,0.3328804347826087,199,1378,0.3328804347826087,199
2078,25,amr122,white20,0.01,0.28038824383164007,0.3328804347826087,199,1378,0.3328804347826087,199
2078,25,amr122,white20,0.05,0.29281567489114657,0.33575581395348836,199,1378,0.33575581395348836,199
2078,25,amr475,white20,0.0,0.36538461538461536,0.4227941176470588,199,1378,0.4227941176470588,199
2078,25,amr475,white20,0.01,0.3687409288824383,0.4227941176470588,199,1378,0.4227941176470588,199
2078,25,amr475,white20,0.05,0.3747732220609579,0.4252450980392157,199,1378,0.4252450980392157,199
2078,25,amr122_g711u,white20,0.0,0.27476415094339623,0.34646739130434784,199,1378,0.34646739130434784,199
2078,25,amr122_g711u,white20,0.01,0.28038824383164007,0.35190217391304346,199,1378,0.35190217391304346,199
2078,25,amr122_g711u,white20,0.05,0.292861030478955,0.36277173913043476,199,1378,0.36277173913043476,199
2078,25,g711u,babble10,0.0,0.04521525503041647,0.07395833333333333,277,2137,0.07395833333333333,277
2078,25,g711u,babble10,0.01,0.05296560598970519,0.10869565217391304,277,2137,0.10869565217391304,277
2078,25,g711u,babble10,0.05,0.09127866167524568,0.1483050847457627,277,2137,0.1483050847457627,277
2078,25,g711a,babble10,0.0,0.04258306036499766,0.07666666666666666,277,2137,0.07666666666666666,277
2078,25,g711a,babble10,0.01,0.052117454375292464,0.11088709677419355,277,2137,0.11088709677419355,277
2078,25,g711a,babble10,0.05,0.08227070659803463,0.14017857142857143,277,2137,0.14017857142857143,277
2078,25,opus16,babble10,0.0,0.16635470285446888,0.19915254237288135,277,2137,0.19915254237288135,277
2078,25,opus16,babble10,0.01,0.17214553111839026,0.22058823529411764,277,2137,0.22058823529411764,277
2078,25,opus16,babble10,0.05,0.1905416471689284,0.2535211267605634,277,2137,0.2535211267605634,277
2078,25,amr122,babble10,0.0,0.2657346747777258,0.328125,277,2137,0.328125,277
2078,25,amr122,babble10,0.01,0.266553579784745,0.328125,277,2137,0.328125,277
2078,25,amr122,babble10,0.05,0.28442325690219933,0.34338235294117647,277,2137,0.34338235294117647,277
2078,25,amr475,babble10,0.0,0.3722215722976135,0.42052469135802467,277,2137,0.42052469135802467,277
2078,25,amr475,babble10,0.01,0.3737423958820777,0.4260670731707317,277,2137,0.4260670731707317,277
2078,25,amr475,babble10,0.05,0.3809370613008891,0.4267241379310345,277,2137,0.4267241379310345,277
2078,25,amr122_g711u,babble10,0.0,0.2664365933551708,0.32472826086956524,277,2137,0.32472826086956524,277
2078,25,amr122_g711u,babble10,0.01,0.2694782405240992,0.3389945652173913,277,2137,0.3389945652173913,277
2078,25,amr122_g711u,babble10,0.05,0.2826684604585868,0.3395618556701031,277,2137,0.3395618556701031,277
2078,26,g711u,clean,0.0,0.08967391304347826,0.13541666666666666,228,1656,0.13541666666666666,228
2078,26,g711u,clean,0.01,0.09378774154589371,0.1482371794871795,228,1656,0.1482371794871795,228
2078,26,g711u,clean,0.05,0.12888737922705315,0.1875,228,1656,0.1875,228
2078,26,g711a,clean,0.0,0.08412590579710146,0.11706349206349206,228,1656,0.11706349206349206,228
2078,26,g711a,clean,0.01,0.0977506038647343,0.16071428571428573,228,1656,0.16071428571428573,228
2078,26,g711a,clean,0.05,0.13783212560386474,0.19407894736842105,228,1656,0.19407894736842105,228
2078,26,opus16,clean,0.0,0.16652861445783132,0.22560975609756098,229,1656,0.19345238095238096,228
2078,26,opus16,clean,0.01,0.17289156626506025,0.22560975609756098,229,1656,0.20661764705882352,228
2078,26,opus16,clean,0.05,0.1970517448856799,0.2652439024390244,229,1656,0.24461206896551724,228
2078,26,amr122,clean,0.0,0.28894603458556944,0.3628048780487805,233,1656,0.3308189655172414,228
2078,26,amr122,clean,0.01,0.2928220035778175,0.3643292682926829,233,1656,0.3329741379310345,228
2078,26,amr122,clean,0.05,0.31055738194859533,0.3851744186046512,232,1656,0.3524305555555556,228
2078,26,amr475,clean,0.0,0.3774656306037059,0.45535714285714285,232,1656,0.45535714285714285,228
2078,26,amr475,clean,0.01,0.3797071129707113,0.45535714285714285,232,1656,0.45535714285714285,228
2078,26,amr475,clean,0.05,0.39072773460848775,0.4528301886792453,232,1656,0.44494047619047616,228
2078,26,amr122_g711u,clean,0.0,0.2939179104477612,0.35823170731707316,233,1656,0.33413461538461536,228
2078,26,amr122_g711u,clean,0.01,0.30092592592592593,0.36121323529411764,233,1656,0.35365853658536583,228
2078,26,amr122_g711u,clean,0.05,0.3147774790919952,0.3932926829268293,233,1656,0.37083333333333335,228
2078,26,g711u,white20,0.0,0.03319704049844237,0.04528985507246377,181,1284,0.04528985507246377,181
2078,26,g711u,white20,0.01,0.04380841121495327,0.07774390243902439,181,1284,0.07774390243902439,181
2078,26,g711u,white20,0.05,0.0802667445482866,0.15406976744186046,181,1284,0.15406976744186046,181
2078,26,g711a,white20,0.0,0.0323208722741433,0.045990566037735846,181,1284,0.045990566037735846,181
2078,26,g711a,white20,0.01,0.04054711838006231,0.07161458333333333,181,1284,0.07161458333333333,181
2078,26,g711a,white20,0.05,0.07481503115264798,0.15773809523809523,181,1284,0.15773809523809523,181
2078,26,opus16,white20,0.0,0.1617503894080997,0.20192307692307693,181,1284,0.20192307692307693,181
2078,26,opus16,white20,0.01,0.1674454828660436,0.2138157894736842,181,1284,0.2138157894736842,181
2078,26,opus16,white20,0.05,0.1951421339563863,0.24563953488372092,181,1284,0.24563953488372092,181
2078,26,amr122,white20,0.0,0.2737052180685358,0.3221830985915493,181,1284,0.3221830985915493,181
2078,26,amr122,white20,0.01,0.2786214953271028,0.3257042253521127,181,1284,0.3257042253521127,181
2078,26,amr122,white20,0.05,0.2901090342679128,0.3508522727272727,181,1284,0.3508522727272727,181
2078,26,amr475,white20,0.0,0.375,0.4298780487804878,181,1284,0.4298780487804878,181
2078,26,amr475,white20,0.01,0.3768010124610592,0.4375,181,1284,0.4375,181
2078,26,amr475,white20,0.05,0.3841024143302181,0.4255952380952381,181,1284,0.4255952380952381,181
2078,26,amr122_g711u,white20,0.0,0.2745813862928349,0.3301056338028169,181,1284,0.3301056338028169,181
2078,26,amr122_g711u,white20,0.01,0.2801304517133956,0.34330985915492956,181,1284,0.34330985915492956,181
2078,26,amr122_g711u,white20,0.05,0.2953173676012461,0.36083333333333334,181,1284,0.36083333333333334,181
2078,26,g711u,babble10,0.0,0.04664463650228775,0.12764084507042253,264,1967,0.12764084507042253,264
2078,26,g711u,babble10,0.01,0.05576385358413828,0.14084507042253522,264,1967,0.14084507042253522,264
2078,26,g711u,babble10,0.05,0.08633070665988815,0.1636904761904762,264,1967,0.1636904761904762,264
2078,26,g711a,babble10,0.0,0.04349898322318251,0.1078125,264,1967,0.1078125,264
2078,26,g711a,babble10,0.01,0.054588205388917135,0.1426056338028169,264,1967,0.1426056338028169,264
2078,26,g711a,babble10,0.05,0.08811006609049314,0.1640625,264,1967,0.1640625,264
2078,26,opus16,babble10,0.0,0.1694760101010101,0.3084016393442623,264,1967,0.2109375,264
2078,26,opus16,babble10,0.01,0.17591540404040404,0.3084016393442623,264,1967,0.2154255319148936,264
2078,26,opus16,babble10,0.05,0.1952020202020202,0.32479508196721313,264,1967,0.25815217391304346,264
2078,26,amr122,babble10,0.0,0.2612373737373737,0.3628472222222222,265,1967,0.32666666666666666,264
2078,26,amr122,babble10,0.01,0.26600378787878787,0.3663194444444444,265,1967,0.32666666666666666,264
2078,26,amr122,babble10,0.05,0.2797979797979798,0.4105902777777778,265,1967,0.3595890410958904,264
2078,26,amr475,babble10,0.0,0.3588345864661654,0.4415322580645161,271,1967,0.41118421052631576,264
2078,26,amr475,babble10,0.01,0.3622244488977956,0.45494186046511625,271,1967,0.4185855263157895,264
2078,26,amr475,babble10,0.05,0.3719298245614035,0.4717741935483871,271,1967,0.41694078947368424,264
2078,26,amr122_g711u,babble10,0.0,0.2650568181818182,0.3567708333333333,265,1967,0.3325,264
2078,26,amr122_g711u,babble10,0.01,0.2695490146538656,0.3567708333333333,264,1967,0.3333333333333333,264
2078,26,amr122_g711u,babble10,0.05,0.28203993933265925,0.36795774647887325,264,1967,0.33916666666666667,264
2086,27,g711u,clean,0.0,0.07038674762407603,0.10887096774193548,233,1894,0.10887096774193548,233
2086,27,g711u,clean,0.01,0.08262935586061246,0.14189189189189189,233,1894,0.14189189189189189,233
2086,27,g711u,clean,0.05,0.11790522703273495,0.18064024390243902,233,1894,0.18064024390243902,233
2086,27,g711a,clean,0.0,0.07263067581837382,0.10483870967741936,233,1894,0.10483870967741936,233
2086,27,g711a,clean,0.01,0.08140839493136219,0.125,233,1894,0.125,233
2086,27,g711a,clean,0.05,0.11444033790918691,0.17908653846153846,233,1894,0.17908653846153846,233
2086,27,opus16,clean,0.0,0.16545670538542767,0.20212765957446807,233,1894,0.20212765957446807,233
2086,27,opus16,clean,0.01,0.17169350580781415,0.2048076923076923,233,1894,0.2048076923076923,233
2086,27,opus16,clean,0.05,0.19538674762407604,0.2684659090909091,233,1894,0.2684659090909091,233
2086,27,amr122,clean,0.0,0.2735612460401267,0.319375,233,1894,0.319375,233
2086,27,amr122,clean,0.01,0.2787420802534319,0.319375,233,1894,0.319375,233
2086,27,amr122,clean,0.05,0.2927006335797254,0.3446969696969697,233,1894,0.3446969696969697,233
2086,27,amr475,clean,0.0,0.37453801478352694,0.43014705882352944,233,1894,0.43014705882352944,233
2086,27,amr475,clean,0.01,0.376583949313622,0.4329044117647059,233,1894,0.4329044117647059,233
2086,27,amr475,clean,0.05,0.3851306758183738,0.4354166666666667,233,1894,0.4354166666666667,233
2086,27,amr122_g711u,clean,0.0,0.28072201689545934,0.3338068181818182,233,1894,0.3338068181818182,233
2086,27,amr122_g711u,clean,0.01,0.28289994720168954,0.3366477272727273,233,1894,0.3366477272727273,233
2086,27,amr122_g711u,clean,0.05,0.29936642027455124,0.36177884615384615,233,1894,0.36177884615384615,233
2086,27,g711u,white20,0.0,0.028044871794871796,0.04640151515151515,160,1170,0.04640151515151515,160
2086,27,g711u,white20,0.01,0.042895299145299146,0.0984375,160,1170,0.0984375,160
2086,27,g711u,white20,0.05,0.07954059829059829,0.17045454545454544,160,1170,0.17045454545454544,160
2086,27,g711a,white20,0.0,0.029326923076923077,0.04483695652173913,160,1170,0.04483695652173913,160
2086,27,g711a,white20,0.01,0.04001068376068376,0.08984375,160,1170,0.08984375,160
2086,27,g711a,white20,0.05,0.07532051282051282,0.15,160,1170,0.15,160
2086,27,opus16,white20,0.0,0.15870726495726495,0.1903409090909091,160,1170,0.1903409090909091,160
2086,27,opus16,white20,0.01,0.16677350427350426,0.20930232558139536,160,1170,0.20930232558139536,160
2086,27,opus16,white20,0.05,0.19219684030742953,0.24027777777777778,160,1170,0.24027777777777778,160
2086,27,amr122,white20,0.0,0.265491452991453,0.3235294117647059,160,1170,0.3235294117647059,160
2086,27,amr122,white20,0.01,0.26816239316239315,0.3235294117647059,160,1170,0.3235294117647059,160
2086,27,amr122,white20,0.05,0.2829594017094017,0.3430232558139535,160,1170,0.3430232558139535,160
2086,27,amr475,white20,0.0,0.3733974358974359,0.4411764705882353,160,1170,0.4411764705882353,160
2086,27,amr475,white20,0.01,0.37430555555555556,0.4387254901960784,160,1170,0.4387254901960784,160
2086,27,amr475,white20,0.05,0.3815705128205128,0.44025735294117646,160,1170,0.44025735294117646,160
2086,27,amr122_g711u,white20,0.0,0.26639957264957265,0.3216145833333333,160,1170,0.3216145833333333,160
2086,27,amr122_g711u,white20,0.01,0.2689102564102564,0.3255208333333333,160,1170,0.3255208333333333,160
2086,27,amr122_g711u,white20,0.05,0.285333048676345,0.36270491803278687,160,1170,0.36270491803278687,160
2086,27,g711u,babble10,0.0,0.04064839277851167,0.08083333333333333,283,2271,0.08083333333333333,283
2086,27,g711u,babble10,0.01,0.049482606781153675,0.10185185185185185,283,2271,0.10185185185185185,283
2086,27,g711u,babble10,0.05,0.08674592690444738,0.1536144578313253,283,2271,0.1536144578313253,283
2086,27,g711a,babble10,0.0,0.038749449581682076,0.07583333333333334,283,2271,0.07583333333333334,283
2086,27,g711a,babble10,0.01,0.04821664464993395,0.08915441176470588,283,2271,0.08915441176470588,283
2086,27,g711a,babble10,0.05,0.07898502862175254,0.15900735294117646,283,2271,0.15900735294117646,283
2086,27,opus16,babble10,0.0,0.1540070453544694,0.1814903846153846,283,2271,0.1814903846153846,283
2086,27,opus16,babble10,0.01,0.15959379128137385,0.1892123287671233,283,2271,0.1892123287671233,283
2086,27,opus16,babble10,0.05,0.18163804491413474,0.24675324675324675,283,2271,0.24675324675324675,283
2086,27,amr122,babble10,0.0,0.24818361955085866,0.3048469387755102,283,2271,0.3048469387755102,283
2086,27,amr122,babble10,0.01,0.25324746807573756,0.3090277777777778,283,2271,0.3090277777777778,283
2086,27,amr122,babble10,0.05,0.2671180096873624,0.3389423076923077,283,2271,0.3389423076923077,283
2086,27,amr475,babble10,0.0,0.3508578970523537,0.3888888888888889,283,2271,0.3888888888888889,283
2086,27,amr475,babble10,0.01,0.35303013638363395,0.3914930555555556,283,2271,0.3914930555555556,283
2086,27,amr475,babble10,0.05,0.36118450022016735,0.4107142857142857,283,2271,0.4107142857142857,283
2086,27,amr122_g711u,babble10,0.0,0.2508256274768824,0.3107638888888889,283,2271,0.3107638888888889,283
2086,27,amr122_g711u,babble10,0.01,0.25407309555262,0.3239795918367347,283,2271,0.3239795918367347,283
2086,27,amr122_g711u,babble10,0.05,0.2704755614266843,0.34615384615384615,283,2271,0.34615384615384615,283
2086,28,g711u,clean,0.0,0.05268418046830382,0.09226190476190477,226,1751,0.09226190476190477,226
2086,28,g711u,clean,0.01,0.06075099942889777,0.09226190476190477,226,1751,0.09226190476190477,226
2086,28,g711u,clean,0.05,0.09712307252998287,0.15504807692307693,226,1751,0.15504807692307693,226
2086,28,g711a,clean,0.0,0.055825242718446605,0.08035714285714286,226,1751,0.08035714285714286,226
2086,28,g711a,clean,0.01,0.06642632781267847,0.12167553191489362,226,1751,0.12167553191489362,226
2086,28,g711a,clean,0.05,0.0940890919474586,0.18531976744186046,226,1751,0.18531976744186046,226
2086,28,opus16,clean,0.0,0.15608937749857224,0.18638392857142858,226,1751,0.18638392857142858,226
2086,28,opus16,clean,0.01,0.1631567675613935,0.20089285714285715,226,1751,0.20089285714285715,226
2086,28,opus16,clean,0.05,0.18764277555682468,0.2530487804878049,226,1751,0.2530487804878049,226
2086,28,amr122,clean,0.0,0.2520345516847516,0.3039772727272727,226,1751,0.3039772727272727,226
2086,28,amr122,clean,0.01,0.2556753283837807,0.3073770491803279,226,1751,0.3073770491803279,226
2086,28,amr122,clean,0.05,0.268489434608795,0.33482142857142855,226,1751,0.33482142857142855,226
2086,28,amr475,clean,0.0,0.3573315248429469,0.40384615384615385,226,1751,0.40384615384615385,226
2086,28,amr475,clean,0.01,0.3605796687607082,0.4119318181818182,226,1751,0.4119318181818182,226
2086,28,amr475,clean,0.05,0.36907481439177614,0.42346938775510207,226,1751,0.42346938775510207,226
2086,28,amr122_g711u,clean,0.0,0.255532552826956,0.3125,226,1751,0.3125,226
2086,28,amr122_g711u,clean,0.01,0.25999428897772703,0.3153409090909091,226,1751,0.3153409090909091,226
2086,28,amr122_g711u,clean,0.05,0.2830168475157053,0.3350409836065574,226,1751,0.3350409836065574,226
2086,28,g711u,white20,0.0,0.02557142857142857,0.0421875,81,875,0.0421875,81
2086,28,g711u,white20,0.01,0.032785714285714286,0.06380208333333333,81,875,0.06380208333333333,81
2086,28,g711u,white20,0.05,0.05964285714285714,0.10326086956521739,81,875,0.10326086956521739,81
2086,28,g711a,white20,0.0,0.0235,0.04375,81,875,0.04375,81
2086,28,g711a,white20,0.01,0.03214285714285714,0.06793478260869565,81,875,0.06793478260869565,81
2086,28,g711a,white20,0.05,0.062142857142857146,0.125,81,875,0.125,81
2086,28,opus16,white20,0.0,0.14742857142857144,0.1734375,81,875,0.1734375,81
2086,28,opus16,white20,0.01,0.15664285714285714,0.1953125,81,875,0.1953125,81
2086,28,opus16,white20,0.05,0.17485714285714285,0.2515625,81,875,0.2515625,81
2086,28,amr122,white20,0.0,0.2317857142857143,0.31547619047619047,81,875,0.31547619047619047,81
2086,28,amr122,white20,0.01,0.23614285714285715,0.31398809523809523,81,875,0.31398809523809523,81
2086,28,amr122,white20,0.05,0.25064285714285717,0.324468085106383,81,875,0.324468085106383,81
2086,28,amr475,white20,0.0,0.3480714285714286,0.37652439024390244,81,875,0.37652439024390244,81
2086,28,amr475,white20,0.01,0.3512857142857143,0.3780487804878049,81,875,0.3780487804878049,81
2086,28,amr475,white20,0.05,0.3593571428571429,0.4024390243902439,81,875,0.4024390243902439,81
2086,28,amr122_g711u,white20,0.0,0.2325,0.3053977272727273,81,875,0.3053977272727273,81
2086,28,amr122_g711u,white20,0.01,0.23885714285714285,0.32954545454545453,81,875,0.32954545454545453,81
2086,28,amr122_g711u,white20,0.05,0.248,0.33035714285714285,81,875,0.33035714285714285,81
2086,28,g711u,babble10,0.0,0.04143462469733656,0.06640625,267,2065,0.06640625,267
2086,28,g711u,babble10,0.01,0.050090799031477,0.09375,267,2065,0.09375,267
2086,28,g711u,babble10,0.05,0.08940677966101696,0.17255434782608695,267,2065,0.17255434782608695,267
2086,28,g711a,babble10,0.0,0.03895278450363196,0.0640625,267,2065,0.0640625,267
2086,28,g711a,babble10,0.01,0.051876513317191286,0.08806818181818182,267,2065,0.08806818181818182,267
2086,28,g711a,babble10,0.05,0.07454600484261502,0.13151041666666666,267,2065,0.13151041666666666,267
2086,28,opus16,babble10,0.0,0.16141041162227604,0.20579268292682926,267,2065,0.20579268292682926,267
2086,28,opus16,babble10,0.01,0.16885593220338982,0.2107843137254902,267,2065,0.2107843137254902,267
2086,28,opus16,babble10,0.05,0.19222154963680388,0.25,267,2065,0.25,267
2086,28,amr122,babble10,0.0,0.250181598062954,0.3059210526315789,267,2065,0.3059210526315789,267
2086,28,amr122,babble10,0.01,0.25342009685230027,0.3059210526315789,267,2065,0.3059210526315789,267
2086,28,amr122,babble10,0.05,0.2661622276029056,0.328804347826087,267,2065,0.328804347826087,267
2086,28,amr475,babble10,0.0,0.35311743341404356,0.4105392156862745,267,2065,0.4105392156862745,267
2086,28,amr475,babble10,0.01,0.3546307506053269,0.41544117647058826,267,2065,0.41544117647058826,267
2086,28,amr475,babble10,0.05,0.36674128751210067,0.416015625,267,2065,0.416015625,267
2086,28,amr122_g711u,babble10,0.0,0.25254237288135595,0.3092105263157895,267,2065,0.3092105263157895,267
2086,28,amr122_g711u,babble10,0.01,0.25614406779661014,0.31332236842105265,267,2065,0.31332236842105265,267
2086,28,amr122_g711u,babble10,0.05,0.27230629539951573,0.3379934210526316,267,2065,0.3379934210526316,267
2086,29,g711u,clean,0.0,0.05811678146524734,0.08854166666666667,197,1597,0.08854166666666667,197
2086,29,g711u,clean,0.01,0.06946618659987476,0.11525974025974026,197,1597,0.11525974025974026,197
2086,29,g711u,clean,0.05,0.09193018159048215,0.14982876712328766,197,1597,0.14982876712328766,197
2086,29,g711a,clean,0.0,0.05764715090795241,0.09375,197,1597,0.09375,197
2086,29,g711a,clean,0.01,0.06754852849092048,0.1293402777777778,197,1597,0.1293402777777778,197
2086,29,g711a,clean,0.05,0.10543206011271133,0.16189759036144577,197,1597,0.16189759036144577,197
2086,29,opus16,clean,0.0,0.16190513462742642,0.19328703703703703,197,1597,0.19328703703703703,197
2086,29,opus16,clean,0.01,0.16671884783969942,0.1980421686746988,197,1597,0.1980421686746988,197
2086,29,opus16,clean,0.05,0.19094395742016282,0.2320205479452055,197,1597,0.2320205479452055,197
2086,29,amr122,clean,0.0,0.2529351909830933,0.2903481012658228,197,1597,0.2903481012658228,197
2086,29,amr122,clean,0.01,0.25457889793362554,0.2903481012658228,197,1597,0.2903481012658228,197
2086,29,amr122,clean,0.05,0.2716812773951158,0.3125,197,1597,0.3125,197
2086,29,amr475,clean,0.0,0.3623591108328115,0.4184027777777778,197,1597,0.4184027777777778,197
2086,29,amr475,clean,0.01,0.3653334376956794,0.4184027777777778,197,1597,0.4184027777777778,197
2086,29,amr475,clean,0.05,0.372221352536005,0.4237012987012987,197,1597,0.4237012987012987,197
2086,29,amr122_g711u,clean,0.0,0.26095804633688163,0.3056506849315068,197,1597,0.3056506849315068,197
2086,29,amr122_g711u,clean,0.01,0.2625626174076393,0.3099315068493151,197,1597,0.3099315068493151,197
2086,29,amr122_g711u,clean,0.05,0.282130557294928,0.32558139534883723,197,1597,0.32558139534883723,197
2086,29,g711u,white20,0.0,0.026442307692307692,0.046875,92,832,0.046875,92
2086,29,g711u,white20,0.01,0.04244290865384615,0.10733695652173914,92,832,0.10733695652173914,92
2086,29,g711u,white20,0.05,0.07143930288461539,0.1546875,92,832,0.1546875,92
2086,29,g711a,white20,0.0,0.02696814903846154,0.04017857142857143,92,832,0.04017857142857143,92
2086,29,g711a,white20,0.01,0.03297776442307692,0.05803571428571429,92,832,0.05803571428571429,92
2086,29,g711a,white20,0.05,0.061147836538461536,0.1613372093023256,92,832,0.1613372093023256,92
2086,29,opus16,white20,0.0,0.15114182692307693,0.18098958333333334,92,832,0.18098958333333334,92
2086,29,opus16,white20,0.01,0.15955528846153846,0.19021739130434784,92,832,0.19021739130434784,92
2086,29,opus16,white20,0.05,0.17864645858343337,0.23295454545454544,94,832,0.23295454545454544,92
2086,29,amr122,white20,0.0,0.23768028846153846,0.2708333333333333,92,832,0.2708333333333333,92
2086,29,amr122,white20,0.01,0.2400841346153846,0.2708333333333333,92,832,0.2708333333333333,92
2086,29,amr122,white20,0.05,0.25638521634615385,0.30859375,92,832,0.30859375,92
2086,29,amr475,white20,0.0,0.33315805288461536,0.37092391304347827,92,832,0.37092391304347827,92
2086,29,amr475,white20,0.01,0.3361628605769231,0.37092391304347827,92,832,0.37092391304347827,92
2086,29,amr475,white20,0.05,0.34127103365384615,0.3869047619047619,92,832,0.3869047619047619,92
2086,29,amr122_g711u,white20,0.0,0.240234375,0.2682926829268293,92,832,0.2682926829268293,92
2086,29,amr122_g711u,white20,0.01,0.24451622596153846,0.2791666666666667,92,832,0.2791666666666667,92
2086,29,amr122_g711u,white20,0.05,0.26509915865384615,0.32421875,92,832,0.32421875,92
2086,29,g711u,babble10,0.0,0.04558423913043478,0.08181818181818182,269,1840,0.08181818181818182,269
2086,29,g711u,babble10,0.01,0.05173233695652174,0.12727272727272726,269,1840,0.12727272727272726,269
2086,29,g711u,babble10,0.05,0.08882472826086957,0.15125,269,1840,0.15125,269
2086,29,g711a,babble10,0.0,0.044021739130434785,0.07386363636363637,269,1840,0.07386363636363637,269
2086,29,g711a,babble10,0.01,0.05577445652173913,0.12613636363636363,269,1840,0.12613636363636363,269
2086,29,g711a,babble10,0.05,0.08512228260869566,0.1400862068965517,269,1840,0.1400862068965517,269
2086,29,opus16,babble10,0.0,0.15922053231939162,0.21646341463414634,269,1840,0.21646341463414634,269
2086,29,opus16,babble10,0.01,0.1648560564910375,0.21646341463414634,269,1840,0.21646341463414634,269
2086,29,opus16,babble10,0.05,0.18760184682237915,0.24107142857142858,269,1840,0.24107142857142858,269
2086,29,amr122,babble10,0.0,0.24279891304347825,0.3048469387755102,269,1840,0.3048469387755102,269
2086,29,amr122,babble10,0.01,0.2470108695652174,0.3048469387755102,269,1840,0.3048469387755102,269
2086,29,amr122,babble10,0.05,0.26345108695652175,0.34183673469387754,269,1840,0.34183673469387754,269
2086,29,amr475,babble10,0.0,0.3450040672451193,0.40482954545454547,269,1840,0.40482954545454547,269
2086,29,amr475,babble10,0.01,0.3462242407809111,0.40482954545454547,269,1840,0.40482954545454547,269
2086,29,amr475,babble10,0.05,0.35834915897992403,0.421875,269,1840,0.421875,269
2086,29,amr122_g711u,babble10,0.0,0.2457540760869565,0.30859375,269,1840,0.30859375,269
2086,29,amr122_g711u,babble10,0.01,0.24955842391304348,0.30859375,269,1840,0.30859375,269
2086,29,amr122_g711u,babble10,0.05,0.2647078804347826,0.3392857142857143,269,1840,0.3392857142857143,269
2277,30,g711u,clean,0.0,0.05319963257807716,0.08636363636363636,211,1633,0.08636363636363636,211
2277,30,g711u,clean,0.01,0.06257654623392529,0.10670731707317073,211,1633,0.10670731707317073,211
2277,30,g711u,clean,0.05,0.09426668707899571,0.16700819672131148,211,1633,0.16700819672131148,211
2277,30,g711a,clean,0.0,0.05285517452541335,0.08430232558139535,211,1633,0.08430232558139535,211
2277,30,g711a,clean,0.01,0.06066289038579302,0.10775862068965517,211,1633,0.10775862068965517,211
2277,30,g711a,clean,0.05,0.0944197795468463,0.13365384615384615,211,1633,0.13365384615384615,211
2277,30,opus16,clean,0.0,0.15167636252296388,0.17421875,211,1633,0.17421875,211
2277,30,opus16,clean,0.01,0.15711114513165952,0.19293478260869565,211,1633,0.19293478260869565,211
2277,30,opus16,clean,0.05,0.1829454990814452,0.23780487804878048,211,1633,0.23780487804878048,211
2277,30,amr122,clean,0.0,0.23530312308634416,0.28013392857142855,211,1633,0.28013392857142855,211
2277,30,amr122,clean,0.01,0.23924525413349662,0.28532608695652173,211,1633,0.28532608695652173,211
2277,30,amr122,clean,0.05,0.2561236987140233,0.30245535714285715,211,1633,0.30245535714285715,211
2277,30,amr475,clean,0.0,0.34197030006123696,0.3953804347826087,211,1633,0.3953804347826087,211
2277,30,amr475,clean,0.01,0.34522351500306186,0.39609375,211,1633,0.39609375,211
2277,30,amr475,clean,0.05,0.35517452541334965,0.4244791666666667,211,1633,0.4244791666666667,211
2277,30,amr122_g711u,clean,0.0,0.24035517452541336,0.28396739130434784,211,1633,0.28396739130434784,211
2277,30,amr122_g711u,clean,0.01,0.24632578077158604,0.2890625,211,1633,0.2890625,211
2277,30,amr122_g711u,clean,0.05,0.26427587262706675,0.31994047619047616,211,1633,0.31994047619047616,211
2277,30,g711u,white20,0.0,0.02372735116479724,0.03676470588235294,180,1159,0.03676470588235294,180
2277,30,g711u,white20,0.01,0.033164365832614326,0.0625,180,1159,0.0625,180
2277,30,g711u,white20,0.05,0.07134383088869715,0.14453125,180,1159,0.14453125,180
2277,30,g711a,white20,0.0,0.023295944779982744,0.03799019607843137,180,1159,0.03799019607843137,180
2277,30,g711a,white20,0.01,0.02971311475409836,0.05482456140350877,180,1159,0.05482456140350877,180
2277,30,g711a,white20,0.05,0.06859361518550475,0.13453389830508475,180,1159,0.13453389830508475,180
2277,30,opus16,white20,0.0,0.15271786022433131,0.18895348837209303,180,1159,0.18895348837209303,180
2277,30,opus16,white20,0.01,0.1567622950819672,0.2027439024390244,180,1159,0.2027439024390244,180
2277,30,opus16,white20,0.05,0.18372519413287317,0.24387254901960784,180,1159,0.24387254901960784,180
2277,30,amr122,white20,0.0,0.23468507333908542,0.2865853658536585,180,1159,0.2865853658536585,180
2277,30,amr122,white20,0.01,0.2385677308024159,0.29115853658536583,180,1159,0.29115853658536583,180
2277,30,amr122,white20,0.05,0.259167385677308,0.31117021276595747,180,1159,0.31117021276595747,180
2277,30,amr475,white20,0.0,0.3327761000862813,0.376453488372093,180,1159,0.376453488372093,180
2277,30,amr475,white20,0.01,0.33477135461604834,0.3938679245283019,180,1159,0.3938679245283019,180
2277,30,amr475,white20,0.05,0.34410051768766176,0.38341346153846156,180,1159,0.38341346153846156,180
2277,30,amr122_g711u,white20,0.0,0.23484685073339084,0.2820121951219512,180,1159,0.2820121951219512,180
2277,30,amr122_g711u,white20,0.01,0.23824417601380501,0.28810975609756095,180,1159,0.28810975609756095,180
2277,30,amr122_g711u,white20,0.05,0.2635353753235548,0.35365853658536583,180,1159,0.35365853658536583,180
2277,30,g711u,babble10,0.0,0.037835120643431634,0.06914893617021277,252,1865,0.06914893617021277,252
2277,30,g711u,babble10,0.01,0.05117292225201072,0.12916666666666668,252,1865,0.12916666666666668,252
2277,30,g711u,babble10,0.05,0.08572386058981234,0.16569767441860464,252,1865,0.16569767441860464,252
2277,30,g711a,babble10,0.0,0.035288203753351205,0.07386363636363637,252,1865,0.07386363636363637,252
2277,30,g711a,babble10,0.01,0.047419571045576404,0.10865384615384616,252,1865,0.10865384615384616,252
2277,30,g711a,babble10,0.05,0.07630697050938338,0.16485507246376813,252,1865,0.16485507246376813,252
2277,30,opus16,babble10,0.0,0.1592828418230563,0.19467213114754098,252,1865,0.19467213114754098,252
2277,30,opus16,babble10,0.01,0.16400804289544235,0.20454545454545456,252,1865,0.20454545454545456,252
2277,30,opus16,babble10,0.05,0.19276139410187668,0.24671052631578946,252,1865,0.24671052631578946,252
2277,30,amr122,babble10,0.0,0.24242627345844503,0.3053385416666667,252,1865,0.3053385416666667,252
2277,30,amr122,babble10,0.01,0.24547587131367293,0.3053385416666667,252,1865,0.3053385416666667,252
2277,30,amr122,babble10,0.05,0.26142761394101877,0.3307291666666667,252,1865,0.3307291666666667,252
2277,30,amr475,babble10,0.0,0.35097184986595176,0.4242021276595745,252,1865,0.4242021276595745,252
2277,30,amr475,babble10,0.01,0.3544235924932976,0.4242021276595745,252,1865,0.4242021276595745,252
2277,30,amr475,babble10,0.05,0.36032171581769434,0.43617021276595747,252,1865,0.43617021276595747,252
2277,30,amr122_g711u,babble10,0.0,0.24296246648793565,0.3079427083333333,252,1865,0.3079427083333333,252
2277,30,amr122_g711u,babble10,0.01,0.24664879356568364,0.3079427083333333,252,1865,0.3079427083333333,252
2277,30,amr122_g711u,babble10,0.05,0.2631032171581769,0.322265625,252,1865,0.322265625,252
2277,31,g711u,clean,0.0,0.04845830920671685,0.07848837209302326,217,1727,0.07848837209302326,217
2277,31,g711u,clean,0.01,0.05663723219455703,0.08575581395348837,217,1727,0.08575581395348837,217
2277,31,g711u,clean,0.05,0.08493775332947308,0.13900862068965517,217,1727,0.13900862068965517,217
2277,31,g711a,clean,0.0,0.04936305732484077,0.09566326530612244,217,1727,0.09566326530612244,217
2277,31,g711a,clean,0.01,0.05844672843080487,0.11280487804878049,217,1727,0.11280487804878049,217
2277,31,g711a,clean,0.05,0.09720613781123336,0.1875,217,1727,0.1875,217
2277,31,opus16,clean,0.0,0.15565286624203822,0.1875,217,1727,0.1875,217
2277,31,opus16,clean,0.01,0.16046612623045745,0.20579268292682926,217,1727,0.20579268292682926,217
2277,31,opus16,clean,0.05,0.18145628257093224,0.24273255813953487,217,1727,0.24273255813953487,217
2277,31,amr122,clean,0.0,0.2399030110017371,0.2817028985507246,217,1727,0.2817028985507246,217
2277,31,amr122,clean,0.01,0.2420020266357846,0.2817028985507246,217,1727,0.2817028985507246,217
2277,31,amr122,clean,0.05,0.2685292414591778,0.3405612244897959,217,1727,0.3405612244897959,217
2277,31,amr475,clean,0.0,0.33700838635049163,0.4074074074074074,217,1727,0.4074074074074074,217
2277,31,amr475,clean,0.01,0.3392134181607866,0.4097222222222222,217,1727,0.4097222222222222,217
2277,31,amr475,clean,0.05,0.34886495083863506,0.4085648148148148,217,1727,0.4085648148148148,217
2277,31,amr122_g711u,clean,0.0,0.24384771279675738,0.28422619047619047,217,1727,0.28422619047619047,217
2277,31,amr122_g711u,clean,0.01,0.247502895193978,0.3002450980392157,217,1727,0.3002450980392157,217
2277,31,amr122_g711u,clean,0.05,0.26968731905037635,0.32916666666666666,217,1727,0.32916666666666666,217
2277,31,g711u,white20,0.0,0.02295353982300885,0.0421875,149,1130,0.0421875,149
2277,31,g711u,white20,0.01,0.03644911504424779,0.07472826086956522,149,1130,0.07472826086956522,149
2277,31,g711u,white20,0.05,0.07029867256637168,0.1265625,149,1130,0.1265625,149
2277,31,g711a,white20,0.0,0.021238938053097345,0.03125,149,1130,0.03125,149
2277,31,g711a,white20,0.01,0.032466814159292035,0.0625,149,1130,0.0625,149
2277,31,g711a,white20,0.05,0.06631637168141592,0.146875,149,1130,0.146875,149
2277,31,opus16,white20,0.0,0.15857300884955752,0.18880208333333334,149,1130,0.18880208333333334,149
2277,31,opus16,white20,0.01,0.16769911504424778,0.2113095238095238,149,1130,0.2113095238095238,149
2277,31,opus16,white20,0.05,0.19065265486725663,0.22470238095238096,149,1130,0.22470238095238096,149
2277,31,amr122,white20,0.0,0.23943584070796461,0.28058510638297873,149,1130,0.28058510638297873,149
2277,31,amr122,white20,0.01,0.24314159292035398,0.3045212765957447,149,1130,0.3045212765957447,149
2277,31,amr122,white20,0.05,0.2635508849557522,0.31004901960784315,149,1130,0.31004901960784315,149
2277,31,amr475,white20,0.0,0.3438053097345133,0.3896276595744681,149,1130,0.3896276595744681,149
2277,31,amr475,white20,0.01,0.3458517699115044,0.39893617021276595,149,1130,0.39893617021276595,149
2277,31,amr475,white20,0.05,0.3570796460176991,0.4002659574468085,149,1130,0.4002659574468085,149
2277,31,amr122_g711u,white20,0.0,0.2396570796460177,0.2859042553191489,149,1130,0.2859042553191489,149
2277,31,amr122_g711u,white20,0.01,0.24308628318584072,0.29282407407407407,149,1130,0.29282407407407407,149
2277,31,amr122_g711u,white20,0.05,0.2672566371681416,0.31495098039215685,149,1130,0.31495098039215685,149
2277,31,g711u,babble10,0.0,0.04376191611058151,0.08152173913043478,287,2098,0.08152173913043478,287
2277,31,g711u,babble10,0.01,0.055082221163012396,0.13151041666666666,287,2098,0.13151041666666666,287
2277,31,g711u,babble10,0.05,0.08829837940896092,0.1629746835443038,287,2098,0.1629746835443038,287
2277,31,g711a,babble10,0.0,0.040574356530028596,0.07954545454545454,287,2098,0.07954545454545454,287
2277,31,g711a,babble10,0.01,0.05216277407054337,0.09574468085106383,287,2098,0.09574468085106383,287
2277,31,g711a,babble10,0.05,0.08645138226882745,0.15066964285714285,287,2098,0.15066964285714285,287
2277,31,opus16,babble10,0.0,0.15976525262154434,0.19423076923076923,287,2098,0.19423076923076923,287
2277,31,opus16,babble10,0.01,0.16572330791229742,0.2106164383561644,287,2098,0.2106164383561644,287
2277,31,opus16,babble10,0.05,0.18624880838894184,0.25930851063829785,287,2098,0.25930851063829785,287
2277,31,amr122,babble10,0.0,0.24734992853739876,0.29536290322580644,287,2098,0.29536290322580644,287
2277,31,amr122,babble10,0.01,0.252501191043354,0.29536290322580644,287,2098,0.29536290322580644,287
2277,31,amr122,babble10,0.05,0.26875893282515484,0.31451612903225806,287,2098,0.31451612903225806,287
2277,31,amr475,babble10,0.0,0.34813361864003806,0.3897058823529412,288,2098,0.3897058823529412,287
2277,31,amr475,babble10,0.01,0.35073739295908657,0.3964285714285714,287,2098,0.3964285714285714,287
2277,31,amr475,babble10,0.05,0.3592486923442701,0.40307971014492755,288,2098,0.40307971014492755,287
2277,31,amr122_g711u,babble10,0.0,0.25142993326978075,0.3034274193548387,287,2098,0.3034274193548387,287
2277,31,amr122_g711u,babble10,0.01,0.2544983317445186,0.30434782608695654,287,2098,0.30434782608695654,287
2277,31,amr122_g711u,babble10,0.05,0.2768112488083889,0.3484042553191489,287,2098,0.3484042553191489,287
2277,32,g711u,clean,0.0,0.0509581881533101,0.08967391304347826,213,1722,0.08967391304347826,213
2277,32,g711u,clean,0.01,0.05890679442508711,0.11413043478260869,213,1722,0.11413043478260869,213
2277,32,g711u,clean,0.05,0.09563734030197445,0.16745283018867924,213,1722,0.16745283018867924,213
2277,32,g711a,clean,0.0,0.054841753774680604,0.10190217391304347,213,1722,0.10190217391304347,213
2277,32,g711a,clean,0.01,0.061374854819976774,0.11956521739130435,213,1722,0.11956521739130435,213
2277,32,g711a,clean,0.05,0.09262485481997677,0.13858695652173914,213,1722,0.13858695652173914,213
2277,32,opus16,clean,0.0,0.156431475029036,0.19547872340425532,213,1722,0.19547872340425532,213
2277,32,opus16,clean,0.01,0.16194831591173053,0.19852941176470587,213,1722,0.19852941176470587,213
2277,32,opus16,clean,0.05,0.18434233449477352,0.23897058823529413,213,1722,0.23897058823529413,213
2277,32,amr122,clean,0.0,0.2384218931475029,0.2916666666666667,213,1722,0.2916666666666667,213
2277,32,amr122,clean,0.01,0.242232868757259,0.2916666666666667,213,1722,0.2916666666666667,213
2277,32,amr122,clean,0.05,0.26077961672473865,0.3033854166666667,213,1722,0.3033854166666667,213
2277,32,amr475,clean,0.0,0.3354021486643438,0.3963068181818182,213,1722,0.3963068181818182,213
2277,32,amr475,clean,0.01,0.33877758420441345,0.3963068181818182,213,1722,0.3963068181818182,213
2277,32,amr475,clean,0.05,0.3479602206736353,0.4044811320754717,213,1722,0.4044811320754717,213
2277,32,amr122_g711u,clean,0.0,0.23893002322880372,0.28191489361702127,213,1722,0.28191489361702127,213
2277,32,amr122_g711u,clean,0.01,0.24321283391405343,0.28191489361702127,213,1722,0.28191489361702127,213
2277,32,amr122_g711u,clean,0.05,0.2604166666666667,0.3178191489361702,213,1722,0.3178191489361702,213
2277,32,g711u,white20,0.0,0.02513169446883231,0.04483695652173913,160,1139,0.04483695652173913,160
2277,32,g711u,white20,0.01,0.03802677787532924,0.08072916666666667,160,1139,0.08072916666666667,160
2277,32,g711u,white20,0.05,0.06579236172080773,0.14338235294117646,160,1139,0.14338235294117646,160
2277,32,g711a,white20,0.0,0.02233318700614574,0.03409090909090909,160,1139,0.03409090909090909,160
2277,32,g711a,white20,0.01,0.031387181738366986,0.06038135593220339,160,1139,0.06038135593220339,160
2277,32,g711a,white20,0.05,0.0744073748902546,0.17257462686567165,160,1139,0.17257462686567165,160
2277,32,opus16,white20,0.0,0.15435689201053557,0.19791666666666666,160,1139,0.19791666666666666,160
2277,32,opus16,white20,0.01,0.15896619841966636,0.19791666666666666,160,1139,0.19791666666666666,160
2277,32,opus16,white20,0.05,0.1874451273046532,0.2665094339622642,160,1139,0.2665094339622642,160
2277,32,amr122,white20,0.0,0.2358428446005268,0.2907608695652174,160,1139,0.2907608695652174,160
2277,32,amr122,white20,0.01,0.23869622475856014,0.2907608695652174,160,1139,0.2907608695652174,160
2277,32,amr122,white20,0.05,0.26141352063213347,0.33608490566037735,160,1139,0.33608490566037735,160
2277,32,amr475,white20,0.0,0.3286042944785276,0.37028301886792453,160,1139,0.37028301886792453,160
2277,32,amr475,white20,0.01,0.33095968448729185,0.37073863636363635,160,1139,0.36910377358490565,160
2277,32,amr475,white20,0.05,0.3409290096406661,0.3849431818181818,160,1139,0.3829787234042553,160
2277,32,amr122_g711u,white20,0.0,0.23414179104477612,0.28532608695652173,160,1139,0.28532608695652173,160
2277,32,amr122_g711u,white20,0.01,0.24061676909569799,0.284375,160,1139,0.284375,160
2277,32,amr122_g711u,white20,0.05,0.25438981562774365,0.3138586956521739,160,1139,0.3138586956521739,160
2277,32,g711u,babble10,0.0,0.030235642946317105,0.059895833333333336,201,1602,0.059895833333333336,201
2277,32,g711u,babble10,0.01,0.03831148564294632,0.08220108695652174,201,1602,0.08220108695652174,201
2277,32,g711u,babble10,0.05,0.06800093632958802,0.1328125,201,1602,0.1328125,201
2277,32,g711a,babble10,0.0,0.028284956304619226,0.0546875,201,1602,0.0546875,201
2277,32,g711a,babble10,0.01,0.03718008739076155,0.06666666666666667,201,1602,0.06666666666666667,201
2277,32,g711a,babble10,0.05,0.06913233458177279,0.1375,201,1602,0.1375,201
2277,32,opus16,babble10,0.0,0.15500156054931336,0.19956140350877194,201,1602,0.19956140350877194,201
2277,32,opus16,babble10,0.01,0.16151685393258428,0.20614035087719298,201,1602,0.20614035087719298,201
2277,32,opus16,babble10,0.05,0.18028245942571786,0.23671875,201,1602,0.23671875,201
2277,32,amr122,babble10,0.0,0.23220973782771537,0.27933673469387754,201,1602,0.27933673469387754,201
2277,32,amr122,babble10,0.01,0.23490168539325842,0.27933673469387754,201,1602,0.27933673469387754,201
2277,32,amr122,babble10,0.05,0.2528480024968789,0.30120481927710846,201,1602,0.30120481927710846,201
2277,32,amr475,babble10,0.0,0.33590823970037453,0.39375,201,1602,0.39375,201
2277,32,amr475,babble10,0.01,0.33902933832709115,0.39375,201,1602,0.39375,201
2277,32,amr475,babble10,0.05,0.347417290886392,0.40625,201,1602,0.40625,201
2277,32,amr122_g711u,babble10,0.0,0.23443352059925093,0.2848101265822785,201,1602,0.2848101265822785,201
2277,32,amr122_g711u,babble10,0.01,0.23825686641697877,0.28718354430379744,201,1602,0.28718354430379744,201
2277,32,amr122_g711u,babble10,0.05,0.25565699126092384,0.3025568181818182,201,1602,0.3025568181818182,201
2412,33,g711u,clean,0.0,0.04712858926342072,0.08418367346938775,214,1602,0.08418367346938775,214
2412,33,g711u,clean,0.01,0.05458021223470662,0.10267857142857142,214,1602,0.10267857142857142,214
2412,33,g711u,clean,0.05,0.08801498127340825,0.1357142857142857,214,1602,0.1357142857142857,214
2412,33,g711a,clean,0.0,0.05145911360799001,0.11569148936170212,214,1602,0.11569148936170212,214
2412,33,g711a,clean,0.01,0.059886079900124844,0.12367021276595745,214,1602,0.12367021276595745,214
2412,33,g711a,clean,0.05,0.0986267166042447,0.1865530303030303,214,1602,0.1865530303030303,214
2412,33,opus16,clean,0.0,0.1449625701809108,0.1953125,215,1602,0.1953125,214
2412,33,opus16,clean,0.01,0.15198066126013723,0.20758928571428573,215,1602,0.20758928571428573,214
2412,33,opus16,clean,0.05,0.17272301933873987,0.23148148148148148,215,1602,0.23148148148148148,214
2412,33,amr122,clean,0.0,0.22157673112913287,0.27933673469387754,215,1602,0.27933673469387754,214
2412,33,amr122,clean,0.01,0.22719120399251402,0.2857142857142857,215,1602,0.2857142857142857,214
2412,33,amr122,clean,0.05,0.24255766832917705,0.2994791666666667,215,1602,0.2994791666666667,214
2412,33,amr475,clean,0.0,0.30848409232688706,0.4441489361702128,215,1602,0.4441489361702128,214
2412,33,amr475,clean,0.01,0.3101996257018091,0.4441489361702128,215,1602,0.4441489361702128,214
2412,33,amr475,clean,0.05,0.32618527760449156,0.4454787234042553,215,1602,0.4454787234042553,214
2412,33,amr122_g711u,clean,0.0,0.2260215221459763,0.29464285714285715,215,1602,0.29464285714285715,214
2412,33,amr122_g711u,clean,0.01,0.2278150343106675,0.29464285714285715,215,1602,0.29464285714285715,214
2412,33,amr122_g711u,clean,0.05,0.24333697007481297,0.3163265306122449,215,1602,0.3163265306122449,214
2412,33,g711u,white20,0.0,0.02230728616684266,0.03125,129,947,0.03125,129
2412,33,g711u,white20,0.01,0.03134899683210137,0.09042553191489362,129,947,0.09042553191489362,129
2412,33,g711u,white20,0.05,0.07583157338965153,0.1763888888888889,129,947,0.1763888888888889,129
2412,33,g711a,white20,0.0,0.020393347412882786,0.03024193548387097,129,947,0.03024193548387097,129
2412,33,g711a,white20,0.01,0.02666314677930306,0.06686046511627906,129,947,0.06686046511627906,129
2412,33,g711a,white20,0.05,0.05319429778247096,0.1203125,129,947,0.1203125,129
2412,33,opus16,white20,0.0,0.14552534318901794,0.1875,129,947,0.1875,129
2412,33,opus16,white20,0.01,0.14922122492080253,0.1875,129,947,0.1875,129
2412,33,opus16,white20,0.05,0.1777323125659979,0.22704081632653061,129,947,0.22704081632653061,129
2412,33,amr122,white20,0.0,0.2144271383315734,0.2625,129,947,0.2625,129
2412,33,amr122,white20,0.01,0.21997096092925025,0.2700892857142857,129,947,0.2700892857142857,129
2412,33,amr122,white20,0.05,0.23396251319957762,0.29127358490566035,129,947,0.29127358490566035,129
2412,33,amr475,white20,0.0,0.3078801478352693,0.3762019230769231,129,947,0.3762019230769231,129
2412,33,amr475,white20,0.01,0.31263199577613515,0.375,129,947,0.375,129
2412,33,amr475,white20,0.05,0.32932946145723335,0.390625,129,947,0.390625,129
2412,33,amr122_g711u,white20,0.0,0.21554910242872227,0.26875,129,947,0.26875,129
2412,33,amr122_g711u,white20,0.01,0.21931098204857444,0.275,129,947,0.275,129
2412,33,amr122_g711u,white20,0.05,0.23845036958817317,0.3242924528301887,129,947,0.3242924528301887,129
2412,33,g711u,babble10,0.0,0.04012420847540185,0.0715909090909091,271,2053,0.0715909090909091,271
2412,33,g711u,babble10,0.01,0.046395518753044325,0.08333333333333333,271,2053,0.08333333333333333,271
2412,33,g711u,babble10,0.05,0.08801144666341938,0.14448924731182797,271,2053,0.14448924731182797,271
2412,33,g711a,babble10,0.0,0.03665367754505602,0.06805555555555555,271,2053,0.06805555555555555,271
2412,33,g711a,babble10,0.01,0.046030199707744766,0.10883620689655173,271,2053,0.10883620689655173,271
2412,33,g711a,babble10,0.05,0.0872503653190453,0.15625,271,2053,0.15625,271
2412,33,opus16,babble10,0.0,0.15277102576567816,0.19326923076923078,271,2053,0.18278301886792453,271
2412,33,opus16,babble10,0.01,0.15790754257907544,0.19703389830508475,271,2053,0.19631410256410256,271
2412,33,opus16,babble10,0.05,0.18293795620437955,0.2412974683544304,271,2053,0.2412974683544304,271
2412,33,amr122,babble10,0.0,0.23440539883268482,0.2971153846153846,271,2053,0.2971153846153846,271
2412,33,amr122,babble10,0.01,0.2388740272373541,0.2971153846153846,271,2053,0.2971153846153846,271
2412,33,amr122,babble10,0.05,0.2549246108949416,0.3057795698924731,271,2053,0.3057795698924731,271
2412,33,amr475,babble10,0.0,0.33873119844735566,0.4147727272727273,271,2053,0.4147727272727273,271
2412,33,amr475,babble10,0.01,0.3401261523532266,0.4053030303030303,271,2053,0.4053030303030303,271
2412,33,amr475,babble10,0.05,0.3499514798641436,0.42115384615384616,271,2053,0.42115384615384616,271
2412,33,amr122_g711u,babble10,0.0,0.23844844357976655,0.30480769230769234,271,2053,0.30480769230769234,271
2412,33,amr122_g711u,babble10,0.01,0.24306906614785992,0.30865384615384617,271,2053,0.30865384615384617,271
2412,33,amr122_g711u,babble10,0.05,0.2561405642023346,0.3105769230769231,271,2053,0.3105769230769231,271
2412,34,g711u,clean,0.0,0.048065110565110564,0.0778688524590164,226,1628,0.0778688524590164,226
2412,34,g711u,clean,0.01,0.056626228501228504,0.09698275862068965,226,1628,0.09698275862068965,226
2412,34,g711u,clean,0.05,0.09179207616707617,0.16319444444444445,226,1628,0.16319444444444445,226
2412,34,g711a,clean,0.0,0.04626074938574939,0.06540697674418605,226,1628,0.06540697674418605,226
2412,34,g711a,clean,0.01,0.04971590909090909,0.07479508196721311,226,1628,0.07479508196721311,226
2412,34,g711a,clean,0.05,0.0864173832923833,0.1793478260869565,226,1628,0.1793478260869565,226
2412,34,opus16,clean,0.0,0.14395334561080417,0.18478260869565216,226,1628,0.18478260869565216,226
2412,34,opus16,clean,0.01,0.14832719459791283,0.1853813559322034,226,1628,0.1853813559322034,226
2412,34,opus16,clean,0.05,0.17422498465316144,0.2191358024691358,226,1628,0.2191358024691358,226
2412,34,amr122,clean,0.0,0.21505211526670753,0.27328431372549017,226,1628,0.27328431372549017,226
2412,34,amr122,clean,0.01,0.22110668301655426,0.284375,226,1628,0.284375,226
2412,34,amr122,clean,0.05,0.23996629901960784,0.2895408163265306,226,1628,0.2895408163265306,226
2412,34,amr475,clean,0.0,0.2983267114914425,0.38848039215686275,227,1628,0.38848039215686275,226
2412,34,amr475,clean,0.01,0.3023442272449603,0.43342391304347827,227,1628,0.43342391304347827,226
2412,34,amr475,clean,0.05,0.319762996941896,0.4019607843137255,227,1628,0.4019607843137255,226
2412,34,amr122_g711u,clean,0.0,0.2165644171779141,0.27450980392156865,226,1628,0.27450980392156865,226
2412,34,amr122_g711u,clean,0.01,0.22170245398773006,0.27450980392156865,226,1628,0.27450980392156865,226
2412,34,amr122_g711u,clean,0.05,0.24183782955242183,0.30952380952380953,226,1628,0.30952380952380953,226
2412,34,g711u,white20,0.0,0.020951704545454544,0.04017857142857143,150,1056,0.04017857142857143,150
2412,34,g711u,white20,0.01,0.03196022727272727,0.0609375,150,1056,0.0609375,150
2412,34,g711u,white20,0.05,0.06457149621212122,0.165625,150,1056,0.165625,150
2412,34,g711a,white20,0.0,0.019116950757575756,0.03316326530612245,150,1056,0.03316326530612245,150
2412,34,g711a,white20,0.01,0.028645833333333332,0.06971153846153846,150,1056,0.06971153846153846,150
2412,34,g711a,white20,0.05,0.06670217803030302,0.13031914893617022,150,1056,0.13031914893617022,150
2412,34,opus16,white20,0.0,0.14305160984848486,0.1846590909090909,150,1056,0.1846590909090909,150
2412,34,opus16,white20,0.01,0.15027225378787878,0.19429347826086957,150,1056,0.19429347826086957,150
2412,34,opus16,white20,0.05,0.17400568181818182,0.23922413793103448,150,1056,0.23922413793103448,150
2412,34,amr122,white20,0.0,0.21537642045454544,0.2599431818181818,150,1056,0.2599431818181818,150
2412,34,amr122,white20,0.01,0.21738873106060605,0.2599431818181818,150,1056,0.2599431818181818,150
2412,34,amr122,white20,0.05,0.24526515151515152,0.32926829268292684,150,1056,0.32926829268292684,150
2412,34,amr475,white20,0.0,0.2994199810606061,0.3488372093023256,150,1056,0.3488372093023256,150
2412,34,amr475,white20,0.01,0.30119554924242425,0.3488372093023256,150,1056,0.3488372093023256,150
2412,34,amr475,white20,0.05,0.3145123106060606,0.36658653846153844,150,1056,0.36658653846153844,150
2412,34,amr122_g711u,white20,0.0,0.21632339015151514,0.26704545454545453,150,1056,0.26704545454545453,150
2412,34,amr122_g711u,white20,0.01,0.22188683712121213,0.29829545454545453,150,1056,0.29829545454545453,150
2412,34,amr122_g711u,white20,0.05,0.24272017045454544,0.30505952380952384,150,1056,0.30505952380952384,150
2412,34,g711u,babble10,0.0,0.03775192649673977,0.08035714285714286,221,1687,0.08035714285714286,221
2412,34,g711u,babble10,0.01,0.044754001185536456,0.10416666666666667,221,1687,0.10416666666666667,221
2412,34,g711u,babble10,0.05,0.0771339656194428,0.14722222222222223,221,1687,0.14722222222222223,221
2412,34,g711a,babble10,0.0,0.0364922940130409,0.06547619047619048,221,1687,0.06547619047619048,221
2412,34,g711a,babble10,0.01,0.04616182572614108,0.09103260869565218,221,1687,0.09103260869565218,221
2412,34,g711a,babble10,0.05,0.08024599881446355,0.13029661016949154,221,1687,0.13029661016949154,221
2412,34,opus16,babble10,0.0,0.16241171277221894,0.3861111111111111,222,1687,0.2080078125,221
2412,34,opus16,babble10,0.01,0.16693643319599766,0.3861111111111111,222,1687,0.2294921875,221
2412,34,opus16,babble10,0.05,0.19084558823529413,0.39945652173913043,222,1687,0.26785714285714285,221
2412,34,amr122,babble10,0.0,0.24264273101824602,0.45416666666666666,222,1687,0.297554347826087,221
2412,34,amr122,babble10,0.01,0.24591671571512655,0.45694444444444443,222,1687,0.30570652173913043,221
2412,34,amr122,babble10,0.05,0.26434667451442023,0.45416666666666666,222,1687,0.33384146341463417,221
2412,34,amr475,babble10,0.0,0.33867302052785925,0.6175595238095238,223,1687,0.43452380952380953,221
2412,34,amr475,babble10,0.01,0.3412756598240469,0.6160714285714286,223,1687,0.4330357142857143,221
2412,34,amr475,babble10,0.05,0.3499633431085044,0.6264880952380952,223,1687,0.43601190476190477,221
2412,34,amr122_g711u,babble10,0.0,0.24367274867569158,0.4513888888888889,222,1687,0.3125,221
2412,34,amr122_g711u,babble10,0.01,0.24941141848145967,0.45416666666666666,222,1687,0.3161057692307692,221
2412,34,amr122_g711u,babble10,0.05,0.2651559741024132,0.46805555555555556,222,1687,0.33559782608695654,221
2412,35,g711u,clean,0.0,0.05079377806286081,0.0984375,202,1559,0.0984375,202
2412,35,g711u,clean,0.01,0.05760904425914048,0.0984375,202,1559,0.0984375,202
2412,35,g711u,clean,0.05,0.09701731879409878,0.146875,202,1559,0.146875,202
2412,35,g711a,clean,0.0,0.04814785118665811,0.08234126984126984,202,1559,0.08234126984126984,202
2412,35,g711a,clean,0.01,0.05668697883258499,0.0921875,202,1559,0.0921875,202
2412,35,g711a,clean,0.05,0.09413085311096857,0.16435185185185186,202,1559,0.16435185185185186,202
2412,35,opus16,clean,0.0,0.14793136626042336,0.17426470588235293,202,1559,0.17426470588235293,202
2412,35,opus16,clean,0.01,0.1521808851828095,0.1787109375,202,1559,0.1787109375,202
2412,35,opus16,clean,0.05,0.1837315586914689,0.22941176470588234,202,1559,0.22941176470588234,202
2412,35,amr122,clean,0.0,0.21255612572161642,0.26515151515151514,202,1559,0.26515151515151514,202
2412,35,amr122,clean,0.01,0.21868986529826812,0.2793560606060606,202,1559,0.2793560606060606,202
2412,35,amr122,clean,0.05,0.23981719050673508,0.3096590909090909,202,1559,0.3096590909090909,202
2412,35,amr475,clean,0.0,0.30516826923076923,0.3622448979591837,202,1559,0.3622448979591837,202
2412,35,amr475,clean,0.01,0.3092548076923077,0.37244897959183676,202,1559,0.37244897959183676,202
2412,35,amr475,clean,0.05,0.3230695596681557,0.4375,202,1559,0.39540816326530615,202
2412,35,amr122_g711u,clean,0.0,0.21712636305323926,0.2708333333333333,202,1559,0.2708333333333333,202
2412,35,amr122_g711u,clean,0.01,0.22041372674791532,0.28273809523809523,202,1559,0.28273809523809523,202
2412,35,amr122_g711u,clean,0.05,0.23769243104554202,0.3181818181818182,202,1559,0.3181818181818182,202
2412,35,g711u,white20,0.0,0.021510516252390057,0.036337209302325583,153,1046,0.036337209302325583,153
2412,35,g711u,white20,0.01,0.032086520076481835,0.0725,153,1046,0.0725,153
2412,35,g711u,white20,0.05,0.06303776290630975,0.125,153,1046,0.125,153
2412,35,g711a,white20,0.0,0.019239961759082217,0.03125,153,1046,0.03125,153
2412,35,g711a,white20,0.01,0.030532982791586998,0.07523148148148148,153,1046,0.07523148148148148,153
2412,35,g711a,white20,0.05,0.0721199808795411,0.15051020408163265,153,1046,0.15051020408163265,153
2412,35,opus16,white20,0.0,0.1385635755258126,0.1765625,153,1046,0.1765625,153
2412,35,opus16,white20,0.01,0.14931883365200765,0.1875,153,1046,0.1875,153
2412,35,opus16,white20,0.05,0.17525095602294455,0.25833333333333336,153,1046,0.25833333333333336,153
2412,35,amr122,white20,0.0,0.21564292543021032,0.2548076923076923,153,1046,0.2548076923076923,153
2412,35,amr122,white20,0.01,0.22108030592734226,0.2925531914893617,153,1046,0.2925531914893617,153
2412,35,amr122,white20,0.05,0.23822896749521988,0.28924418604651164,153,1046,0.28924418604651164,153
2412,35,amr475,white20,0.0,0.30311902485659653,0.3515625,153,1046,0.3515625,153
2412,35,amr475,white20,0.01,0.30807839388145314,0.3515625,153,1046,0.3515625,153
2412,35,amr475,white20,0.05,0.31124521988527726,0.346875,153,1046,0.346875,153
2412,35,amr122_g711u,white20,0.0,0.21683795411089865,0.25841346153846156,153,1046,0.25841346153846156,153
2412,35,amr122_g711u,white20,0.01,0.22066204588910135,0.2699468085106383,153,1046,0.2699468085106383,153
2412,35,amr122_g711u,white20,0.05,0.24061902485659656,0.2921511627906977,153,1046,0.2921511627906977,153
2412,35,g711u,babble10,0.0,0.036967815509376584,0.06554878048780488,267,1973,0.06554878048780488,267
2412,35,g711u,babble10,0.01,0.04365179929042068,0.10060975609756098,267,1973,0.10060975609756098,267
2412,35,g711u,babble10,0.05,0.0763114546376077,0.1206140350877193,267,1973,0.1206140350877193,267
2412,35,g711a,babble10,0.0,0.03288139888494678,0.0609375,267,1973,0.0609375,267
2412,35,g711a,babble10,0.01,0.040293968575772936,0.07625,267,1973,0.07625,267
2412,35,g711a,babble10,0.05,0.0784021794221997,0.2041015625,267,1973,0.2041015625,267
2412,35,opus16,babble10,0.0,0.1531614292954891,0.18661971830985916,267,1973,0.18661971830985916,267
2412,35,opus16,babble10,0.01,0.15784972123669538,0.19807692307692307,267,1973,0.19807692307692307,267
2412,35,opus16,babble10,0.05,0.1808793715154587,0.2296195652173913,267,1973,0.2296195652173913,267
2412,35,amr122,babble10,0.0,0.23412196356275303,0.305,267,1973,0.28557692307692306,267
2412,35,amr122,babble10,0.01,0.23858173076923078,0.305,267,1973,0.2865384615384615,267
2412,35,amr122,babble10,0.05,0.25708860759493674,0.3112244897959184,267,1973,0.30743243243243246,267
2412,35,amr475,babble10,0.0,0.3281487101669196,0.40375,267,1973,0.38425925925925924,267
2412,35,amr475,babble10,0.01,0.3310571573090541,0.40375,267,1973,0.38425925925925924,267
2412,35,amr475,babble10,0.05,0.3393851214574899,0.41375,267,1973,0.39375,267
2412,35,amr122_g711u,babble10,0.0,0.23484177215189875,0.29625,267,1973,0.27898550724637683,267
2412,35,amr122_g711u,babble10,0.01,0.23699367088607595,0.29625,267,1973,0.2859042553191489,267
2412,35,amr122_g711u,babble10,0.05,0.2589827935222672,0.3627450980392157,267,1973,0.33061594202898553,267
2428,36,g711u,clean,0.0,0.05489296636085627,0.09427966101694915,209,1635,0.09427966101694915,209
2428,36,g711u,clean,0.01,0.06639908256880733,0.12171052631578948,209,1635,0.12171052631578948,209
2428,36,g711u,clean,0.05,0.10286697247706422,0.2149390243902439,209,1635,0.2149390243902439,209
2428,36,g711a,clean,0.0,0.051834862385321104,0.08269230769230769,209,1635,0.08269230769230769,209
2428,36,g711a,clean,0.01,0.05791284403669725,0.09918478260869565,209,1635,0.09918478260869565,209
2428,36,g711a,clean,0.05,0.09480122324159021,0.1801470588235294,209,1635,0.1801470588235294,209
2428,36,opus16,clean,0.0,0.16314984709480124,0.19188596491228072,209,1635,0.19188596491228072,209
2428,36,opus16,clean,0.01,0.17029816513761467,0.20949074074074073,209,1635,0.20949074074074073,209
2428,36,opus16,clean,0.05,0.18990825688073396,0.234375,209,1635,0.234375,209
2428,36,amr122,clean,0.0,0.2576452599388379,0.3072033898305085,209,1635,0.3072033898305085,209
2428,36,amr122,clean,0.01,0.26242354740061163,0.30809859154929575,209,1635,0.30809859154929575,209
2428,36,amr122,clean,0.05,0.275802752293578,0.328804347826087,209,1635,0.328804347826087,209
2428,36,amr475,clean,0.0,0.3581804281345566,0.403125,209,1635,0.403125,209
2428,36,amr475,clean,0.01,0.36108562691131496,0.403125,209,1635,0.403125,209
2428,36,amr475,clean,0.05,0.36991590214067277,0.421875,209,1635,0.421875,209
2428,36,amr122_g711u,clean,0.0,0.26158256880733943,0.3209745762711864,209,1635,0.3209745762711864,209
2428,36,amr122_g711u,clean,0.01,0.26487003058103975,0.3294491525423729,209,1635,0.3294491525423729,209
2428,36,amr122_g711u,clean,0.05,0.28413608562691134,0.34011627906976744,209,1635,0.34011627906976744,209
2428,36,g711u,white20,0.0,0.02610485268630849,0.04363207547169811,172,1154,0.04363207547169811,172
2428,36,g711u,white20,0.01,0.03569107452339688,0.07230392156862746,172,1154,0.07230392156862746,172
2428,36,g711u,white20,0.05,0.06699523396880416,0.1211734693877551,172,1154,0.1211734693877551,172
2428,36,g711a,white20,0.0,0.024046793760831887,0.036556603773584904,172,1154,0.036556603773584904,172
2428,36,g711a,white20,0.01,0.03184575389948007,0.07783018867924528,172,1154,0.07783018867924528,172
2428,36,g711a,white20,0.05,0.06006282495667244,0.16944444444444445,172,1154,0.16944444444444445,172
2428,36,opus16,white20,0.0,0.1588496533795494,0.19912790697674418,172,1154,0.19912790697674418,172
2428,36,opus16,white20,0.01,0.16247833622183708,0.20203488372093023,172,1154,0.20203488372093023,172
2428,36,opus16,white20,0.05,0.18706672443674177,0.2511792452830189,172,1154,0.2511792452830189,172
2428,36,amr122,white20,0.0,0.25216637781629114,0.2930327868852459,172,1154,0.2930327868852459,172
2428,36,amr122,white20,0.01,0.25687824956672445,0.3046875,172,1154,0.3046875,172
2428,36,amr122,white20,0.05,0.27193457538994803,0.33575581395348836,172,1154,0.33575581395348836,172
2428,36,amr475,white20,0.0,0.36091854419410746,0.42083333333333334,172,1154,0.42083333333333334,172
2428,36,amr475,white20,0.01,0.3643847487001733,0.42083333333333334,172,1154,0.42083333333333334,172
2428,36,amr475,white20,0.05,0.3711546793760832,0.4222222222222222,172,1154,0.4222222222222222,172
2428,36,amr122_g711u,white20,0.0,0.25238301559792026,0.294811320754717,172,1154,0.294811320754717,172
2428,36,amr122_g711u,white20,0.01,0.2561200173310225,0.30113636363636365,172,1154,0.30113636363636365,172
2428,36,amr122_g711u,white20,0.05,0.27464254766031193,0.3263888888888889,172,1154,0.3263888888888889,172
2428,36,g711u,babble10,0.0,0.035586977186311784,0.08020833333333334,282,2104,0.08020833333333334,282
2428,36,g711u,babble10,0.01,0.04369653041825095,0.095,282,2104,0.095,282
2428,36,g711u,babble10,0.05,0.07568916349809886,0.19293478260869565,282,2104,0.19293478260869565,282
2428,36,g711a,babble10,0.0,0.03315114068441065,0.06979166666666667,282,2104,0.06979166666666667,282
2428,36,g711a,babble10,0.01,0.04746910646387833,0.1,282,2104,0.1,282
2428,36,g711a,babble10,0.05,0.0795805608365019,0.14358108108108109,282,2104,0.14358108108108109,282
2428,36,opus16,babble10,0.0,0.15503208174904942,0.196875,282,2104,0.196875,282
2428,36,opus16,babble10,0.01,0.1633198669201521,0.22604166666666667,282,2104,0.22604166666666667,282
2428,36,opus16,babble10,0.05,0.18117276615969582,0.23125,282,2104,0.23125,282
2428,36,amr122,babble10,0.0,0.23606820342205323,0.27734375,282,2104,0.27734375,282
2428,36,amr122,babble10,0.01,0.23716730038022812,0.2775735294117647,282,2104,0.2775735294117647,282
2428,36,amr122,babble10,0.05,0.25504990494296575,0.29788961038961037,282,2104,0.29788961038961037,282
2428,36,amr475,babble10,0.0,0.3460670152091255,0.4010416666666667,282,2104,0.4010416666666667,282
2428,36,amr475,babble10,0.01,0.34749287072243346,0.4010416666666667,282,2104,0.4010416666666667,282
2428,36,amr475,babble10,0.05,0.35711739543726234,0.40955882352941175,282,2104,0.40955882352941175,282
2428,36,amr122_g711u,babble10,0.0,0.23808816539923955,0.2763671875,282,2104,0.2763671875,282
2428,36,amr122_g711u,babble10,0.01,0.24016753802281368,0.2880859375,282,2104,0.2880859375,282
2428,36,amr122_g711u,babble10,0.05,0.26265446768060835,0.32410714285714287,282,2104,0.32410714285714287,282
2428,37,g711u,clean,0.0,0.05620727159726538,0.09322033898305085,214,1609,0.09322033898305085,214
2428,37,g711u,clean,0.01,0.06207271597265382,0.10586734693877552,214,1609,0.10586734693877552,214
2428,37,g711u,clean,0.05,0.09761497824735861,0.22337962962962962,214,1609,0.22337962962962962,214
2428,37,g711a,clean,0.0,0.05675108763206961,0.09735576923076923,214,1609,0.09735576923076923,214
2428,37,g711a,clean,0.01,0.06448104412678682,0.11835106382978723,214,1609,0.11835106382978723,214
2428,37,g711a,clean,0.05,0.10526724673710379,0.15865384615384615,214,1609,0.15865384615384615,214
2428,37,opus16,clean,0.0,0.1687383467992542,0.20153061224489796,214,1609,0.20153061224489796,214
2428,37,opus16,clean,0.01,0.1735550031075202,0.21927966101694915,214,1609,0.21927966101694915,214
2428,37,opus16,clean,0.05,0.19919204474829086,0.2461734693877551,214,1609,0.2461734693877551,214
2428,37,amr122,clean,0.0,0.2689558732131759,0.32107843137254904,214,1609,0.32107843137254904,214
2428,37,amr122,clean,0.01,0.2733452454940957,0.32107843137254904,214,1609,0.32107843137254904,214
2428,37,amr122,clean,0.05,0.290825046612803,0.365625,214,1609,0.365625,214
2428,37,amr475,clean,0.0,0.3649005593536358,0.4099025974025974,214,1609,0.4099025974025974,214
2428,37,amr475,clean,0.01,0.3690180236171535,0.421875,214,1609,0.421875,214
2428,37,amr475,clean,0.05,0.3738735239279055,0.41233766233766234,214,1609,0.41233766233766234,214
2428,37,amr122_g711u,clean,0.0,0.2730344934742076,0.32547169811320753,214,1609,0.32547169811320753,214
2428,37,amr122_g711u,clean,0.01,0.2773850217526414,0.33726415094339623,214,1609,0.33726415094339623,214
2428,37,amr122_g711u,clean,0.05,0.29028123057799876,0.3485169491525424,214,1609,0.3485169491525424,214
2428,37,g711u,white20,0.0,0.027624309392265192,0.047619047619047616,152,1086,0.047619047619047616,152
2428,37,g711u,white20,0.01,0.03476058931860037,0.07942708333333333,152,1086,0.07942708333333333,152
2428,37,g711u,white20,0.05,0.05985267034990792,0.11290322580645161,152,1086,0.11290322580645161,152
2428,37,g711a,white20,0.0,0.02509208103130755,0.043154761904761904,152,1086,0.043154761904761904,152
2428,37,g711a,white20,0.01,0.03355202578268877,0.10369318181818182,152,1086,0.10369318181818182,152
2428,37,g711a,white20,0.05,0.07055709023941067,0.1292372881355932,152,1086,0.1292372881355932,152
2428,37,opus16,white20,0.0,0.15826427255985268,0.1953125,152,1086,0.1953125,152
2428,37,opus16,white20,0.01,0.16614871086556168,0.203125,152,1086,0.203125,152
2428,37,opus16,white20,0.05,0.18157228360957642,0.22727272727272727,152,1086,0.22727272727272727,152
2428,37,amr122,white20,0.0,0.25915055248618785,0.31392045454545453,152,1086,0.31392045454545453,152
2428,37,amr122,white20,0.01,0.26329419889502764,0.328125,152,1086,0.328125,152
2428,37,amr122,white20,0.05,0.2767034990791897,0.33948863636363635,152,1086,0.33948863636363635,152
2428,37,amr475,white20,0.0,0.35859806629834257,0.4375,152,1086,0.4375,152
2428,37,amr475,white20,0.01,0.35911602209944754,0.4388586956521739,152,1086,0.4388586956521739,152
2428,37,amr475,white20,0.05,0.36976289134438306,0.4597222222222222,152,1086,0.4597222222222222,152
2428,37,amr122_g711u,white20,0.0,0.2617978821362799,0.32083333333333336,152,1086,0.32083333333333336,152
2428,37,amr122_g711u,white20,0.01,0.26519337016574585,0.328125,152,1086,0.328125,152
2428,37,amr122_g711u,white20,0.05,0.28125,0.359375,152,1086,0.359375,152
2428,37,g711u,babble10,0.0,0.041505324298160694,0.07065217391304347,278,2066,0.07065217391304347,278
2428,37,g711u,babble10,0.01,0.05221442400774443,0.10174418604651163,278,2066,0.10174418604651163,278
2428,37,g711u,babble10,0.05,0.08848620522749275,0.15696022727272727,278,2066,0.15696022727272727,278
2428,37,g711a,babble10,0.0,0.04053727008712488,0.07429245283018868,278,2066,0.07429245283018868,278
2428,37,g711a,babble10,0.01,0.047283397870280734,0.08608490566037735,278,2066,0.08608490566037735,278
2428,37,g711a,babble10,0.05,0.08337366892545983,0.15290178571428573,278,2066,0.15290178571428573,278
2428,37,opus16,babble10,0.0,0.16317763794772508,0.20416666666666666,278,2066,0.20416666666666666,278
2428,37,opus16,babble10,0.01,0.16665658276863504,0.20758928571428573,278,2066,0.20758928571428573,278
2428,37,opus16,babble10,0.05,0.18973862536302033,0.26988636363636365,278,2066,0.26988636363636365,278
2428,37,amr122,babble10,0.0,0.24761011616650533,0.30514705882352944,278,2066,0.30514705882352944,278
2428,37,amr122,babble10,0.01,0.2523596321393998,0.30606617647058826,278,2066,0.30606617647058826,278
2428,37,amr122,babble10,0.05,0.2663359148112294,0.3223684210526316,278,2066,0.3223684210526316,278
2428,37,amr475,babble10,0.0,0.3504356243949661,0.4080188679245283,278,2066,0.4080188679245283,278
2428,37,amr475,babble10,0.01,0.3524927395934172,0.4080188679245283,278,2066,0.4080188679245283,278
2428,37,amr475,babble10,0.05,0.3606001936108422,0.42,278,2066,0.42,278
2428,37,amr122_g711u,babble10,0.0,0.2518756050338819,0.3092105263157895,278,2066,0.3092105263157895,278
2428,37,amr122_g711u,babble10,0.01,0.25435624394966116,0.3092105263157895,278,2066,0.3092105263157895,278
2428,37,amr122_g711u,babble10,0.05,0.2717207163601162,0.32305194805194803,278,2066,0.32305194805194803,278
2428,38,g711u,clean,0.0,0.05142927957699934,0.09601449275362318,204,1513,0.09601449275362318,204
2428,38,g711u,clean,0.01,0.061467283542630535,0.11594202898550725,204,1513,0.11594202898550725,204
2428,38,g711u,clean,0.05,0.0927792465300727,0.1736111111111111,204,1513,0.1736111111111111,204
2428,38,g711a,clean,0.0,0.05109881031064111,0.0859375,204,1513,0.0859375,204
2428,38,g711a,clean,0.01,0.061673826834104425,0.09232954545454546,204,1513,0.09232954545454546,204
2428,38,g711a,clean,0.05,0.0858393919365499,0.17447916666666666,204,1513,0.17447916666666666,204
2428,38,opus16,clean,0.0,0.16113861386138614,0.22408536585365854,204,1513,0.2046875,204
2428,38,opus16,clean,0.01,0.16882420844327176,0.22408536585365854,204,1513,0.2046875,204
2428,38,opus16,clean,0.05,0.1882013201320132,0.2391304347826087,204,1513,0.2391304347826087,204
2428,38,amr122,clean,0.0,0.25952970297029704,0.3117283950617284,204,1513,0.3117283950617284,204
2428,38,amr122,clean,0.01,0.2643151815181518,0.32407407407407407,204,1513,0.32407407407407407,204
2428,38,amr122,clean,0.05,0.2774752475247525,0.33796296296296297,204,1513,0.33796296296296297,204
2428,38,amr475,clean,0.0,0.35807463672391016,0.4,204,1513,0.4,204
2428,38,amr475,clean,0.01,0.3607579260237781,0.4049657534246575,204,1513,0.4049657534246575,204
2428,38,amr475,clean,0.05,0.3707480184940555,0.41898148148148145,204,1513,0.41898148148148145,204
2428,38,amr122_g711u,clean,0.0,0.2641182298546896,0.3125,204,1513,0.3125,204
2428,38,amr122_g711u,clean,0.01,0.26832892998679,0.32098765432098764,204,1513,0.32098765432098764,204
2428,38,amr122_g711u,clean,0.05,0.2831489431968296,0.32830459770114945,204,1513,0.32830459770114945,204
2428,38,g711u,white20,0.0,0.027066929133858268,0.04861111111111111,136,1016,0.04861111111111111,136
2428,38,g711u,white20,0.01,0.04386072834645669,0.10294117647058823,136,1016,0.10294117647058823,136
2428,38,g711u,white20,0.05,0.07092765748031496,0.14732142857142858,136,1016,0.14732142857142858,136
2428,38,g711a,white20,0.0,0.025221456692913386,0.04583333333333333,136,1016,0.04583333333333333,136
2428,38,g711a,white20,0.01,0.033156988188976375,0.09451219512195122,136,1016,0.09451219512195122,136
2428,38,g711a,white20,0.05,0.0703125,0.14622641509433962,136,1016,0.14622641509433962,136
2428,38,opus16,white20,0.0,0.1531126968503937,0.18632075471698112,136,1016,0.18632075471698112,136
2428,38,opus16,white20,0.01,0.15864911417322836,0.19047619047619047,136,1016,0.19047619047619047,136
2428,38,opus16,white20,0.05,0.1936515748031496,0.2515625,136,1016,0.2515625,136
2428,38,amr122,white20,0.0,0.24563238188976377,0.278125,136,1016,0.278125,136
2428,38,amr122,white20,0.01,0.24796998031496062,0.278125,136,1016,0.278125,136
2428,38,amr122,white20,0.05,0.26365649606299213,0.3203125,136,1016,0.3203125,136
2428,38,amr475,white20,0.0,0.3423351377952756,0.40318627450980393,136,1016,0.40318627450980393,136
2428,38,amr475,white20,0.01,0.34424212598425197,0.40318627450980393,136,1016,0.40318627450980393,136
2428,38,amr475,white20,0.05,0.35353100393700787,0.4105392156862745,136,1016,0.4105392156862745,136
2428,38,amr122_g711u,white20,0.0,0.24489419291338582,0.275,136,1016,0.275,136
2428,38,amr122_g711u,white20,0.01,0.24772391732283464,0.28125,136,1016,0.28125,136
2428,38,amr122_g711u,white20,0.05,0.26783956692913385,0.31994047619047616,136,1016,0.31994047619047616,136
2428,38,g711u,babble10,0.0,0.03833884688090737,0.08685064935064934,270,2116,0.08685064935064934,270
2428,38,g711u,babble10,0.01,0.04468927221172023,0.10714285714285714,270,2116,0.10714285714285714,270
2428,38,g711u,babble10,0.05,0.07596880907372401,0.17,270,2116,0.17,270
2428,38,g711a,babble10,0.0,0.03712783553875236,0.09090909090909091,270,2116,0.09090909090909091,270
2428,38,g711a,babble10,0.01,0.045161862003780716,0.10655737704918032,270,2116,0.10655737704918032,270
2428,38,g711a,babble10,0.05,0.0801335066162571,0.1453804347826087,270,2116,0.1453804347826087,270
2428,38,opus16,babble10,0.0,0.16532829475673122,0.19333333333333333,270,2116,0.19333333333333333,270
2428,38,opus16,babble10,0.01,0.17073098724610297,0.20491803278688525,270,2116,0.20491803278688525,270
2428,38,opus16,babble10,0.05,0.19101322626358053,0.2509765625,270,2116,0.2509765625,270
2428,38,amr122,babble10,0.0,0.24864322793770646,0.31412337662337664,270,2116,0.31412337662337664,270
2428,38,amr122,babble10,0.01,0.25218263331760266,0.31412337662337664,270,2116,0.31412337662337664,270
2428,38,amr122,babble10,0.05,0.26642873997168476,0.3522727272727273,270,2116,0.3522727272727273,270
2428,38,amr475,babble10,0.0,0.3536362564827911,0.4057203389830508,270,2116,0.3925,270
2428,38,amr475,babble10,0.01,0.35572842998585574,0.4057203389830508,270,2116,0.3925,270
2428,38,amr475,babble10,0.05,0.3642545925577014,0.41770833333333335,270,2116,0.3983333333333333,270
2428,38,amr122_g711u,babble10,0.0,0.24938001889466227,0.3181818181818182,270,2116,0.3181818181818182,270
2428,38,amr122_g711u,babble10,0.01,0.2527751535191308,0.32142857142857145,270,2116,0.32142857142857145,270
2428,38,amr122_g711u,babble10,0.05,0.2691717791411043,0.3375,270,2116,0.3375,270
251,39,g711u,clean,0.0,0.11099256607929515,0.1881377551020408,220,1816,0.1881377551020408,220
251,39,g711u,clean,0.01,0.11749724669603524,0.1958762886597938,220,1816,0.1958762886597938,220
251,39,g711u,clean,0.05,0.1512940528634361,0.228515625,220,1816,0.228515625,220
251,39,g711a,clean,0.0,0.10992566079295155,0.1875,220,1816,0.1875,220
251,39,g711a,clean,0.01,0.11729074889867841,0.1875,220,1816,0.1875,220
251,39,g711a,clean,0.05,0.14582186123348018,0.22364457831325302,220,1816,0.22364457831325302,220
251,39,opus16,clean,0.0,0.1585214757709251,0.19791666666666666,220,1816,0.19791666666666666,220
251,39,opus16,clean,0.01,0.16364950440528633,0.19791666666666666,220,1816,0.19791666666666666,220
251,39,opus16,clean,0.05,0.1894273127753304,0.265,220,1816,0.265,220
251,39,amr122,clean,0.0,0.28396888766519823,0.3294270833333333,220,1816,0.3294270833333333,220
251,39,amr122,clean,0.01,0.28668777533039647,0.3359375,220,1816,0.3359375,220
251,39,amr122,clean,0.05,0.29945622246696035,0.3515625,220,1816,0.3515625,220
251,39,amr475,clean,0.0,0.37527533039647576,0.42005813953488375,220,1816,0.42005813953488375,220
251,39,amr475,clean,0.01,0.37713381057268724,0.42005813953488375,220,1816,0.42005813953488375,220
251,39,amr475,clean,0.05,0.38473981277533037,0.4288563829787234,220,1816,0.4288563829787234,220
251,39,amr122_g711u,clean,0.0,0.2918158039647577,0.33418367346938777,220,1816,0.33418367346938777,220
251,39,amr122_g711u,clean,0.01,0.2959801762114537,0.3372093023255814,220,1816,0.3372093023255814,220
251,39,amr122_g711u,clean,0.05,0.3122935022026432,0.37652439024390244,220,1816,0.37652439024390244,220
251,39,g711u,white20,0.0,0.038646449704142015,0.0625,184,1352,0.0625,184
251,39,g711u,white20,0.01,0.046366494082840236,0.11011904761904762,184,1352,0.11011904761904762,184
251,39,g711u,white20,0.05,0.08746301775147929,0.14098837209302326,184,1352,0.14098837209302326,184
251,39,g711a,white20,0.0,0.03370007396449704,0.052083333333333336,184,1352,0.052083333333333336,184
251,39,g711a,white20,0.01,0.04040310650887574,0.0763888888888889,184,1352,0.0763888888888889,184
251,39,g711a,white20,0.05,0.07488905325443787,0.17447916666666666,184,1352,0.17447916666666666,184
251,39,opus16,white20,0.0,0.16078032544378698,0.18675595238095238,184,1352,0.18675595238095238,184
251,39,opus16,white20,0.01,0.16466346153846154,0.19791666666666666,184,1352,0.19791666666666666,184
251,39,opus16,white20,0.05,0.1938332100591716,0.2604166666666667,184,1352,0.2604166666666667,184
251,39,amr122,white20,0.0,0.27889238165680474,0.3288690476190476,184,1352,0.3288690476190476,184
251,39,amr122,white20,0.01,0.2828217455621302,0.34375,184,1352,0.34375,184
251,39,amr122,white20,0.05,0.29886279585798814,0.35267857142857145,184,1352,0.35267857142857145,184
251,39,amr475,white20,0.0,0.3794840976331361,0.42296511627906974,184,1352,0.42296511627906974,184
251,39,amr475,white20,0.01,0.3824889053254438,0.43239795918367346,184,1352,0.43239795918367346,184
251,39,amr475,white20,0.05,0.38882211538461536,0.4331395348837209,184,1352,0.4331395348837209,184
251,39,amr122_g711u,white20,0.0,0.28356139053254437,0.3363486842105263,184,1352,0.3363486842105263,184
251,39,amr122_g711u,white20,0.01,0.2896172337278107,0.3404605263157895,184,1352,0.3404605263157895,184
251,39,amr122_g711u,white20,0.05,0.3000184911242604,0.36944444444444446,184,1352,0.36944444444444446,184
251,39,g711u,babble10,0.0,0.06866319444444445,0.13472222222222222,272,2160,0.13472222222222222,272
251,39,g711u,babble10,0.01,0.07326388888888889,0.1423611111111111,272,2160,0.1423611111111111,272
251,39,g711u,babble10,0.05,0.11171875,0.18541666666666667,272,2160,0.18541666666666667,272
251,39,g711a,babble10,0.0,0.06380208333333333,0.13541666666666666,272,2160,0.13541666666666666,272
251,39,g711a,babble10,0.01,0.07074652777777778,0.13541666666666666,272,2160,0.13541666666666666,272
251,39,g711a,babble10,0.05,0.10089699074074074,0.18611111111111112,272,2160,0.18611111111111112,272
251,39,opus16,babble10,0.0,0.16377314814814814,0.20634920634920634,272,2160,0.20634920634920634,272
251,39,opus16,babble10,0.01,0.16999421296296297,0.22606382978723405,272,2160,0.22606382978723405,272
251,39,opus16,babble10,0.05,0.19962384259259258,0.24722222222222223,272,2160,0.24722222222222223,272
251,39,amr122,babble10,0.0,0.2753065710319297,0.32724719101123595,272,2160,0.32724719101123595,272
251,39,amr122,babble10,0.01,0.2788350300786673,0.3279494382022472,272,2160,0.3279494382022472,272
251,39,amr122,babble10,0.05,0.2957832022211939,0.3711734693877551,272,2160,0.3711734693877551,272
251,39,amr475,babble10,0.0,0.3742216328413284,0.42008196721311475,272,2160,0.41805555555555557,272
251,39,amr475,babble10,0.01,0.37762217611802673,0.43070652173913043,272,2160,0.41805555555555557,272
251,39,amr475,babble10,0.05,0.38235463774803874,0.4263888888888889,272,2160,0.4263888888888889,272
251,39,amr122_g711u,babble10,0.0,0.28094632114761686,0.34546703296703296,272,2160,0.34546703296703296,272
251,39,amr122_g711u,babble10,0.01,0.28357820453493754,0.3482142857142857,272,2160,0.3482142857142857,272
251,39,amr122_g711u,babble10,0.05,0.29769204072188804,0.3605769230769231,272,2160,0.3605769230769231,272
251,40,g711u,clean,0.0,0.1101120283018868,0.15858208955223882,208,1696,0.15858208955223882,208
251,40,g711u,clean,0.01,0.11471845518867925,0.15858208955223882,208,1696,0.15858208955223882,208
251,40,g711u,clean,0.05,0.1466686320754717,0.2263888888888889,208,1696,0.2263888888888889,208
251,40,g711a,clean,0.0,0.10826945754716981,0.17444029850746268,208,1696,0.17444029850746268,208
251,40,g711a,clean,0.01,0.11512382075471699,0.19029850746268656,208,1696,0.19029850746268656,208
251,40,g711a,clean,0.05,0.1491745283018868,0.22201492537313433,208,1696,0.22201492537313433,208
251,40,opus16,clean,0.0,0.1636202830188679,0.18552631578947368,208,1696,0.18552631578947368,208
251,40,opus16,clean,0.01,0.17191185141509435,0.225,208,1696,0.225,208
251,40,opus16,clean,0.05,0.19453862028301888,0.22685185185185186,208,1696,0.22685185185185186,208
251,40,amr122,clean,0.0,0.29801739386792453,0.33958333333333335,208,1696,0.33958333333333335,208
251,40,amr122,clean,0.01,0.30063384433962265,0.3466796875,208,1696,0.3466796875,208
251,40,amr122,clean,0.05,0.31448997641509435,0.3629518072289157,208,1696,0.3629518072289157,208
251,40,amr475,clean,0.0,0.38211232311320753,0.42916666666666664,208,1696,0.42916666666666664,208
251,40,amr475,clean,0.01,0.38472877358490565,0.4326388888888889,208,1696,0.4326388888888889,208
251,40,amr475,clean,0.05,0.39360996462264153,0.43819444444444444,208,1696,0.43819444444444444,208
251,40,amr122_g711u,clean,0.0,0.3082252358490566,0.3621987951807229,208,1696,0.3621987951807229,208
251,40,amr122_g711u,clean,0.01,0.3116155660377358,0.3629518072289157,208,1696,0.3629518072289157,208
251,40,amr122_g711u,clean,0.05,0.32377653301886794,0.36180555555555555,208,1696,0.36180555555555555,208
251,40,g711u,white20,0.0,0.03913643533123028,0.05974264705882353,175,1268,0.05974264705882353,175
251,40,g711u,white20,0.01,0.04943809148264984,0.08088235294117647,175,1268,0.08088235294117647,175
251,40,g711u,white20,0.05,0.08256111987381703,0.14543269230769232,175,1268,0.14543269230769232,175
251,40,g711a,white20,0.0,0.035735410094637224,0.051056338028169015,175,1268,0.051056338028169015,175
251,40,g711a,white20,0.01,0.049635252365930596,0.08928571428571429,175,1268,0.08928571428571429,175
251,40,g711a,white20,0.05,0.08236395899053628,0.15376984126984128,175,1268,0.15376984126984128,175
251,40,opus16,white20,0.0,0.17064274447949526,0.20579268292682926,175,1268,0.20579268292682926,175
251,40,opus16,white20,0.01,0.17705047318611988,0.2261904761904762,175,1268,0.2261904761904762,175
251,40,opus16,white20,0.05,0.1962243690851735,0.25510204081632654,175,1268,0.25510204081632654,175
251,40,amr122,white20,0.0,0.2863761829652997,0.3415492957746479,175,1268,0.3415492957746479,175
251,40,amr122,white20,0.01,0.29012223974763407,0.352112676056338,175,1268,0.352112676056338,175
251,40,amr122,white20,0.05,0.30944400630914826,0.375,175,1268,0.375,175
251,40,amr475,white20,0.0,0.3820485015772871,0.4300373134328358,175,1268,0.4300373134328358,175
251,40,amr475,white20,0.01,0.38387223974763407,0.4344262295081967,175,1268,0.4344262295081967,175
251,40,amr475,white20,0.05,0.3934345425867508,0.44364754098360654,175,1268,0.44364754098360654,175
251,40,amr122_g711u,white20,0.0,0.28652405362776023,0.3502906976744186,175,1268,0.3502906976744186,175
251,40,amr122_g711u,white20,0.01,0.2902208201892745,0.35755813953488375,175,1268,0.35755813953488375,175
251,40,amr122_g711u,white20,0.05,0.30293769716088326,0.35526315789473684,175,1268,0.35526315789473684,175
251,40,g711u,babble10,0.0,0.05250576036866359,0.08242753623188406,284,2170,0.08242753623188406,284
251,40,g711u,babble10,0.01,0.06105990783410138,0.115234375,284,2170,0.115234375,284
251,40,g711u,babble10,0.05,0.09153225806451613,0.1408898305084746,284,2170,0.1408898305084746,284
251,40,g711a,babble10,0.0,0.04939516129032258,0.085,284,2170,0.085,284
251,40,g711a,babble10,0.01,0.055817972350230415,0.1025,284,2170,0.1025,284
251,40,g711a,babble10,0.05,0.08882488479262673,0.1386986301369863,284,2170,0.1386986301369863,284
251,40,opus16,babble10,0.0,0.15786290322580646,0.19125,284,2170,0.19125,284
251,40,opus16,babble10,0.01,0.16215437788018433,0.19435975609756098,284,2170,0.19435975609756098,284
251,40,opus16,babble10,0.05,0.1840725806451613,0.23660714285714285,284,2170,0.23660714285714285,284
251,40,amr122,babble10,0.0,0.25933179723502303,0.3125,284,2170,0.3125,284
251,40,amr122,babble10,0.01,0.2631336405529954,0.3155241935483871,284,2170,0.3155241935483871,284
251,40,amr122,babble10,0.05,0.2777361751152074,0.34173387096774194,284,2170,0.34173387096774194,284
251,40,amr475,babble10,0.0,0.3537062615101289,0.40875,284,2170,0.40875,284
251,40,amr475,babble10,0.01,0.35580686003683243,0.40875,284,2170,0.40875,284
251,40,amr475,babble10,0.05,0.36579189686924496,0.41397849462365593,284,2170,0.41397849462365593,284
251,40,amr122_g711u,babble10,0.0,0.26203917050691244,0.302734375,284,2170,0.302734375,284
251,40,amr122_g711u,babble10,0.01,0.2657258064516129,0.314453125,284,2170,0.314453125,284
251,40,amr122_g711u,babble10,0.05,0.2806451612903226,0.33116883116883117,284,2170,0.33116883116883117,284
251,41,g711u,clean,0.0,0.10678335336538461,0.16379310344827586,208,1664,0.16379310344827586,208
251,41,g711u,clean,0.01,0.11594801682692307,0.2016509433962264,208,1664,0.2016509433962264,208
251,41,g711u,clean,0.05,0.14396784855769232,0.2193877551020408,208,1664,0.2193877551020408,208
251,41,g711a,clean,0.0,0.10606971153846154,0.17,208,1664,0.17,208
251,41,g711a,clean,0.01,0.11328125,0.17169540229885058,208,1664,0.17169540229885058,208
251,41,g711a,clean,0.05,0.15016526442307693,0.21544117647058825,208,1664,0.21544117647058825,208
251,41,opus16,clean,0.0,0.16013513513513514,0.2002551020408163,208,1664,0.2002551020408163,208
251,41,opus16,clean,0.01,0.16644144144144143,0.2002551020408163,208,1664,0.2002551020408163,208
251,41,opus16,clean,0.05,0.19572566105769232,0.25825471698113206,208,1664,0.25825471698113206,208
251,41,amr122,clean,0.0,0.2849308894230769,0.3449675324675325,208,1664,0.3449675324675325,208
251,41,amr122,clean,0.01,0.28658353365384615,0.3465909090909091,208,1664,0.3465909090909091,208
251,41,amr122,clean,0.05,0.30562650240384615,0.37905844155844154,208,1664,0.37905844155844154,208
251,41,amr475,clean,0.0,0.3673753004807692,0.4107142857142857,208,1664,0.4107142857142857,208
251,41,amr475,clean,0.01,0.3694411057692308,0.4331395348837209,208,1664,0.4331395348837209,208
251,41,amr475,clean,0.05,0.37777944711538464,0.43023255813953487,208,1664,0.43023255813953487,208
251,41,amr122_g711u,clean,0.0,0.29833984375,0.363031914893617,208,1664,0.363031914893617,208
251,41,amr122_g711u,clean,0.01,0.30089393028846156,0.363031914893617,208,1664,0.363031914893617,208
251,41,amr122_g711u,clean,0.05,0.3173828125,0.3743279569892473,208,1664,0.3743279569892473,208
251,41,g711u,white20,0.0,0.037702234206471494,0.059593023255813955,191,1298,0.059593023255813955,191
251,41,g711u,white20,0.01,0.04815100154083205,0.09738372093023256,191,1298,0.09738372093023256,191
251,41,g711u,white20,0.05,0.07800462249614792,0.14583333333333334,191,1298,0.14583333333333334,191
251,41,g711a,white20,0.0,0.0363540061633282,0.06346153846153846,191,1298,0.06346153846153846,191
251,41,g711a,white20,0.01,0.04954738058551618,0.10080645161290322,191,1298,0.10080645161290322,191
251,41,g711a,white20,0.05,0.08147149460708783,0.1484375,191,1298,0.1484375,191
251,41,opus16,white20,0.0,0.17064714946070877,0.20170454545454544,191,1298,0.20170454545454544,191
251,41,opus16,white20,0.01,0.17478813559322035,0.20738636363636365,191,1298,0.20738636363636365,191
251,41,opus16,white20,0.05,0.19982665639445302,0.2512019230769231,191,1298,0.2512019230769231,191
251,41,amr122,white20,0.0,0.2887615562403698,0.3376736111111111,191,1298,0.3376736111111111,191
251,41,amr122,white20,0.01,0.2922284283513097,0.3472222222222222,191,1298,0.3472222222222222,191
251,41,amr122,white20,0.05,0.31134437596302,0.36231884057971014,191,1298,0.36231884057971014,191
251,41,amr475,white20,0.0,0.3755296610169492,0.42727272727272725,191,1298,0.42727272727272725,191
251,41,amr475,white20,0.01,0.3775520030816641,0.42727272727272725,191,1298,0.42727272727272725,191
251,41,amr475,white20,0.05,0.3841486902927581,0.43601190476190477,191,1298,0.43601190476190477,191
251,41,amr122_g711u,white20,0.0,0.29208397534668723,0.34598214285714285,191,1298,0.34598214285714285,191
251,41,amr122_g711u,white20,0.01,0.2959360554699538,0.35546875,191,1298,0.35546875,191
251,41,amr122_g711u,white20,0.05,0.31365562403698,0.37318840579710144,191,1298,0.37318840579710144,191
251,41,g711u,babble10,0.0,0.053609031352363126,0.0875,282,2137,0.0875,282
251,41,g711u,babble10,0.01,0.0649859616284511,0.10508241758241758,282,2137,0.10508241758241758,282
251,41,g711u,babble10,0.05,0.09505147402901264,0.16145833333333334,282,2137,0.16145833333333334,282
251,41,g711a,babble10,0.0,0.051971221338324755,0.08653846153846154,282,2137,0.08653846153846154,282
251,41,g711a,babble10,0.01,0.05893191389798783,0.10302197802197802,282,2137,0.10302197802197802,282
251,41,g711a,babble10,0.05,0.09864880673841835,0.19281914893617022,282,2137,0.19281914893617022,282
251,41,opus16,babble10,0.0,0.15872133832475432,0.19270833333333334,282,2137,0.19270833333333334,282
251,41,opus16,babble10,0.01,0.16606223678053345,0.19625,282,2137,0.19625,282
251,41,opus16,babble10,0.05,0.18893308376228357,0.22888513513513514,282,2137,0.22888513513513514,282
251,41,amr122,babble10,0.0,0.25851076275152085,0.31530898876404495,282,2137,0.31530898876404495,282
251,41,amr122,babble10,0.01,0.2620203556387459,0.3202247191011236,282,2137,0.3202247191011236,282
251,41,amr122,babble10,0.05,0.28217126813289656,0.345,282,2137,0.345,282
251,41,amr475,babble10,0.0,0.3575397753860552,0.3946220930232558,282,2137,0.3946220930232558,282
251,41,amr475,babble10,0.01,0.3590021057557323,0.40061475409836067,282,2137,0.40061475409836067,282
251,41,amr475,babble10,0.05,0.36976485727655595,0.42378048780487804,282,2137,0.42378048780487804,282
251,41,amr122_g711u,babble10,0.0,0.25991459990641086,0.31179775280898875,282,2137,0.31179775280898875,282
251,41,amr122_g711u,babble10,0.01,0.26406761815629387,0.31666666666666665,282,2137,0.31666666666666665,282
251,41,amr122_g711u,babble10,0.05,0.2781644829199813,0.33166666666666667,282,2137,0.33166666666666667,282
2803,42,g711u,clean,0.0,0.08819618272841051,0.11883802816901408,211,1598,0.11883802816901408,211
2803,42,g711u,clean,0.01,0.094180225281602,0.1201923076923077,211,1598,0.1201923076923077,211
2803,42,g711u,clean,0.05,0.12038485607008761,0.17668269230769232,211,1598,0.17668269230769232,211
2803,42,g711a,clean,0.0,0.08717928660826033,0.125,211,1598,0.125,211
2803,42,g711a,clean,0.01,0.094180225281602,0.14191176470588235,211,1598,0.14191176470588235,211
2803,42,g711a,clean,0.05,0.11467459324155194,0.17075892857142858,211,1598,0.17075892857142858,211
2803,42,opus16,clean,0.0,0.16864831038798497,0.2029109589041096,211,1598,0.2029109589041096,211
2803,42,opus16,clean,0.01,0.17322434292866082,0.20426829268292682,211,1598,0.20426829268292682,211
2803,42,opus16,clean,0.05,0.2059996871088861,0.2796610169491525,211,1598,0.2796610169491525,211
2803,42,amr122,clean,0.0,0.2712765957446808,0.3095703125,211,1598,0.3095703125,211
2803,42,amr122,clean,0.01,0.27471839799749687,0.3134765625,211,1598,0.3134765625,211
2803,42,amr122,clean,0.05,0.29748122653316644,0.36885245901639346,211,1598,0.36885245901639346,211
2803,42,amr475,clean,0.0,0.37546875,0.4175,211,1598,0.41615853658536583,211
2803,42,amr475,clean,0.01,0.375625,0.4125,211,1598,0.4117647058823529,211
2803,42,amr475,clean,0.05,0.3869289737171464,0.4260204081632653,211,1598,0.4260204081632653,211
2803,42,amr122_g711u,clean,0.0,0.27890331664580725,0.32060185185185186,211,1598,0.32060185185185186,211
2803,42,amr122_g711u,clean,0.01,0.28250156445556945,0.3287037037037037,211,1598,0.3287037037037037,211
2803,42,amr122_g711u,clean,0.05,0.29798967459324155,0.35237068965517243,211,1598,0.35237068965517243,211
2803,42,g711u,white20,0.0,0.03203125,0.051829268292682924,149,1040,0.051829268292682924,149
2803,42,g711u,white20,0.01,0.04158653846153846,0.08854166666666667,149,1040,0.08854166666666667,149
2803,42,g711u,white20,0.05,0.06604567307692308,0.1361111111111111,149,1040,0.1361111111111111,149
2803,42,g711a,white20,0.0,0.03251201923076923,0.05324074074074074,149,1040,0.05324074074074074,149
2803,42,g711a,white20,0.01,0.03894230769230769,0.06525735294117647,149,1040,0.06525735294117647,149
2803,42,g711a,white20,0.05,0.07367788461538462,0.11160714285714286,149,1040,0.11160714285714286,149
2803,42,opus16,white20,0.0,0.1665264423076923,0.19591346153846154,149,1040,0.19591346153846154,149
2803,42,opus16,white20,0.01,0.17361778846153847,0.21514423076923078,149,1040,0.21514423076923078,149
2803,42,opus16,white20,0.05,0.19645432692307693,0.25,149,1040,0.25,149
2803,42,amr122,white20,0.0,0.2692307692307692,0.30649038461538464,149,1040,0.30649038461538464,149
2803,42,amr122,white20,0.01,0.27103365384615385,0.30649038461538464,149,1040,0.30649038461538464,149
2803,42,amr122,white20,0.05,0.28912259615384617,0.3263888888888889,149,1040,0.3263888888888889,149
2803,42,amr475,white20,0.0,0.3737980769230769,0.43154761904761907,149,1040,0.43154761904761907,149
2803,42,amr475,white20,0.01,0.3763221153846154,0.43154761904761907,149,1040,0.43154761904761907,149
2803,42,amr475,white20,0.05,0.3855168269230769,0.44494047619047616,149,1040,0.44494047619047616,149
2803,42,amr122_g711u,white20,0.0,0.2706129807692308,0.3089622641509434,149,1040,0.3089622641509434,149
2803,42,amr122_g711u,white20,0.01,0.2751201923076923,0.3089622641509434,149,1040,0.3089622641509434,149
2803,42,amr122_g711u,white20,0.05,0.28870192307692305,0.33578431372549017,149,1040,0.33578431372549017,149
2803,42,g711u,babble10,0.0,0.04418932786044125,0.09436274509803921,280,1949,0.09436274509803921,280
2803,42,g711u,babble10,0.01,0.05137249871729092,0.11274509803921569,280,1949,0.11274509803921569,280
2803,42,g711u,babble10,0.05,0.08783350436121087,0.14322916666666666,280,1949,0.14322916666666666,280
2803,42,g711a,babble10,0.0,0.04232939969214982,0.07475490196078431,280,1949,0.07475490196078431,280
2803,42,g711a,babble10,0.01,0.04672267829656234,0.07875,280,1949,0.07875,280
2803,42,g711a,babble10,0.05,0.08780143663417136,0.15327380952380953,280,1949,0.15327380952380953,280
2803,42,opus16,babble10,0.0,0.16069146216768918,0.22625,280,1949,0.1945754716981132,280
2803,42,opus16,babble10,0.01,0.1660276073619632,0.2325,280,1949,0.20081967213114754,280
2803,42,opus16,babble10,0.05,0.18721257026060295,0.24431818181818182,280,1949,0.24320652173913043,280
2803,42,amr122,babble10,0.0,0.24348159509202455,0.3013888888888889,280,1949,0.3013888888888889,280
2803,42,amr122,babble10,0.01,0.24814672801635992,0.30952380952380953,280,1949,0.30952380952380953,280
2803,42,amr122,babble10,0.05,0.26326048057259716,0.30972222222222223,280,1949,0.30972222222222223,280
2803,42,amr475,babble10,0.0,0.3492271333673991,0.4232456140350877,280,1949,0.39651639344262296,280
2803,42,amr475,babble10,0.01,0.35088783852835975,0.4232456140350877,280,1949,0.4047131147540984,280
2803,42,amr475,babble10,0.05,0.36086956521739133,0.43201754385964913,280,1949,0.4116666666666667,280
2803,42,amr122_g711u,babble10,0.0,0.24593989769820973,0.3138888888888889,280,1949,0.3138888888888889,280
2803,42,amr122_g711u,babble10,0.01,0.2520780051150895,0.3138888888888889,280,1949,0.3138888888888889,280
2803,42,amr122_g711u,babble10,0.05,0.2692455242966752,0.3263888888888889,280,1949,0.3263888888888889,280
2803,43,g711u,clean,0.0,0.07911439665471924,0.12171052631578948,225,1674,0.12171052631578948,225
2803,43,g711u,clean,0.01,0.09274193548387097,0.15165441176470587,225,1674,0.15165441176470587,225
2803,43,g711u,clean,0.05,0.122610513739546,0.16785714285714284,225,1674,0.16785714285714284,225
2803,43,g711a,clean,0.0,0.07743428912783752,0.11333333333333333,225,1674,0.11333333333333333,225
2803,43,g711a,clean,0.01,0.08800029868578256,0.12867647058823528,225,1674,0.12867647058823528,225
2803,43,g711a,clean,0.05,0.10771356033452807,0.17447916666666666,225,1674,0.17447916666666666,225
2803,43,opus16,clean,0.0,0.1671390214797136,0.19875,225,1674,0.19875,225
2803,43,opus16,clean,0.01,0.17325477326968974,0.22005208333333334,225,1674,0.20233050847457626,225
2803,43,opus16,clean,0.05,0.19324284009546538,0.25125,225,1674,0.25125,225
2803,43,amr122,clean,0.0,0.25667910447761194,0.305,225,1674,0.305,225
2803,43,amr122,clean,0.01,0.2632835820895522,0.30916666666666665,225,1674,0.30916666666666665,225
2803,43,amr122,clean,0.05,0.27817164179104475,0.3175,225,1674,0.3175,225
2803,43,amr475,clean,0.0,0.3658154121863799,0.4162234042553192,225,1674,0.4162234042553192,225
2803,43,amr475,clean,0.01,0.366450119474313,0.4162234042553192,225,1674,0.4162234042553192,225
2803,43,amr475,clean,0.05,0.3781362007168459,0.4289383561643836,225,1674,0.4289383561643836,225
2803,43,amr122_g711u,clean,0.0,0.2650746268656716,0.31333333333333335,225,1674,0.31333333333333335,225
2803,43,amr122_g711u,clean,0.01,0.2696268656716418,0.31333333333333335,225,1674,0.31333333333333335,225
2803,43,amr122_g711u,clean,0.05,0.28828358208955224,0.3566666666666667,225,1674,0.3566666666666667,225
2803,43,g711u,white20,0.0,0.027259959141981614,0.03891509433962264,121,979,0.03891509433962264,121
2803,43,g711u,white20,0.01,0.03958120531154239,0.08072916666666667,121,979,0.08072916666666667,121
2803,43,g711u,white20,0.05,0.06364913176710929,0.13541666666666666,121,979,0.13541666666666666,121
2803,43,g711a,white20,0.0,0.026174668028600613,0.0484375,121,979,0.0484375,121
2803,43,g711a,white20,0.01,0.03760214504596527,0.08288043478260869,121,979,0.08288043478260869,121
2803,43,g711a,white20,0.05,0.0679902962206333,0.13696808510638298,121,979,0.13696808510638298,121
2803,43,opus16,white20,0.0,0.16924157303370788,0.21577380952380953,121,979,0.21577380952380953,121
2803,43,opus16,white20,0.01,0.17537027579162412,0.21577380952380953,121,979,0.21577380952380953,121
2803,43,opus16,white20,0.05,0.19994892747701737,0.28863636363636364,121,979,0.28863636363636364,121
2803,43,amr122,white20,0.0,0.26072522982635343,0.305,121,979,0.305,121
2803,43,amr122,white20,0.01,0.26570480081716036,0.3175,121,979,0.3175,121
2803,43,amr122,white20,0.05,0.2796220633299285,0.3288690476190476,121,979,0.3288690476190476,121
2803,43,amr475,white20,0.0,0.3679136874361593,0.43023255813953487,121,979,0.43023255813953487,121
2803,43,amr475,white20,0.01,0.370658835546476,0.4273255813953488,121,979,0.4273255813953488,121
2803,43,amr475,white20,0.05,0.379341164453524,0.4375,121,979,0.4375,121
2803,43,amr122_g711u,white20,0.0,0.25810776302349336,0.3025,121,979,0.3025,121
2803,43,amr122_g711u,white20,0.01,0.26117211440245147,0.31375,121,979,0.31375,121
2803,43,amr122_g711u,white20,0.05,0.2861976506639428,0.36890243902439024,121,979,0.36890243902439024,121
2803,43,g711u,babble10,0.0,0.035078436254980076,0.06367924528301887,273,2008,0.06367924528301887,273
2803,43,g711u,babble10,0.01,0.04195717131474103,0.07678571428571429,273,2008,0.07678571428571429,273
2803,43,g711u,babble10,0.05,0.07498132470119521,0.1390625,273,2008,0.1390625,273
2803,43,g711a,babble10,0.0,0.03174800796812749,0.05555555555555555,273,2008,0.05555555555555555,273
2803,43,g711a,babble10,0.01,0.04173929282868526,0.08504098360655737,273,2008,0.08504098360655737,273
2803,43,g711a,babble10,0.05,0.07218002988047809,0.13768115942028986,273,2008,0.13768115942028986,273
2803,43,opus16,babble10,0.0,0.1512699203187251,0.1796875,273,2008,0.1796875,273
2803,43,opus16,babble10,0.01,0.154289093625498,0.19202898550724637,273,2008,0.19202898550724637,273
2803,43,opus16,babble10,0.05,0.17984312749003983,0.2367957746478873,273,2008,0.2367957746478873,273
2803,43,amr122,babble10,0.0,0.23323170731707318,0.28046875,273,2008,0.28046875,273
2803,43,amr122,babble10,0.01,0.23957814833250374,0.28375,273,2008,0.2828125,273
2803,43,amr122,babble10,0.05,0.25249003984063745,0.309375,273,2008,0.309375,273
2803,43,amr475,babble10,0.0,0.3353969636635142,0.3793103448275862,273,2008,0.3793103448275862,273
2803,43,amr475,babble10,0.01,0.33796641791044774,0.38469827586206895,273,2008,0.38469827586206895,273
2803,43,amr475,babble10,0.05,0.34580223880597016,0.38839285714285715,273,2008,0.38839285714285715,273
2803,43,amr122_g711u,babble10,0.0,0.23559606769537084,0.29375,273,2008,0.29375,273
2803,43,amr122_g711u,babble10,0.01,0.2416314086610254,0.29453125,273,2008,0.29453125,273
2803,43,amr122_g711u,babble10,0.05,0.2577463912394226,0.3161231884057971,273,2008,0.3161231884057971,273
2803,44,g711u,clean,0.0,0.09566848567530696,0.12256493506493507,202,1466,0.12256493506493507,202
2803,44,g711u,clean,0.01,0.10372612551159618,0.14691558441558442,202,1466,0.14691558441558442,202
2803,44,g711u,clean,0.05,0.12922066848567532,0.19341216216216217,202,1466,0.19341216216216217,202
2803,44,g711a,clean,0.0,0.09272680763983629,0.11964285714285715,202,1466,0.11964285714285715,202
2803,44,g711a,clean,0.01,0.09660641200545703,0.11964285714285715,202,1466,0.11964285714285715,202
2803,44,g711a,clean,0.05,0.12389154160982264,0.1912313432835821,202,1466,0.1912313432835821,202
2803,44,opus16,clean,0.0,0.16980729877216916,0.21022727272727273,202,1466,0.21022727272727273,202
2803,44,opus16,clean,0.01,0.17748807089297886,0.22916666666666666,202,1466,0.21805555555555556,202
2803,44,opus16,clean,0.05,0.20037517053206003,0.23600746268656717,202,1466,0.23600746268656717,202
2803,44,amr122,clean,0.0,0.26833730428863173,0.31994047619047616,202,1466,0.31994047619047616,202
2803,44,amr122,clean,0.01,0.27233662355343774,0.32122093023255816,202,1466,0.32122093023255816,202
2803,44,amr122,clean,0.05,0.2822305593451569,0.33779761904761907,202,1466,0.33779761904761907,202
2803,44,amr475,clean,0.0,0.38090986394557824,0.41888297872340424,202,1466,0.41888297872340424,202
2803,44,amr475,clean,0.01,0.3826105442176871,0.4199561403508772,202,1466,0.4199561403508772,202
2803,44,amr475,clean,0.05,0.3875,0.425531914893617,202,1466,0.425531914893617,202
2803,44,amr122_g711u,clean,0.0,0.2734907912687585,0.3318452380952381,202,1466,0.3318452380952381,202
2803,44,amr122_g711u,clean,0.01,0.2785214870395634,0.33630952380952384,202,1466,0.33630952380952384,202
2803,44,amr122_g711u,clean,0.05,0.2922493178717599,0.37202380952380953,202,1466,0.37202380952380953,202
2803,44,g711u,white20,0.0,0.032570422535211266,0.056818181818181816,137,994,0.056818181818181816,137
2803,44,g711u,white20,0.01,0.0482897384305835,0.10416666666666667,137,994,0.10416666666666667,137
2803,44,g711u,white20,0.05,0.08557595573440643,0.16489361702127658,137,994,0.16489361702127658,137
2803,44,g711a,white20,0.0,0.03194164989939638,0.050872093023255814,137,994,0.050872093023255814,137
2803,44,g711a,white20,0.01,0.03816649899396378,0.07291666666666667,137,994,0.07291666666666667,137
2803,44,g711a,white20,0.05,0.07023390342052314,0.11527777777777778,137,994,0.11527777777777778,137
2803,44,opus16,white20,0.0,0.173226861167002,0.20684523809523808,137,994,0.20684523809523808,137
2803,44,opus16,white20,0.01,0.17938883299798794,0.215625,137,994,0.215625,137
2803,44,opus16,white20,0.05,0.20045271629778671,0.24189814814814814,137,994,0.24189814814814814,137
2803,44,amr122,white20,0.0,0.2677313883299799,0.3002450980392157,137,994,0.3002450980392157,137
2803,44,amr122,white20,0.01,0.2698692152917505,0.30612244897959184,137,994,0.30612244897959184,137
2803,44,amr122,white20,0.05,0.29168762575452717,0.3541666666666667,137,994,0.3541666666666667,137
2803,44,amr475,white20,0.0,0.37996730382293764,0.4296875,137,994,0.4296875,137
2803,44,amr475,white20,0.01,0.38267102615694165,0.4359375,137,994,0.4359375,137
2803,44,amr475,white20,0.05,0.3932344064386318,0.43028846153846156,137,994,0.43028846153846156,137
2803,44,amr122_g711u,white20,0.0,0.2706866197183099,0.3048469387755102,137,994,0.3048469387755102,137
2803,44,amr122_g711u,white20,0.01,0.27684859154929575,0.3170731707317073,137,994,0.3170731707317073,137
2803,44,amr122_g711u,white20,0.05,0.2878521126760563,0.3313953488372093,137,994,0.3313953488372093,137
2803,44,g711u,babble10,0.0,0.061480815347721825,0.09302325581395349,269,2085,0.09302325581395349,269
2803,44,g711u,babble10,0.01,0.0736810551558753,0.17073170731707318,269,2085,0.17073170731707318,269
2803,44,g711u,babble10,0.05,0.10815347721822542,0.17219387755102042,269,2085,0.17219387755102042,269
2803,44,g711a,babble10,0.0,0.06091127098321343,0.09038461538461538,269,2085,0.09038461538461538,269
2803,44,g711a,babble10,0.01,0.06858513189448441,0.11057692307692307,269,2085,0.11057692307692307,269
2803,44,g711a,babble10,0.05,0.0994304556354916,0.1527777777777778,269,2085,0.1527777777777778,269
2803,44,opus16,babble10,0.0,0.16913350910834132,0.21919014084507044,269,2085,0.21919014084507044,269
2803,44,opus16,babble10,0.01,0.17605465004793863,0.23975409836065573,269,2085,0.23151408450704225,269
2803,44,opus16,babble10,0.05,0.19651845637583892,0.2438380281690141,269,2085,0.2438380281690141,269
2803,44,amr122,babble10,0.0,0.2692054170661553,0.3104508196721312,269,2085,0.30319148936170215,269
2803,44,amr122,babble10,0.01,0.2720517737296261,0.3151595744680851,269,2085,0.3151595744680851,269
2803,44,amr122,babble10,0.05,0.2858513189448441,0.3226744186046512,269,2085,0.3226744186046512,269
2803,44,amr475,babble10,0.0,0.37688667944417825,0.4298245614035088,269,2085,0.4298245614035088,269
2803,44,amr475,babble10,0.01,0.37862362242453285,0.4342105263157895,269,2085,0.4342105263157895,269
2803,44,amr475,babble10,0.05,0.3891650694777192,0.4407894736842105,269,2085,0.4407894736842105,269
2803,44,amr122_g711u,babble10,0.0,0.27408916586768933,0.32313829787234044,269,2085,0.32313829787234044,269
2803,44,amr122_g711u,babble10,0.01,0.27768456375838924,0.324468085106383,269,2085,0.324468085106383,269
2803,44,amr122_g711u,babble10,0.05,0.29497243528283795,0.3523936170212766,269,2085,0.3523936170212766,269
2902,45,g711u,clean,0.0,0.0551776790671849,0.11298076923076923,233,1801,0.11298076923076923,233
2902,45,g711u,clean,0.01,0.06038312048861744,0.11298076923076923,233,1801,0.11298076923076923,233
2902,45,g711u,clean,0.05,0.09258745141588007,0.1644021739130435,233,1801,0.1644021739130435,233
2902,45,g711a,clean,0.0,0.05215852304275403,0.09735576923076923,233,1801,0.09735576923076923,233
2902,45,g711a,clean,0.01,0.05840505274847307,0.09765625,233,1801,0.09765625,233
2902,45,g711a,clean,0.05,0.09348972792892837,0.18112244897959184,233,1801,0.18112244897959184,233
2902,45,opus16,clean,0.0,0.15786368684064409,0.20923913043478262,233,1801,0.20923913043478262,233
2902,45,opus16,clean,0.01,0.16320794003331482,0.21568627450980393,233,1801,0.21568627450980393,233
2902,45,opus16,clean,0.05,0.1941976679622432,0.2417279411764706,233,1801,0.2417279411764706,233
2902,45,amr122,clean,0.0,0.26384647418101054,0.3275862068965517,233,1801,0.3275862068965517,233
2902,45,amr122,clean,0.01,0.2670738478622987,0.3275862068965517,233,1801,0.3275862068965517,233
2902,45,amr122,clean,0.05,0.28352304275402557,0.34441489361702127,233,1801,0.34441489361702127,233
2902,45,amr475,clean,0.0,0.3676082731815658,0.40406976744186046,233,1801,0.40406976744186046,233
2902,45,amr475,clean,0.01,0.3710785674625208,0.40454545454545454,233,1801,0.40454545454545454,233
2902,45,amr475,clean,0.05,0.3800291342952275,0.4268292682926829,233,1801,0.4268292682926829,233
2902,45,amr122_g711u,clean,0.0,0.2642976124375347,0.3275862068965517,233,1801,0.3275862068965517,233
2902,45,amr122_g711u,clean,0.01,0.2695377568017768,0.3275862068965517,233,1801,0.3275862068965517,233
2902,45,amr122_g711u,clean,0.05,0.290741254858412,0.3463983050847458,233,1801,0.3463983050847458,233
2902,45,g711u,white20,0.0,0.029729318734793186,0.04796511627906977,56,822,0.04796511627906977,56
2902,45,g711u,white20,0.01,0.039309610705596104,0.059375,56,822,0.059375,56
2902,45,g711u,white20,0.05,0.07086374695863747,0.10576923076923077,56,822,0.10576923076923077,56
2902,45,g711a,white20,0.0,0.02912104622871046,0.044444444444444446,56,822,0.044444444444444446,56
2902,45,g711a,white20,0.01,0.03489963503649635,0.058333333333333334,56,822,0.058333333333333334,56
2902,45,g711a,white20,0.05,0.06554136253041362,0.1390625,56,822,0.1390625,56
2902,45,opus16,white20,0.0,0.15480535279805352,0.1984375,56,822,0.1984375,56
2902,45,opus16,white20,0.01,0.16065997566909976,0.1984375,56,822,0.1984375,56
2902,45,opus16,white20,0.05,0.18727189781021897,0.2393617021276596,56,822,0.2393617021276596,56
2902,45,amr122,white20,0.0,0.2623935523114355,0.3125,56,822,0.3125,56
2902,45,amr122,white20,0.01,0.2639902676399027,0.3125,56,822,0.3125,56
2902,45,amr122,white20,0.05,0.27858880778588807,0.31859756097560976,56,822,0.31859756097560976,56
2902,45,amr475,white20,0.0,0.3527220194647202,0.3854166666666667,56,822,0.3854166666666667,56
2902,45,amr475,white20,0.01,0.35675182481751827,0.3900462962962963,56,822,0.3900462962962963,56
2902,45,amr475,white20,0.05,0.36906934306569344,0.4054878048780488,56,822,0.4054878048780488,56
2902,45,amr122_g711u,white20,0.0,0.26322992700729925,0.30186170212765956,56,822,0.30186170212765956,56
2902,45,amr122_g711u,white20,0.01,0.26847627737226276,0.30640243902439024,56,822,0.30640243902439024,56
2902,45,amr122_g711u,white20,0.05,0.28132603406326034,0.33016304347826086,56,822,0.33016304347826086,56
2902,45,g711u,babble10,0.0,0.04017857142857143,0.083984375,238,1876,0.083984375,238
2902,45,g711u,babble10,0.01,0.05230543710021322,0.1064453125,238,1876,0.1064453125,238
2902,45,g711u,babble10,0.05,0.0789245735607676,0.1568627450980392,238,1876,0.1568627450980392,238
2902,45,g711a,babble10,0.0,0.03917910447761194,0.0908203125,238,1876,0.0908203125,238
2902,45,g711a,babble10,0.01,0.0484408315565032,0.10277777777777777,238,1876,0.10277777777777777,238
2902,45,g711a,babble10,0.05,0.07602611940298508,0.1728515625,238,1876,0.1728515625,238
2902,45,opus16,babble10,0.0,0.15881529850746268,0.19305555555555556,238,1876,0.19305555555555556,238
2902,45,opus16,babble10,0.01,0.16671108742004265,0.19583333333333333,238,1876,0.19583333333333333,238
2902,45,opus16,babble10,0.05,0.1923973880597015,0.2663690476190476,238,1876,0.2663690476190476,238
2902,45,amr122,babble10,0.0,0.24207089552238806,0.28716216216216217,238,1876,0.28716216216216217,238
2902,45,amr122,babble10,0.01,0.24426972281449894,0.28716216216216217,238,1876,0.28716216216216217,238
2902,45,amr122,babble10,0.05,0.26119402985074625,0.3134920634920635,238,1876,0.3134920634920635,238
2902,45,amr475,babble10,0.0,0.35164578891257997,0.40625,238,1876,0.40625,238
2902,45,amr475,babble10,0.01,0.3530783582089552,0.4094551282051282,238,1876,0.4094551282051282,238
2902,45,amr475,babble10,0.05,0.36237340085287845,0.4110576923076923,238,1876,0.4110576923076923,238
2902,45,amr122_g711u,babble10,0.0,0.24653518123667378,0.2879746835443038,238,1876,0.2879746835443038,238
2902,45,amr122_g711u,babble10,0.01,0.2509994669509595,0.296875,238,1876,0.296875,238
2902,45,amr122_g711u,babble10,0.05,0.2635261194029851,0.31925675675675674,238,1876,0.31925675675675674,238
2902,46,g711u,clean,0.0,0.05296664943123061,0.09490740740740741,247,1934,0.09490740740740741,247
2902,46,g711u,clean,0.01,0.06359875904860393,0.11758474576271187,247,1934,0.11758474576271187,247
2902,46,g711u,clean,0.05,0.09762797311271976,0.21651785714285715,247,1934,0.21651785714285715,247
2902,46,g711a,clean,0.0,0.052417269906928646,0.11033950617283951,247,1934,0.11033950617283951,247
2902,46,g711a,clean,0.01,0.06201525336091003,0.12416666666666666,247,1934,0.12416666666666666,247
2902,46,g711a,clean,0.05,0.09090615305067218,0.15995762711864406,247,1934,0.15995762711864406,247
2902,46,opus16,clean,0.0,0.16455532574974147,0.196875,247,1934,0.196875,247
2902,46,opus16,clean,0.01,0.16772233712512927,0.20253164556962025,247,1934,0.20253164556962025,247
2902,46,opus16,clean,0.05,0.19897233712512927,0.2877604166666667,247,1934,0.2877604166666667,247
2902,46,amr122,clean,0.0,0.26228024819027923,0.299512987012987,247,1934,0.299512987012987,247
2902,46,amr122,clean,0.01,0.265188728024819,0.3003246753246753,247,1934,0.3003246753246753,247
2902,46,amr122,clean,0.05,0.2838999482936918,0.3482142857142857,247,1934,0.3482142857142857,247
2902,46,amr475,clean,0.0,0.36792269906928643,0.4237012987012987,247,1934,0.4237012987012987,247
2902,46,amr475,clean,0.01,0.36957083764219234,0.4237012987012987,247,1934,0.4237012987012987,247
2902,46,amr475,clean,0.05,0.38023526370217164,0.43506493506493504,247,1934,0.43506493506493504,247
2902,46,amr122_g711u,clean,0.0,0.2641222854188211,0.30739795918367346,247,1934,0.30739795918367346,247
2902,46,amr122_g711u,clean,0.01,0.2680648914167528,0.31006493506493504,247,1934,0.31006493506493504,247
2902,46,amr122_g711u,clean,0.05,0.2889413133402275,0.3326271186440678,247,1934,0.3326271186440678,247
2902,46,g711u,white20,0.0,0.030835176991150442,0.05232558139534884,80,904,0.05232558139534884,80
2902,46,g711u,white20,0.01,0.03532909292035398,0.056686046511627904,80,904,0.056686046511627904,80
2902,46,g711u,white20,0.05,0.07784845132743363,0.13352272727272727,80,904,0.13352272727272727,80
2902,46,g711a,white20,0.0,0.027793141592920356,0.049107142857142856,80,904,0.049107142857142856,80
2902,46,g711a,white20,0.01,0.041966261061946904,0.11005434782608696,80,904,0.11005434782608696,80
2902,46,g711a,white20,0.05,0.07646570796460177,0.10904255319148937,80,904,0.10904255319148937,80
2902,46,opus16,white20,0.0,0.15341537610619468,0.18323863636363635,80,904,0.18323863636363635,80
2902,46,opus16,white20,0.01,0.16046736725663716,0.19476744186046513,80,904,0.19476744186046513,80
2902,46,opus16,white20,0.05,0.18722345132743362,0.2361111111111111,80,904,0.2361111111111111,80
2902,46,amr122,white20,0.0,0.2526963495575221,0.28422619047619047,80,904,0.28422619047619047,80
2902,46,amr122,white20,0.01,0.25891869469026546,0.30625,80,904,0.30625,80
2902,46,amr122,white20,0.05,0.27295353982300885,0.31521739130434784,80,904,0.31521739130434784,80
2902,46,amr475,white20,0.0,0.3577848451327434,0.40029761904761907,80,904,0.40029761904761907,80
2902,46,amr475,white20,0.01,0.36082688053097345,0.40029761904761907,80,904,0.40029761904761907,80
2902,46,amr475,white20,0.05,0.3703678097345133,0.41517857142857145,80,904,0.41517857142857145,80
2902,46,amr122_g711u,white20,0.0,0.25539269911504425,0.2976190476190476,80,904,0.2976190476190476,80
2902,46,amr122_g711u,white20,0.01,0.26057798672566373,0.30694444444444446,80,904,0.30694444444444446,80
2902,46,amr122_g711u,white20,0.05,0.2764103982300885,0.32472826086956524,80,904,0.32472826086956524,80
2902,46,g711u,babble10,0.0,0.04460540115364447,0.096875,248,1907,0.096875,248
2902,46,g711u,babble10,0.01,0.05089800734137388,0.1025,248,1907,0.1025,248
2902,46,g711u,babble10,0.05,0.0886536444677504,0.1449468085106383,248,1907,0.1449468085106383,248
2902,46,g711a,babble10,0.0,0.0420162558993183,0.075,248,1907,0.075,248
2902,46,g711a,babble10,0.01,0.05188122705820661,0.109375,248,1907,0.109375,248
2902,46,g711a,babble10,0.05,0.08570398531725223,0.14423076923076922,248,1907,0.14423076923076922,248
2902,46,opus16,babble10,0.0,0.16334556895647614,0.2015625,248,1907,0.2015625,248
2902,46,opus16,babble10,0.01,0.16826166754063976,0.20625,248,1907,0.20625,248
2902,46,opus16,babble10,0.05,0.18999082328264288,0.24364406779661016,248,1907,0.24364406779661016,248
2902,46,amr122,babble10,0.0,0.25868510749868906,0.30842391304347827,248,1907,0.30842391304347827,248
2902,46,amr122,babble10,0.01,0.26415836392239117,0.3125,248,1907,0.3125,248
2902,46,amr122,babble10,0.05,0.27808730991085473,0.33125,248,1907,0.33125,248
2902,46,amr475,babble10,0.0,0.3655283167278448,0.42291666666666666,248,1907,0.42291666666666666,248
2902,46,amr475,babble10,0.01,0.36742920818038804,0.4354166666666667,248,1907,0.4354166666666667,248
2902,46,amr475,babble10,0.05,0.3768681174619822,0.4239583333333333,248,1907,0.4239583333333333,248
2902,46,amr122_g711u,babble10,0.0,0.262650760356581,0.3103813559322034,248,1907,0.3103813559322034,248
2902,46,amr122_g711u,babble10,0.01,0.2655020975353959,0.3103813559322034,248,1907,0.3103813559322034,248
2902,46,amr122_g711u,babble10,0.05,0.2827739905610907,0.3411016949152542,248,1907,0.3411016949152542,248
2902,47,g711u,clean,0.0,0.04830266497461929,0.0703125,200,1576,0.0703125,200
2902,47,g711u,clean,0.01,0.0532994923857868,0.08152173913043478,200,1576,0.08152173913043478,200
2902,47,g711u,clean,0.05,0.0877617385786802,0.15538194444444445,200,1576,0.15538194444444445,200
2902,47,g711a,clean,0.0,0.04604219543147208,0.0796875,200,1576,0.0796875,200
2902,47,g711a,clean,0.01,0.056749682741116754,0.1109375,200,1576,0.1109375,200
2902,47,g711a,clean,0.05,0.092877538071066,0.16391509433962265,200,1576,0.16391509433962265,200
2902,47,opus16,clean,0.0,0.15985881979695432,0.19117647058823528,200,1576,0.19117647058823528,200
2902,47,opus16,clean,0.01,0.1673144035532995,0.21341463414634146,200,1576,0.21341463414634146,200
2902,47,opus16,clean,0.05,0.1898001269035533,0.23177083333333334,200,1576,0.23177083333333334,200
2902,47,amr122,clean,0.0,0.25888324873096447,0.30089285714285713,200,1576,0.30089285714285713,200
2902,47,amr122,clean,0.01,0.26558534263959394,0.3170731707317073,200,1576,0.3170731707317073,200
2902,47,amr122,clean,0.05,0.27430996192893403,0.31788793103448276,200,1576,0.31788793103448276,200
2902,47,amr475,clean,0.0,0.3699238578680203,0.4044642857142857,200,1576,0.4044642857142857,200
2902,47,amr475,clean,0.01,0.37091529187817257,0.40347222222222223,200,1576,0.40347222222222223,200
2902,47,amr475,clean,0.05,0.37650697969543145,0.4127906976744186,200,1576,0.4127906976744186,200
2902,47,amr122_g711u,clean,0.0,0.2606281725888325,0.3026785714285714,200,1576,0.3026785714285714,200
2902,47,amr122_g711u,clean,0.01,0.26677506345177665,0.3059593023255814,200,1576,0.3059593023255814,200
2902,47,amr122_g711u,clean,0.05,0.2774825507614213,0.3429878048780488,200,1576,0.3429878048780488,200
2902,47,g711u,white20,0.0,0.029205607476635514,0.04573170731707317,92,856,0.04573170731707317,92
2902,47,g711u,white20,0.01,0.03387850467289719,0.06402439024390244,92,856,0.06402439024390244,92
2902,47,g711u,white20,0.05,0.08104556074766354,0.15353260869565216,92,856,0.15353260869565216,92
2902,47,g711a,white20,0.0,0.02635806074766355,0.04619565217391304,92,856,0.04619565217391304,92
2902,47,g711a,white20,0.01,0.03731016355140187,0.11890243902439024,92,856,0.11890243902439024,92
2902,47,g711a,white20,0.05,0.0657126168224299,0.1130952380952381,92,856,0.1130952380952381,92
2902,47,opus16,white20,0.0,0.1543516355140187,0.19701086956521738,92,856,0.19701086956521738,92
2902,47,opus16,white20,0.01,0.16194509345794392,0.22321428571428573,92,856,0.22321428571428573,92
2902,47,opus16,white20,0.05,0.17282418224299065,0.21875,92,856,0.21875,92
2902,47,amr122,white20,0.0,0.2481016355140187,0.31875,92,856,0.31875,92
2902,47,amr122,white20,0.01,0.25160630841121495,0.33125,92,856,0.33125,92
2902,47,amr122,white20,0.05,0.2728533878504673,0.340625,92,856,0.340625,92
2902,47,amr475,white20,0.0,0.3665303738317757,0.43323863636363635,92,856,0.43323863636363635,92
2902,47,amr475,white20,0.01,0.36740654205607476,0.43323863636363635,92,856,0.43323863636363635,92
2902,47,amr475,white20,0.05,0.37529205607476634,0.43892045454545453,92,856,0.43892045454545453,92
2902,47,amr122_g711u,white20,0.0,0.25102219626168226,0.3196022727272727,92,856,0.3196022727272727,92
2902,47,amr122_g711u,white20,0.01,0.25759345794392524,0.3181818181818182,92,856,0.3181818181818182,92
2902,47,amr122_g711u,white20,0.05,0.26730432242990654,0.328125,92,856,0.328125,92
2902,47,g711u,babble10,0.0,0.04006729810568295,0.0875,271,2006,0.0875,271
2902,47,g711u,babble10,0.01,0.05131480558325025,0.10590277777777778,271,2006,0.10590277777777778,271
2902,47,g711u,babble10,0.05,0.07904411764705882,0.13541666666666666,271,2006,0.13541666666666666,271
2902,47,g711a,babble10,0.0,0.04150049850448654,0.10344827586206896,271,2006,0.10344827586206896,271
2902,47,g711a,babble10,0.01,0.04751370887337986,0.121875,271,2006,0.121875,271
2902,47,g711a,babble10,0.05,0.0848703888334995,0.16789215686274508,271,2006,0.16789215686274508,271
2902,47,opus16,babble10,0.0,0.1646622632103689,0.2152777777777778,271,2006,0.2152777777777778,271
2902,47,opus16,babble10,0.01,0.1703327517447657,0.2371031746031746,271,2006,0.2371031746031746,271
2902,47,opus16,babble10,0.05,0.19706505483549352,0.26091269841269843,271,2006,0.26091269841269843,271
2902,47,amr122,babble10,0.0,0.2547357926221336,0.33405172413793105,271,2006,0.33405172413793105,271
2902,47,amr122,babble10,0.01,0.26034396809571286,0.3329741379310345,271,2006,0.3329741379310345,271
2902,47,amr122,babble10,0.05,0.27377243270189433,0.3492063492063492,271,2006,0.3492063492063492,271
2902,47,amr475,babble10,0.0,0.3606679960119641,0.40353260869565216,271,2006,0.40353260869565216,271
2902,47,amr475,babble10,0.01,0.36213235294117646,0.40353260869565216,271,2006,0.40353260869565216,271
2902,47,amr475,babble10,0.05,0.3720401296111665,0.42151162790697677,271,2006,0.42151162790697677,271
2902,47,amr122_g711u,babble10,0.0,0.2570102193419741,0.34226190476190477,271,2006,0.34226190476190477,271
2902,47,amr122_g711u,babble10,0.01,0.26283649052841473,0.34325396825396826,271,2006,0.34325396825396826,271
2902,47,amr122_g711u,babble10,0.05,0.2765142073778664,0.3521825396825397,271,2006,0.3521825396825397,271
3000,48,g711u,clean,0.0,0.10847617664148751,0.14720394736842105,218,1721,0.14720394736842105,218
3000,48,g711u,clean,0.01,0.11254357931435212,0.1622340425531915,218,1721,0.1622340425531915,218
3000,48,g711u,clean,0.05,0.140979081929111,0.22443181818181818,218,1721,0.22443181818181818,218
3000,48,g711a,clean,0.0,0.10350087158628704,0.16056034482758622,218,1721,0.16056034482758622,218
3000,48,g711a,clean,0.01,0.10738669378268449,0.16056034482758622,218,1721,0.16056034482758622,218
3000,48,g711a,clean,0.05,0.1313916327716444,0.18351063829787234,218,1721,0.18351063829787234,218
3000,48,opus16,clean,0.0,0.16908773968622895,0.1986111111111111,218,1721,0.1986111111111111,218
3000,48,opus16,clean,0.01,0.1746804183614178,0.208955223880597,218,1721,0.208955223880597,218
3000,48,opus16,clean,0.05,0.20006536897152818,0.24542682926829268,218,1721,0.24542682926829268,218
3000,48,amr122,clean,0.0,0.2850450319581639,0.32276119402985076,218,1721,0.32276119402985076,218
3000,48,amr122,clean,0.01,0.2882771644392795,0.3255597014925373,218,1721,0.3255597014925373,218
3000,48,amr122,clean,0.05,0.30679837303893087,0.34375,218,1721,0.34375,218
3000,48,amr475,clean,0.0,0.3866937826844858,0.45285087719298245,218,1721,0.45285087719298245,218
3000,48,amr475,clean,0.01,0.3874564206856479,0.45285087719298245,218,1721,0.45285087719298245,218
3000,48,amr475,clean,0.05,0.3962085996513655,0.45614035087719296,218,1721,0.45614035087719296,218
3000,48,amr122_g711u,clean,0.0,0.29430563625798956,0.33675373134328357,218,1721,0.33675373134328357,218
3000,48,amr122_g711u,clean,0.01,0.29761040092969204,0.34048507462686567,218,1721,0.34048507462686567,218
3000,48,amr122_g711u,clean,0.05,0.313589482858803,0.35181451612903225,218,1721,0.35181451612903225,218
3000,48,g711u,white20,0.0,0.03562062937062937,0.053125,169,1144,0.053125,169
3000,48,g711u,white20,0.01,0.049879807692307696,0.103125,169,1144,0.103125,169
3000,48,g711u,white20,0.05,0.0822770979020979,0.1798780487804878,169,1144,0.1798780487804878,169
3000,48,g711a,white20,0.0,0.03469187062937063,0.05,169,1144,0.05,169
3000,48,g711a,white20,0.01,0.044252622377622376,0.09239130434782608,169,1144,0.09239130434782608,169
3000,48,g711a,white20,0.05,0.08036494755244755,0.15767045454545456,169,1144,0.15767045454545456,169
3000,48,opus16,white20,0.0,0.16744973776223776,0.2005813953488372,169,1144,0.2005813953488372,169
3000,48,opus16,white20,0.01,0.17444274475524477,0.2215909090909091,169,1144,0.2215909090909091,169
3000,48,opus16,white20,0.05,0.19656905594405594,0.251453488372093,169,1144,0.251453488372093,169
3000,48,amr122,white20,0.0,0.2967111013986014,0.34146341463414637,169,1144,0.34146341463414637,169
3000,48,amr122,white20,0.01,0.2988964160839161,0.35106382978723405,169,1144,0.35106382978723405,169
3000,48,amr122,white20,0.05,0.315395541958042,0.3643292682926829,169,1144,0.3643292682926829,169
3000,48,amr475,white20,0.0,0.39384833916083917,0.4534313725490196,169,1144,0.4534313725490196,169
3000,48,amr475,white20,0.01,0.39515952797202797,0.4534313725490196,169,1144,0.4534313725490196,169
3000,48,amr475,white20,0.05,0.40286276223776224,0.4506578947368421,169,1144,0.4506578947368421,169
3000,48,amr122_g711u,white20,0.0,0.2996612762237762,0.3490853658536585,169,1144,0.3490853658536585,169
3000,48,amr122_g711u,white20,0.01,0.30157342657342656,0.3490853658536585,169,1144,0.3490853658536585,169
3000,48,amr122_g711u,white20,0.05,0.31315559440559443,0.3673780487804878,169,1144,0.3673780487804878,169
3000,48,g711u,babble10,0.0,0.0545363378952336,0.09551886792452831,280,2119,0.09551886792452831,280
3000,48,g711u,babble10,0.01,0.06474162340726758,0.10613207547169812,280,2119,0.10613207547169812,280
3000,48,g711u,babble10,0.05,0.09975224162340726,0.14969135802469136,280,2119,0.14969135802469136,280
3000,48,g711a,babble10,0.0,0.0545363378952336,0.09316037735849056,280,2119,0.09316037735849056,280
3000,48,g711a,babble10,0.01,0.06288343558282208,0.11505681818181818,280,2119,0.11505681818181818,280
3000,48,g711a,babble10,0.05,0.09146413402548371,0.15804597701149425,280,2119,0.15804597701149425,280
3000,48,opus16,babble10,0.0,0.16570316186880604,0.2046875,280,2119,0.2046875,280
3000,48,opus16,babble10,0.01,0.17210358659745162,0.20738636363636365,280,2119,0.20738636363636365,280
3000,48,opus16,babble10,0.05,0.19735134497404436,0.25625,280,2119,0.25625,280
3000,48,amr122,babble10,0.0,0.2705580462482303,0.31521739130434784,280,2119,0.31521739130434784,280
3000,48,amr122,babble10,0.01,0.2755132137800849,0.31521739130434784,280,2119,0.31521739130434784,280
3000,48,amr122,babble10,0.05,0.28984780556866446,0.358695652173913,280,2119,0.358695652173913,280
3000,48,amr475,babble10,0.0,0.3757373761208117,0.4270833333333333,280,2119,0.4270833333333333,280
3000,48,amr475,babble10,0.01,0.3785689004247286,0.4375,280,2119,0.4375,280
3000,48,amr475,babble10,0.05,0.38771236432279377,0.4409722222222222,280,2119,0.4409722222222222,280
3000,48,amr122_g711u,babble10,0.0,0.2742449268522888,0.3107142857142857,280,2119,0.3107142857142857,280
3000,48,amr122_g711u,babble10,0.01,0.27695847097687587,0.31645569620253167,280,2119,0.31645569620253167,280
3000,48,amr122_g711u,babble10,0.05,0.29347569608305807,0.35855263157894735,280,2119,0.35855263157894735,280
3000,49,g711u,clean,0.0,0.09812565308254964,0.1602112676056338,245,1914,0.1602112676056338,245
3000,49,g711u,clean,0.01,0.10557079414838036,0.1742957746478873,245,1914,0.1742957746478873,245
3000,49,g711u,clean,0.05,0.13868207941483804,0.23076923076923078,245,1914,0.23076923076923078,245
3000,49,g711a,clean,0.0,0.0977991118077325,0.15140845070422534,245,1914,0.15140845070422534,245
3000,49,g711a,clean,0.01,0.10576671891327064,0.17246835443037975,245,1914,0.17246835443037975,245
3000,49,g711a,clean,0.05,0.13159613375130616,0.21654929577464788,245,1914,0.21654929577464788,245
3000,49,opus16,clean,0.0,0.1708137408568443,0.21915584415584416,245,1914,0.21915584415584416,245
3000,49,opus16,clean,0.01,0.17718129571577848,0.22321428571428573,245,1914,0.22321428571428573,245
3000,49,opus16,clean,0.05,0.19661050156739812,0.2509765625,245,1914,0.2509765625,245
3000,49,amr122,clean,0.0,0.28990334378265414,0.33948863636363635,245,1914,0.33948863636363635,245
3000,49,amr122,clean,0.01,0.29457288401253917,0.33948863636363635,245,1914,0.33948863636363635,245
3000,49,amr122,clean,0.05,0.30959378265412746,0.37745098039215685,245,1914,0.37745098039215685,245
3000,49,amr475,clean,0.0,0.385384012539185,0.4269067796610169,245,1914,0.4269067796610169,245
3000,49,amr475,clean,0.01,0.38753918495297807,0.4269067796610169,245,1914,0.4269067796610169,245
3000,49,amr475,clean,0.05,0.3952129049111808,0.4385593220338983,245,1914,0.4385593220338983,245
3000,49,amr122_g711u,clean,0.0,0.29182993730407525,0.34066901408450706,245,1914,0.34066901408450706,245
3000,49,amr122_g711u,clean,0.01,0.2938871473354232,0.3503521126760563,245,1914,0.3503521126760563,245
3000,49,amr122_g711u,clean,0.05,0.30936520376175547,0.35651408450704225,245,1914,0.35651408450704225,245
3000,49,g711u,white20,0.0,0.03475020145044319,0.05945121951219512,178,1241,0.05945121951219512,178
3000,49,g711u,white20,0.01,0.04467163577759871,0.08608490566037735,178,1241,0.08608490566037735,178
3000,49,g711u,white20,0.05,0.07433521353746979,0.18995098039215685,178,1241,0.18995098039215685,178
3000,49,g711a,white20,0.0,0.03258460918614021,0.06402439024390244,178,1241,0.06402439024390244,178
3000,49,g711a,white20,0.01,0.03908138597904915,0.1015625,178,1241,0.1015625,178
3000,49,g711a,white20,0.05,0.08249395648670427,0.14030612244897958,178,1241,0.14030612244897958,178
3000,49,opus16,white20,0.0,0.17490934730056407,0.20703125,178,1241,0.20703125,178
3000,49,opus16,white20,0.01,0.17798146655922642,0.21153846153846154,178,1241,0.21153846153846154,178
3000,49,opus16,white20,0.05,0.20215551974214344,0.2640625,178,1241,0.2640625,178
3000,49,amr122,white20,0.0,0.2849012892828364,0.33203125,178,1241,0.33203125,178
3000,49,amr122,white20,0.01,0.2912973408541499,0.333984375,178,1241,0.333984375,178
3000,49,amr122,white20,0.05,0.30625503626107975,0.36046511627906974,178,1241,0.36046511627906974,178
3000,49,amr475,white20,0.0,0.3939867042707494,0.4331395348837209,178,1241,0.4331395348837209,178
3000,49,amr475,white20,0.01,0.39579975825946817,0.43459302325581395,178,1241,0.43459302325581395,178
3000,49,amr475,white20,0.05,0.4014907332796132,0.44040697674418605,178,1241,0.44040697674418605,178
3000,49,amr122_g711u,white20,0.0,0.28585817888799353,0.32621951219512196,178,1241,0.32621951219512196,178
3000,49,amr122_g711u,white20,0.01,0.2919520547945205,0.33512931034482757,178,1241,0.33512931034482757,178
3000,49,amr122_g711u,white20,0.05,0.3054995970991136,0.35714285714285715,178,1241,0.35714285714285715,178
3000,49,g711u,babble10,0.0,0.05433649837887911,0.12284482758620689,278,2159,0.12284482758620689,278
3000,49,g711u,babble10,0.01,0.061834182491894395,0.16326530612244897,278,2159,0.16326530612244897,278
3000,49,g711u,babble10,0.05,0.09764358499305234,0.1611842105263158,278,2159,0.1611842105263158,278
3000,49,g711a,babble10,0.0,0.052078508568781844,0.12627551020408162,278,2159,0.12627551020408162,278
3000,49,g711a,babble10,0.01,0.06273158869847152,0.1271551724137931,278,2159,0.1271551724137931,278
3000,49,g711a,babble10,0.05,0.09567508105604447,0.15885416666666666,278,2159,0.15885416666666666,278
3000,49,opus16,babble10,0.0,0.16793075497915702,0.20280612244897958,278,2159,0.20280612244897958,278
3000,49,opus16,babble10,0.01,0.1725625289485873,0.20280612244897958,278,2159,0.20280612244897958,278
3000,49,opus16,babble10,0.05,0.19983209819360814,0.2375,278,2159,0.2375,278
3000,49,amr122,babble10,0.0,0.2723193608151922,0.32263513513513514,278,2159,0.32263513513513514,278
3000,49,amr122,babble10,0.01,0.2745773506252895,0.33,278,2159,0.33,278
3000,49,amr122,babble10,0.05,0.2902674849467346,0.33,278,2159,0.33,278
3000,49,amr475,babble10,0.0,0.37117878647522,0.41696428571428573,278,2159,0.41696428571428573,278
3000,49,amr475,babble10,0.01,0.37427662037037035,0.41696428571428573,278,2159,0.41696428571428573,278
3000,49,amr475,babble10,0.05,0.38047128300138955,0.425,278,2159,0.425,278
3000,49,amr122_g711u,babble10,0.0,0.27593793422880963,0.32094594594594594,278,2159,0.32094594594594594,278
3000,49,amr122_g711u,babble10,0.01,0.27949861046780916,0.33,278,2159,0.33,278
3000,49,amr122_g711u,babble10,0.05,0.2947545159796202,0.3645833333333333,278,2159,0.3645833333333333,278
3000,50,g711u,clean,0.0,0.10362713360800471,0.15299479166666666,208,1699,0.15299479166666666,208
3000,50,g711u,clean,0.01,0.11138905238375515,0.16145833333333334,208,1699,0.16145833333333334,208
3000,50,g711u,clean,0.05,0.14361389052383755,0.21477272727272728,208,1699,0.21477272727272728,208
3000,50,g711a,clean,0.0,0.10322248381400824,0.1569767441860465,208,1699,0.1569767441860465,208
3000,50,g711a,clean,0.01,0.11319158328428487,0.16071428571428573,208,1699,0.16071428571428573,208
3000,50,g711a,clean,0.05,0.13592554443790464,0.19155844155844157,208,1699,0.19155844155844157,208
3000,50,opus16,clean,0.0,0.17569158328428489,0.20230263157894737,208,1699,0.20230263157894737,208
3000,50,opus16,clean,0.01,0.18418922895821072,0.2179054054054054,208,1699,0.2179054054054054,208
3000,50,opus16,clean,0.05,0.20103737492642731,0.2609797297297297,208,1699,0.2609797297297297,208
3000,50,amr122,clean,0.0,0.29487934078869926,0.33515625,208,1699,0.33515625,208
3000,50,amr122,clean,0.01,0.2980797527957622,0.33828125,208,1699,0.33828125,208
3000,50,amr122,clean,0.05,0.3145968216597999,0.3609375,208,1699,0.3609375,208
3000,50,amr475,clean,0.0,0.39008240141259565,0.42378048780487804,208,1699,0.42378048780487804,208
3000,50,amr475,clean,0.01,0.39262065921130074,0.42877906976744184,208,1699,0.42877906976744184,208
3000,50,amr475,clean,0.05,0.3984329017068864,0.4350328947368421,208,1699,0.4350328947368421,208
3000,50,amr122_g711u,clean,0.0,0.2992201294879341,0.33963815789473684,208,1699,0.33963815789473684,208
3000,50,amr122_g711u,clean,0.01,0.30341377280753384,0.34292763157894735,208,1699,0.34292763157894735,208
3000,50,amr122_g711u,clean,0.05,0.31728222483814006,0.36640625,208,1699,0.36640625,208
3000,50,g711u,white20,0.0,0.0352891156462585,0.0546875,166,1176,0.0546875,166
3000,50,g711u,white20,0.01,0.04772534013605442,0.08636363636363636,166,1176,0.08636363636363636,166
3000,50,g711u,white20,0.05,0.08306760204081633,0.17378048780487804,166,1176,0.17378048780487804,166
3000,50,g711a,white20,0.0,0.03438562925170068,0.052083333333333336,166,1176,0.052083333333333336,166
3000,50,g711a,white20,0.01,0.04756590136054422,0.11585365853658537,166,1176,0.11585365853658537,166
3000,50,g711a,white20,0.05,0.0740858843537415,0.125,166,1176,0.125,166
3000,50,opus16,white20,0.0,0.1671981292517007,0.1909722222222222,166,1176,0.1909722222222222,166
3000,50,opus16,white20,0.01,0.17113095238095238,0.21036585365853658,166,1176,0.21036585365853658,166
3000,50,opus16,white20,0.05,0.1952593537414966,0.25833333333333336,166,1176,0.25833333333333336,166
3000,50,amr122,white20,0.0,0.29257015306122447,0.32670454545454547,166,1176,0.32670454545454547,166
3000,50,amr122,white20,0.01,0.29469600340136054,0.3314393939393939,166,1176,0.3314393939393939,166
3000,50,amr122,white20,0.05,0.30532525510204084,0.34375,166,1176,0.34375,166
3000,50,amr475,white20,0.0,0.3985969387755102,0.4453125,166,1176,0.4453125,166
3000,50,amr475,white20,0.01,0.3984906462585034,0.4431818181818182,166,1176,0.4431818181818182,166
3000,50,amr475,white20,0.05,0.41002338435374147,0.45802238805970147,166,1176,0.45802238805970147,166
3000,50,amr122_g711u,white20,0.0,0.29310161564625853,0.3323170731707317,166,1176,0.3323170731707317,166
3000,50,amr122_g711u,white20,0.01,0.296609268707483,0.3375,166,1176,0.3375,166
3000,50,amr122_g711u,white20,0.05,0.30872661564625853,0.3664772727272727,166,1176,0.3664772727272727,166
3000,50,g711u,babble10,0.0,0.06034673144876325,0.10218253968253968,278,2264,0.10218253968253968,278
3000,50,g711u,babble10,0.01,0.06931868374558305,0.1212797619047619,278,2264,0.1212797619047619,278
3000,50,g711u,babble10,0.05,0.09413648409893993,0.14788732394366197,278,2264,0.14788732394366197,278
3000,50,g711a,babble10,0.0,0.0579726148409894,0.09507042253521127,278,2264,0.09507042253521127,278
3000,50,g711a,babble10,0.01,0.06815923144876325,0.11853448275862069,278,2264,0.11853448275862069,278
3000,50,g711a,babble10,0.05,0.09568242049469965,0.1627155172413793,278,2264,0.1627155172413793,278
3000,50,opus16,babble10,0.0,0.16400728798586572,0.1913109756097561,278,2264,0.1913109756097561,278
3000,50,opus16,babble10,0.01,0.17132287985865724,0.21220930232558138,278,2264,0.21220930232558138,278
3000,50,opus16,babble10,0.05,0.1982387367491166,0.2552083333333333,278,2264,0.2552083333333333,278
3000,50,amr122,babble10,0.0,0.2661219081272085,0.31431159420289856,278,2264,0.31431159420289856,278
3000,50,amr122,babble10,0.01,0.26893772084805656,0.3197463768115942,278,2264,0.3197463768115942,278
3000,50,amr122,babble10,0.05,0.2837897526501767,0.33487654320987653,278,2264,0.33487654320987653,278
3000,50,amr475,babble10,0.0,0.3628533568904594,0.40980113636363635,278,2264,0.40980113636363635,278
3000,50,amr475,babble10,0.01,0.3653655035335689,0.40980113636363635,278,2264,0.40980113636363635,278
3000,50,amr475,babble10,0.05,0.37119037102473496,0.4112215909090909,278,2264,0.4112215909090909,278
3000,50,amr122_g711u,babble10,0.0,0.2696002650176678,0.31485849056603776,278,2264,0.31485849056603776,278
3000,50,amr122_g711u,babble10,0.01,0.27288537985865724,0.31485849056603776,278,2264,0.31485849056603776,278
3000,50,amr122_g711u,babble10,0.05,0.2880410777385159,0.33779761904761907,278,2264,0.33779761904761907,278
3081,51,g711u,clean,0.0,0.0510600976205003,0.07700892857142858,214,1639,0.07700892857142858,214
3081,51,g711u,clean,0.01,0.05880109823062843,0.09852941176470588,214,1639,0.09852941176470588,214
3081,51,g711u,clean,0.05,0.08621873093349604,0.1529255319148936,214,1639,0.1529255319148936,214
3081,51,g711a,clean,0.0,0.05224222086638194,0.08967391304347826,214,1639,0.08967391304347826,214
3081,51,g711a,clean,0.01,0.06086028065893838,0.09848484848484848,214,1639,0.09848484848484848,214
3081,51,g711a,clean,0.05,0.0900320317266626,0.15234375,214,1639,0.15234375,214
3081,51,opus16,clean,0.0,0.15260829774252593,0.20610119047619047,214,1639,0.20610119047619047,214
3081,51,opus16,clean,0.01,0.1565359975594875,0.20610119047619047,214,1639,0.20610119047619047,214
3081,51,opus16,clean,0.05,0.18231391092129348,0.2604166666666667,214,1639,0.2604166666666667,214
3081,51,amr122,clean,0.0,0.23737797437461866,0.29869186046511625,214,1639,0.29869186046511625,214
3081,51,amr122,clean,0.01,0.24203020134228187,0.29941860465116277,214,1639,0.29941860465116277,214
3081,51,amr122,clean,0.05,0.2593807199511898,0.3458333333333333,214,1639,0.3458333333333333,214
3081,51,amr475,clean,0.0,0.3296217205613179,0.4255952380952381,214,1639,0.4255952380952381,214
3081,51,amr475,clean,0.01,0.33076571079926786,0.42485119047619047,214,1639,0.42485119047619047,214
3081,51,amr475,clean,0.05,0.3404896278218426,0.41964285714285715,214,1639,0.41964285714285715,214
3081,51,amr122_g711u,clean,0.0,0.2386744966442953,0.3088235294117647,214,1639,0.3088235294117647,214
3081,51,amr122_g711u,clean,0.01,0.24164887126296522,0.32472826086956524,214,1639,0.32472826086956524,214
3081,51,amr122_g711u,clean,0.05,0.262660158633313,0.33482142857142855,214,1639,0.33482142857142855,214
3081,51,g711u,white20,0.0,0.027199074074074073,0.04261363636363636,130,1080,0.04261363636363636,130
3081,51,g711u,white20,0.01,0.036631944444444446,0.07122093023255814,130,1080,0.07122093023255814,130
3081,51,g711u,white20,0.05,0.06261574074074074,0.11631944444444445,130,1080,0.11631944444444445,130
3081,51,g711a,white20,0.0,0.025868055555555554,0.03879310344827586,130,1080,0.03879310344827586,130
3081,51,g711a,white20,0.01,0.030266203703703705,0.0734375,130,1080,0.0734375,130
3081,51,g711a,white20,0.05,0.07528935185185186,0.17410714285714285,130,1080,0.17410714285714285,130
3081,51,opus16,white20,0.0,0.1579861111111111,0.19661458333333334,130,1080,0.19661458333333334,130
3081,51,opus16,white20,0.01,0.16643518518518519,0.2171875,130,1080,0.2171875,130
3081,51,opus16,white20,0.05,0.1873263888888889,0.23041044776119404,130,1080,0.23041044776119404,130
3081,51,amr122,white20,0.0,0.2402199074074074,0.2976190476190476,130,1080,0.2976190476190476,130
3081,51,amr122,white20,0.01,0.24380787037037038,0.2976190476190476,130,1080,0.2976190476190476,130
3081,51,amr122,white20,0.05,0.26064814814814813,0.3333333333333333,130,1080,0.3333333333333333,130
3081,51,amr475,white20,0.0,0.3197337962962963,0.3723958333333333,130,1080,0.3723958333333333,130
3081,51,amr475,white20,0.01,0.32349537037037035,0.38657407407407407,130,1080,0.38657407407407407,130
3081,51,amr475,white20,0.05,0.33188657407407407,0.38416666666666666,130,1080,0.38416666666666666,130
3081,51,amr122_g711u,white20,0.0,0.2390625,0.2916666666666667,130,1080,0.2916666666666667,130
3081,51,amr122_g711u,white20,0.01,0.24438657407407408,0.3020833333333333,130,1080,0.3020833333333333,130
3081,51,amr122_g711u,white20,0.05,0.25439814814814815,0.328125,130,1080,0.328125,130
3081,51,g711u,babble10,0.0,0.032796223958333336,0.05555555555555555,193,1536,0.05555555555555555,193
3081,51,g711u,babble10,0.01,0.0382080078125,0.08776595744680851,193,1536,0.08776595744680851,193
3081,51,g711u,babble10,0.05,0.0704345703125,0.1375,193,1536,0.1375,193
3081,51,g711a,babble10,0.0,0.031941731770833336,0.052556818181818184,193,1536,0.052556818181818184,193
3081,51,g711a,babble10,0.01,0.039347330729166664,0.0787037037037037,193,1536,0.0787037037037037,193
3081,51,g711a,babble10,0.05,0.07491048177083333,0.11538461538461539,193,1536,0.11538461538461539,193
3081,51,opus16,babble10,0.0,0.14925130208333334,0.18942307692307692,193,1536,0.18942307692307692,193
3081,51,opus16,babble10,0.01,0.15633138020833334,0.20454545454545456,193,1536,0.20454545454545456,193
3081,51,opus16,babble10,0.05,0.17500813802083334,0.23125,193,1536,0.23125,193
3081,51,amr122,babble10,0.0,0.22920735677083334,0.276355421686747,193,1536,0.276355421686747,193
3081,51,amr122,babble10,0.01,0.23250325520833334,0.2816265060240964,193,1536,0.2816265060240964,193
3081,51,amr122,babble10,0.05,0.250732421875,0.3096590909090909,193,1536,0.3096590909090909,193
3081,51,amr475,babble10,0.0,0.3153483072916667,0.42125,193,1536,0.42125,193
3081,51,amr475,babble10,0.01,0.3175862630208333,0.42125,193,1536,0.42125,193
3081,51,amr475,babble10,0.05,0.3286946614583333,0.43875,193,1536,0.43875,193
3081,51,amr122_g711u,babble10,0.0,0.229248046875,0.27875,193,1536,0.27875,193
3081,51,amr122_g711u,babble10,0.01,0.2344970703125,0.2897727272727273,193,1536,0.2897727272727273,193
3081,51,amr122_g711u,babble10,0.05,0.2523600260416667,0.31875,193,1536,0.31875,193
3081,52,g711u,clean,0.0,0.04997246696035242,0.07254464285714286,173,1362,0.07254464285714286,173
3081,52,g711u,clean,0.01,0.05896659324522761,0.11352040816326531,173,1362,0.11352040816326531,173
3081,52,g711u,clean,0.05,0.0908590308370044,0.1556372549019608,173,1362,0.1556372549019608,173
3081,52,g711a,clean,0.0,0.04859581497797357,0.096875,173,1362,0.096875,173
3081,52,g711a,clean,0.01,0.053918869309838476,0.096875,173,1362,0.096875,173
3081,52,g711a,clean,0.05,0.08480176211453745,0.15922619047619047,173,1362,0.15922619047619047,173
3081,52,opus16,clean,0.0,0.14707232011747431,0.1748046875,173,1362,0.1748046875,173
3081,52,opus16,clean,0.01,0.15248715124816448,0.18902439024390244,173,1362,0.18902439024390244,173
3081,52,opus16,clean,0.05,0.17712922173274595,0.25675675675675674,173,1362,0.25675675675675674,173
3081,52,amr122,clean,0.0,0.23930800293685756,0.3111111111111111,173,1362,0.3111111111111111,173
3081,52,amr122,clean,0.01,0.2437132892804699,0.3111111111111111,173,1362,0.3111111111111111,173
3081,52,amr122,clean,0.05,0.258764684287812,0.31805555555555554,173,1362,0.31805555555555554,173
3081,52,amr475,clean,0.0,0.32922470674486803,0.4010416666666667,173,1362,0.4010416666666667,173
3081,52,amr475,clean,0.01,0.33256964809384165,0.4010416666666667,173,1362,0.4010416666666667,173
3081,52,amr475,clean,0.05,0.3434292521994135,0.4153645833333333,173,1362,0.4153645833333333,173
3081,52,amr122_g711u,clean,0.0,0.24077643171806168,0.3194444444444444,173,1362,0.3194444444444444,173
3081,52,amr122_g711u,clean,0.01,0.2424284140969163,0.3194444444444444,173,1362,0.3194444444444444,173
3081,52,amr122_g711u,clean,0.05,0.2604166666666667,0.3388888888888889,173,1362,0.3388888888888889,173
3081,52,g711u,white20,0.0,0.027298009367681498,0.04861111111111111,92,854,0.04861111111111111,92
3081,52,g711u,white20,0.01,0.03571428571428571,0.0625,92,854,0.0625,92
3081,52,g711u,white20,0.05,0.06996487119437939,0.1402439024390244,92,854,0.1402439024390244,92
3081,52,g711a,white20,0.0,0.025175644028103045,0.04027777777777778,92,854,0.04027777777777778,92
3081,52,g711a,white20,0.01,0.03666569086651054,0.08726415094339622,92,854,0.08726415094339622,92
3081,52,g711a,white20,0.05,0.07530737704918032,0.14305555555555555,92,854,0.14305555555555555,92
3081,52,opus16,white20,0.0,0.14761416861826698,0.18323863636363635,92,854,0.18323863636363635,92
3081,52,opus16,white20,0.01,0.1523711943793911,0.2002840909090909,92,854,0.2002840909090909,92
3081,52,opus16,white20,0.05,0.17125292740046838,0.2159090909090909,92,854,0.2159090909090909,92
3081,52,amr122,white20,0.0,0.22936182669789226,0.25914634146341464,92,854,0.25914634146341464,92
3081,52,amr122,white20,0.01,0.23572892271662763,0.2774390243902439,92,854,0.2774390243902439,92
3081,52,amr122,white20,0.05,0.24677985948477751,0.30505952380952384,92,854,0.30505952380952384,92
3081,52,amr475,white20,0.0,0.30576697892271665,0.35138888888888886,92,854,0.35138888888888886,92
3081,52,amr475,white20,0.01,0.3073770491803279,0.3575,92,854,0.3575,92
3081,52,amr475,white20,0.05,0.3235509367681499,0.3803191489361702,92,854,0.3803191489361702,92
3081,52,amr122_g711u,white20,0.0,0.2300204918032787,0.26371951219512196,92,854,0.26371951219512196,92
3081,52,amr122_g711u,white20,0.01,0.23170374707259953,0.26371951219512196,92,854,0.26371951219512196,92
3081,52,amr122_g711u,white20,0.05,0.25285421545667447,0.28804347826086957,92,854,0.28804347826086957,92
3081,52,g711u,babble10,0.0,0.04030553420445811,0.07083333333333333,160,1301,0.07083333333333333,160
3081,52,g711u,babble10,0.01,0.050201767870868566,0.08333333333333333,160,1301,0.08333333333333333,160
3081,52,g711u,babble10,0.05,0.07825710991544965,0.19196428571428573,160,1301,0.19196428571428573,160
3081,52,g711a,babble10,0.0,0.03727901614142967,0.06666666666666667,160,1301,0.06666666666666667,160
3081,52,g711a,babble10,0.01,0.045349730976172176,0.08854166666666667,160,1301,0.08854166666666667,160
3081,52,g711a,babble10,0.05,0.0737413528055342,0.12788461538461537,160,1301,0.12788461538461537,160
3081,52,opus16,babble10,0.0,0.1555053804765565,0.22916666666666666,160,1301,0.22916666666666666,160
3081,52,opus16,babble10,0.01,0.15934857801691008,0.24444444444444444,160,1301,0.24444444444444444,160
3081,52,opus16,babble10,0.05,0.1789969254419677,0.29583333333333334,160,1301,0.29583333333333334,160
3081,52,amr122,babble10,0.0,0.23986356648731744,0.29583333333333334,160,1301,0.29583333333333334,160
3081,52,amr122,babble10,0.01,0.244619523443505,0.30972222222222223,160,1301,0.30972222222222223,160
3081,52,amr122,babble10,0.05,0.25490007686395083,0.3125,160,1301,0.3125,160
3081,52,amr475,babble10,0.0,0.33671214450422754,0.4041666666666667,160,1301,0.4041666666666667,160
3081,52,amr475,babble10,0.01,0.33853766333589547,0.4166666666666667,160,1301,0.4166666666666667,160
3081,52,amr475,babble10,0.05,0.34838585703305147,0.4095744680851064,160,1301,0.4095744680851064,160
3081,52,amr122_g711u,babble10,0.0,0.2421694850115296,0.3115530303030303,160,1301,0.3115530303030303,160
3081,52,amr122_g711u,babble10,0.01,0.2477901614142967,0.3115530303030303,160,1301,0.3115530303030303,160
3081,52,amr122_g711u,babble10,0.05,0.2584550345887779,0.33223684210526316,160,1301,0.33223684210526316,160
3081,53,g711u,clean,0.0,0.04966814159292035,0.08333333333333333,129,1130,0.08333333333333333,129
3081,53,g711u,clean,0.01,0.06050884955752212,0.1111111111111111,129,1130,0.1111111111111111,129
3081,53,g711u,clean,0.05,0.10459070796460176,0.20960365853658536,129,1130,0.20960365853658536,129
3081,53,g711a,clean,0.0,0.04834070796460177,0.07161458333333333,129,1130,0.07161458333333333,129
3081,53,g711a,clean,0.01,0.057632743362831855,0.10480769230769231,129,1130,0.10480769230769231,129
3081,53,g711a,clean,0.05,0.09076327433628319,0.1702127659574468,129,1130,0.1702127659574468,129
3081,53,opus16,clean,0.0,0.1554203539823009,0.2127659574468085,129,1130,0.2127659574468085,129
3081,53,opus16,clean,0.01,0.16222345132743363,0.2127659574468085,129,1130,0.2127659574468085,129
3081,53,opus16,clean,0.05,0.18932522123893805,0.24806701030927836,129,1130,0.24806701030927836,129
3081,53,amr122,clean,0.0,0.24596238938053097,0.29521276595744683,129,1130,0.29521276595744683,129
3081,53,amr122,clean,0.01,0.2521017699115044,0.32313829787234044,129,1130,0.32313829787234044,129
3081,53,amr122,clean,0.05,0.2683075221238938,0.31896551724137934,129,1130,0.31896551724137934,129
3081,53,amr475,clean,0.0,0.3309181415929204,0.4122340425531915,129,1130,0.4122340425531915,129
3081,53,amr475,clean,0.01,0.3331305309734513,0.4122340425531915,129,1130,0.4122340425531915,129
3081,53,amr475,clean,0.05,0.3472898230088496,0.4122340425531915,129,1130,0.4122340425531915,129
3081,53,amr122_g711u,clean,0.0,0.24679203539823008,0.2978723404255319,129,1130,0.2978723404255319,129
3081,53,amr122_g711u,clean,0.01,0.2525995575221239,0.2978723404255319,129,1130,0.2978723404255319,129
3081,53,amr122_g711u,clean,0.05,0.26377212389380533,0.30194805194805197,129,1130,0.30194805194805197,129
3081,53,g711u,white20,0.0,0.026571428571428572,0.047619047619047616,98,875,0.047619047619047616,98
3081,53,g711u,white20,0.01,0.03421428571428571,0.09254807692307693,98,875,0.09254807692307693,98
3081,53,g711u,white20,0.05,0.07571428571428572,0.15261627906976744,98,875,0.15261627906976744,98
3081,53,g711a,white20,0.0,0.023428571428571427,0.04017857142857143,98,875,0.04017857142857143,98
3081,53,g711a,white20,0.01,0.0325,0.06666666666666667,98,875,0.06666666666666667,98
3081,53,g711a,white20,0.05,0.06971428571428571,0.13333333333333333,98,875,0.13333333333333333,98
3081,53,opus16,white20,0.0,0.15,0.17587209302325582,98,875,0.17587209302325582,98
3081,53,opus16,white20,0.01,0.15192857142857144,0.1787109375,98,875,0.1787109375,98
3081,53,opus16,white20,0.05,0.18242857142857144,0.23546511627906977,98,875,0.23546511627906977,98
3081,53,amr122,white20,0.0,0.2377857142857143,0.2755102040816326,98,875,0.2755102040816326,98
3081,53,amr122,white20,0.01,0.24171428571428571,0.28720238095238093,98,875,0.28720238095238093,98
3081,53,amr122,white20,0.05,0.26,0.3125,98,875,0.3125,98
3081,53,amr475,white20,0.0,0.3311929223744292,0.3875,99,875,0.375,98
3081,53,amr475,white20,0.01,0.3324771689497717,0.39,99,875,0.37755102040816324,98
3081,53,amr475,white20,0.05,0.3419285714285714,0.4075,98,875,0.4075,98
3081,53,amr122_g711u,white20,0.0,0.2372857142857143,0.28188775510204084,98,875,0.28188775510204084,98
3081,53,amr122_g711u,white20,0.01,0.2435,0.2895408163265306,98,875,0.2895408163265306,98
3081,53,amr122_g711u,white20,0.05,0.2586428571428571,0.2986111111111111,98,875,0.2986111111111111,98
3081,53,g711u,babble10,0.0,0.036952227011494254,0.07477678571428571,158,1392,0.07477678571428571,158
3081,53,g711u,babble10,0.01,0.048177083333333336,0.09226190476190477,158,1392,0.09226190476190477,158
3081,53,g711u,babble10,0.05,0.07493714080459771,0.14781746031746032,158,1392,0.14781746031746032,158
3081,53,g711a,babble10,0.0,0.038613505747126436,0.07572115384615384,158,1392,0.07572115384615384,158
3081,53,g711a,babble10,0.01,0.0447198275862069,0.08928571428571429,158,1392,0.08928571428571429,158
3081,53,g711a,babble10,0.05,0.08270474137931035,0.14351851851851852,158,1392,0.14351851851851852,158
3081,53,opus16,babble10,0.0,0.1541846264367816,0.1925,158,1392,0.1925,158
3081,53,opus16,babble10,0.01,0.16123383620689655,0.19875,158,1392,0.19875,158
3081,53,opus16,babble10,0.05,0.1814385775862069,0.23916666666666667,158,1392,0.23916666666666667,158
3081,53,amr122,babble10,0.0,0.2404364224137931,0.28515625,158,1392,0.28515625,158
3081,53,amr122,babble10,0.01,0.24470186781609196,0.2900390625,158,1392,0.2900390625,158
3081,53,amr122,babble10,0.05,0.2585308908045977,0.3067528735632184,158,1392,0.3067528735632184,158
3081,53,amr475,babble10,0.0,0.3406070402298851,0.4088541666666667,158,1392,0.4088541666666667,158
3081,53,amr475,babble10,0.01,0.3449622844827586,0.41264204545454547,158,1392,0.41264204545454547,158
3081,53,amr475,babble10,0.05,0.3508441091954023,0.4244791666666667,158,1392,0.4244791666666667,158
3081,53,amr122_g711u,babble10,0.0,0.2416936063218391,0.2890625,158,1392,0.2890625,158
3081,53,amr122_g711u,babble10,0.01,0.24883261494252873,0.2971153846153846,158,1392,0.2971153846153846,158
3081,53,amr122_g711u,babble10,0.05,0.26558010057471265,0.31788793103448276,158,1392,0.31788793103448276,158
3170,54,g711u,clean,0.0,0.06211851475076297,0.1232638888888889,242,1966,0.1232638888888889,242
3170,54,g711u,clean,0.01,0.06997075279755849,0.13194444444444445,242,1966,0.13194444444444445,242
3170,54,g711u,clean,0.05,0.10319175991861648,0.17126623376623376,242,1966,0.17126623376623376,242
3170,54,g711a,clean,0.0,0.06373982706002035,0.11979166666666667,242,1966,0.11979166666666667,242
3170,54,g711a,clean,0.01,0.0691442014242116,0.13916666666666666,242,1966,0.13916666666666666,242
3170,54,g711a,clean,0.05,0.10497202441505595,0.17881944444444445,242,1966,0.17881944444444445,242
3170,54,opus16,clean,0.0,0.16244913530010172,0.19027777777777777,242,1966,0.19027777777777777,242
3170,54,opus16,clean,0.01,0.16931586978636826,0.21002906976744187,242,1966,0.21002906976744187,242
3170,54,opus16,clean,0.05,0.1871503051881994,0.23011363636363635,242,1966,0.23011363636363635,242
3170,54,amr122,clean,0.0,0.26538657171922686,0.3034722222222222,242,1966,0.3034722222222222,242
3170,54,amr122,clean,0.01,0.26948753814852494,0.30625,242,1966,0.30625,242
3170,54,amr122,clean,0.05,0.2857960325534079,0.3416095890410959,242,1966,0.3416095890410959,242
3170,54,amr475,clean,0.0,0.3660350966429298,0.4023972602739726,242,1966,0.4023972602739726,242
3170,54,amr475,clean,0.01,0.3672749237029502,0.4032534246575342,242,1966,0.4032534246575342,242
3170,54,amr475,clean,0.05,0.37941887080366227,0.41594827586206895,242,1966,0.41594827586206895,242
3170,54,amr122_g711u,clean,0.0,0.27304806714140384,0.3229166666666667,242,1966,0.3229166666666667,242
3170,54,amr122_g711u,clean,0.01,0.2769900813835198,0.3284722222222222,242,1966,0.3284722222222222,242
3170,54,amr122_g711u,clean,0.05,0.2907235503560529,0.3493150684931507,242,1966,0.3493150684931507,242
3170,54,g711u,white20,0.0,0.026154012079378775,0.04027777777777778,168,1159,0.04027777777777778,168
3170,54,g711u,white20,0.01,0.03278688524590164,0.0763888888888889,168,1159,0.0763888888888889,168
3170,54,g711u,white20,0.05,0.06837791199309749,0.13494318181818182,168,1159,0.13494318181818182,168
3170,54,g711a,white20,0.0,0.02658541846419327,0.041666666666666664,168,1159,0.041666666666666664,168
3170,54,g711a,white20,0.01,0.034188955996548746,0.105,168,1159,0.105,168
3170,54,g711a,white20,0.05,0.06810828300258844,0.11918604651162791,168,1159,0.11918604651162791,168
3170,54,opus16,white20,0.0,0.1589193270060397,0.2074468085106383,168,1159,0.2074468085106383,168
3170,54,opus16,white20,0.01,0.16722389991371872,0.2074468085106383,168,1159,0.2074468085106383,168
3170,54,opus16,white20,0.05,0.18588222605694565,0.246875,168,1159,0.246875,168
3170,54,amr122,white20,0.0,0.2614322691975841,0.3013888888888889,168,1159,0.3013888888888889,168
3170,54,amr122,white20,0.01,0.2657463330457291,0.3089622641509434,168,1159,0.3089622641509434,168
3170,54,amr122,white20,0.05,0.28014452113891286,0.33564814814814814,168,1159,0.33564814814814814,168
3170,54,amr475,white20,0.0,0.35758196721311475,0.41051136363636365,168,1159,0.41051136363636365,168
3170,54,amr475,white20,0.01,0.3627588438308887,0.42686170212765956,168,1159,0.42686170212765956,168
3170,54,amr475,white20,0.05,0.37181837791199307,0.41761363636363635,168,1159,0.41761363636363635,168
3170,54,amr122_g711u,white20,0.0,0.2624568593615185,0.30416666666666664,168,1159,0.30416666666666664,168
3170,54,amr122_g711u,white20,0.01,0.26547670405522,0.30416666666666664,168,1159,0.30416666666666664,168
3170,54,amr122_g711u,white20,0.05,0.28462036238136323,0.3472222222222222,168,1159,0.3472222222222222,168
3170,54,g711u,babble10,0.0,0.033501814411612235,0.07658450704225352,248,1929,0.07658450704225352,248
3170,54,g711u,babble10,0.01,0.04124546397096941,0.09242957746478873,248,1929,0.09242957746478873,248
3170,54,g711u,babble10,0.05,0.07581648522550544,0.16279069767441862,248,1929,0.16279069767441862,248
3170,54,g711a,babble10,0.0,0.03405261793675479,0.07608695652173914,248,1929,0.07608695652173914,248
3170,54,g711a,babble10,0.01,0.04351347848626231,0.0882936507936508,248,1929,0.0882936507936508,248
3170,54,g711a,babble10,0.05,0.08213452566096423,0.13352272727272727,248,1929,0.13352272727272727,248
3170,54,opus16,babble10,0.0,0.15490539139450493,0.1798076923076923,248,1929,0.1798076923076923,248
3170,54,opus16,babble10,0.01,0.1624222395023328,0.19936708860759494,248,1929,0.19936708860759494,248
3170,54,opus16,babble10,0.05,0.1871435977190254,0.24305555555555555,248,1929,0.24305555555555555,248
3170,54,amr122,babble10,0.0,0.24296915500259203,0.2868975903614458,248,1929,0.2868975903614458,248
3170,54,amr122,babble10,0.01,0.2476347848626231,0.2958860759493671,248,1929,0.2958860759493671,248
3170,54,amr122,babble10,0.05,0.26224727838258166,0.30603448275862066,248,1929,0.30603448275862066,248
3170,54,amr475,babble10,0.0,0.34454380508035254,0.3877840909090909,248,1929,0.3877840909090909,248
3170,54,amr475,babble10,0.01,0.3468118195956454,0.4,248,1929,0.4,248
3170,54,amr475,babble10,0.05,0.3559585492227979,0.39351851851851855,248,1929,0.39351851851851855,248
3170,54,amr122_g711u,babble10,0.0,0.24578797304302746,0.2921875,248,1929,0.2921875,248
3170,54,amr122_g711u,babble10,0.01,0.24857439087610161,0.3020833333333333,248,1929,0.3020833333333333,248
3170,54,amr122_g711u,babble10,0.05,0.2675609123898393,0.3234375,248,1929,0.3234375,248
3170,55,g711u,clean,0.0,0.07197382769901854,0.10833333333333334,230,1834,0.10833333333333334,230
3170,55,g711u,clean,0.01,0.08195883315158124,0.13342696629213482,230,1834,0.13342696629213482,230
3170,55,g711u,clean,0.05,0.10554116684841876,0.16666666666666666,230,1834,0.16666666666666666,230
3170,55,g711a,clean,0.0,0.07054252998909487,0.11280487804878049,230,1834,0.11280487804878049,230
3170,55,g711a,clean,0.01,0.08042529989094875,0.12115384615384615,230,1834,0.12115384615384615,230
3170,55,g711a,clean,0.05,0.10819929116684841,0.16527777777777777,230,1834,0.16527777777777777,230
3170,55,opus16,clean,0.0,0.1690635223555071,0.20708955223880596,230,1834,0.20708955223880596,230
3170,55,opus16,clean,0.01,0.17495910577971646,0.2120253164556962,230,1834,0.2120253164556962,230
3170,55,opus16,clean,0.05,0.19496319520174482,0.28171641791044777,230,1834,0.28171641791044777,230
3170,55,amr122,clean,0.0,0.2788645038167939,0.3291139240506329,230,1834,0.3291139240506329,230
3170,55,amr122,clean,0.01,0.2813863140676118,0.33203125,230,1834,0.33203125,230
3170,55,amr122,clean,0.05,0.29409760087241005,0.35823170731707316,230,1834,0.35823170731707316,230
3170,55,amr475,clean,0.0,0.3730575245365322,0.4083333333333333,230,1834,0.4083333333333333,230
3170,55,amr475,clean,0.01,0.3748636859323882,0.41586538461538464,230,1834,0.41586538461538464,230
3170,55,amr475,clean,0.05,0.3837922573609597,0.43125,230,1834,0.43125,230
3170,55,amr122_g711u,clean,0.0,0.2838740458015267,0.3315677966101695,230,1834,0.3315677966101695,230
3170,55,amr122_g711u,clean,0.01,0.2862254634678299,0.3389830508474576,230,1834,0.3389830508474576,230
3170,55,amr122_g711u,clean,0.05,0.3007429116684842,0.33860759493670883,230,1834,0.33860759493670883,230
3170,55,g711u,white20,0.0,0.028262428298279157,0.042682926829268296,147,1046,0.042682926829268296,147
3170,55,g711u,white20,0.01,0.03411806883365201,0.07091346153846154,147,1046,0.07091346153846154,147
3170,55,g711u,white20,0.05,0.06518881453154876,0.13125,147,1046,0.13125,147
3170,55,g711a,white20,0.0,0.02706739961759082,0.047619047619047616,147,1046,0.047619047619047616,147
3170,55,g711a,white20,0.01,0.030532982791586998,0.071875,147,1046,0.071875,147
3170,55,g711a,white20,0.05,0.06477055449330783,0.12898936170212766,147,1046,0.12898936170212766,147
3170,55,opus16,white20,0.0,0.1570267686424474,0.19166666666666668,147,1046,0.19166666666666668,147
3170,55,opus16,white20,0.01,0.16461520076481836,0.21010638297872342,147,1046,0.21010638297872342,147
3170,55,opus16,white20,0.05,0.188934034416826,0.2393617021276596,147,1046,0.2393617021276596,147
3170,55,amr122,white20,0.0,0.2605760038240918,0.29838709677419356,147,1046,0.29838709677419356,147
3170,55,amr122,white20,0.01,0.2653561185468451,0.3039772727272727,147,1046,0.3039772727272727,147
3170,55,amr122,white20,0.05,0.2853728489483748,0.3352272727272727,147,1046,0.3352272727272727,147
3170,55,amr475,white20,0.0,0.3634082217973231,0.4069767441860465,147,1046,0.4069767441860465,147
3170,55,amr475,white20,0.01,0.3666945506692161,0.4178921568627451,147,1046,0.4178921568627451,147
3170,55,amr475,white20,0.05,0.37195267686424477,0.4166666666666667,147,1046,0.4166666666666667,147
3170,55,amr122_g711u,white20,0.0,0.2599187380497132,0.3002232142857143,147,1046,0.3002232142857143,147
3170,55,amr122_g711u,white20,0.01,0.26230879541108987,0.30640243902439024,147,1046,0.30640243902439024,147
3170,55,amr122_g711u,white20,0.05,0.28710564053537285,0.34146341463414637,147,1046,0.34146341463414637,147
3170,55,g711u,babble10,0.0,0.041744031830238726,0.08792372881355932,241,1885,0.08792372881355932,241
3170,55,g711u,babble10,0.01,0.05003315649867374,0.11440677966101695,241,1885,0.11440677966101695,241
3170,55,g711u,babble10,0.05,0.07745358090185676,0.13135593220338984,241,1885,0.13135593220338984,241
3170,55,g711a,babble10,0.0,0.04220822281167109,0.07172131147540983,241,1885,0.07172131147540983,241
3170,55,g711a,babble10,0.01,0.04943633952254642,0.08094262295081968,241,1885,0.08094262295081968,241
3170,55,g711a,babble10,0.05,0.08126657824933688,0.17261904761904762,241,1885,0.17261904761904762,241
3170,55,opus16,babble10,0.0,0.1574602122015915,0.2028301886792453,241,1885,0.2028301886792453,241
3170,55,opus16,babble10,0.01,0.16269893899204244,0.21462264150943397,241,1885,0.21462264150943397,241
3170,55,opus16,babble10,0.05,0.1807029177718833,0.2234375,241,1885,0.2234375,241
3170,55,amr122,babble10,0.0,0.2504973474801061,0.30092592592592593,241,1885,0.30092592592592593,241
3170,55,amr122,babble10,0.01,0.25427718832891244,0.30324074074074076,241,1885,0.30324074074074076,241
3170,55,amr122,babble10,0.05,0.2700928381962865,0.32875,241,1885,0.32875,241
3170,55,amr475,babble10,0.0,0.35,0.388671875,241,1885,0.388671875,241
3170,55,amr475,babble10,0.01,0.3528846153846154,0.4029017857142857,241,1885,0.4029017857142857,241
3170,55,amr475,babble10,0.05,0.36047745358090183,0.401355421686747,241,1885,0.401355421686747,241
3170,55,amr122_g711u,babble10,0.0,0.25188992042440317,0.3080357142857143,241,1885,0.3080357142857143,241
3170,55,amr122_g711u,babble10,0.01,0.25460875331564986,0.3080357142857143,241,1885,0.3080357142857143,241
3170,55,amr122_g711u,babble10,0.05,0.27228116710875333,0.33111702127659576,241,1885,0.33111702127659576,241
3170,56,g711u,clean,0.0,0.06963851761846901,0.1025,199,1646,0.1025,199
3170,56,g711u,clean,0.01,0.07905528554070473,0.11166666666666666,199,1646,0.11166666666666666,199
3170,56,g711u,clean,0.05,0.10802703523693803,0.17410714285714285,199,1646,0.17410714285714285,199
3170,56,g711a,clean,0.0,0.068613304981774,0.10060975609756098,199,1646,0.10060975609756098,199
3170,56,g711a,clean,0.01,0.07749848116646416,0.12962962962962962,199,1646,0.12962962962962962,199
3170,56,g711a,clean,0.05,0.11269744835965978,0.19717261904761904,199,1646,0.19717261904761904,199
3170,56,opus16,clean,0.0,0.16452764277035237,0.2027439024390244,199,1646,0.2027439024390244,199
3170,56,opus16,clean,0.01,0.16897023086269744,0.21830985915492956,199,1646,0.21830985915492956,199
3170,56,opus16,clean,0.05,0.19068955042527339,0.2327127659574468,199,1646,0.2327127659574468,199
3170,56,amr122,clean,0.0,0.27080801944106925,0.3242753623188406,199,1646,0.3242753623188406,199
3170,56,amr122,clean,0.01,0.27730103280680435,0.3328125,199,1646,0.3328125,199
3170,56,amr122,clean,0.05,0.29590674362089914,0.34782608695652173,199,1646,0.34782608695652173,199
3170,56,amr475,clean,0.0,0.3731014580801944,0.41435185185185186,199,1646,0.41435185185185186,199
3170,56,amr475,clean,0.01,0.37496202916160387,0.41435185185185186,199,1646,0.41435185185185186,199
3170,56,amr475,clean,0.05,0.38316373025516404,0.42824074074074076,199,1646,0.42824074074074076,199
3170,56,amr122_g711u,clean,0.0,0.27878189550425275,0.33605072463768115,199,1646,0.33605072463768115,199
3170,56,amr122_g711u,clean,0.01,0.28200941676792224,0.33605072463768115,199,1646,0.33605072463768115,199
3170,56,amr122_g711u,clean,0.05,0.2928690765492102,0.35808823529411765,199,1646,0.35808823529411765,199
3170,56,g711u,white20,0.0,0.03128019323671498,0.05416666666666667,150,1035,0.05416666666666667,150
3170,56,g711u,white20,0.01,0.042874396135265704,0.0875,150,1035,0.0875,150
3170,56,g711u,white20,0.05,0.0782608695652174,0.1597222222222222,150,1035,0.1597222222222222,150
3170,56,g711a,white20,0.0,0.028683574879227052,0.03819444444444445,150,1035,0.03819444444444445,150
3170,56,g711a,white20,0.01,0.03272946859903381,0.09505208333333333,150,1035,0.09505208333333333,150
3170,56,g711a,white20,0.05,0.07554347826086956,0.18303571428571427,150,1035,0.18303571428571427,150
3170,56,opus16,white20,0.0,0.15682367149758455,0.19414893617021275,150,1035,0.19414893617021275,150
3170,56,opus16,white20,0.01,0.1627415458937198,0.20442708333333334,150,1035,0.20442708333333334,150
3170,56,opus16,white20,0.05,0.19039855072463768,0.2375,150,1035,0.2375,150
3170,56,amr122,white20,0.0,0.257487922705314,0.3090277777777778,150,1035,0.3090277777777778,150
3170,56,amr122,white20,0.01,0.2618961352657005,0.3167372881355932,150,1035,0.3167372881355932,150
3170,56,amr122,white20,0.05,0.2801328502415459,0.35125,150,1035,0.35125,150
3170,56,amr475,white20,0.0,0.35990338164251207,0.39488636363636365,150,1035,0.39488636363636365,150
3170,56,amr475,white20,0.01,0.3611714975845411,0.39488636363636365,150,1035,0.39488636363636365,150
3170,56,amr475,white20,0.05,0.3684782608695652,0.3967391304347826,150,1035,0.3967391304347826,150
3170,56,amr122_g711u,white20,0.0,0.2629227053140097,0.3137019230769231,150,1035,0.3137019230769231,150
3170,56,amr122_g711u,white20,0.01,0.264975845410628,0.3112980769230769,150,1035,0.3112980769230769,150
3170,56,amr122_g711u,white20,0.05,0.2833937198067633,0.34134615384615385,150,1035,0.34134615384615385,150
3170,56,g711u,babble10,0.0,0.046061643835616436,0.0889423076923077,287,2190,0.0889423076923077,287
3170,56,g711u,babble10,0.01,0.05302511415525114,0.0889423076923077,287,2190,0.0889423076923077,287
3170,56,g711u,babble10,0.05,0.08458904109589041,0.15833333333333333,287,2190,0.15833333333333333,287
3170,56,g711a,babble10,0.0,0.04517694063926941,0.06922043010752688,287,2190,0.06922043010752688,287
3170,56,g711a,babble10,0.01,0.05242579908675799,0.10416666666666667,287,2190,0.10416666666666667,287
3170,56,g711a,babble10,0.05,0.08687214611872146,0.17324561403508773,287,2190,0.17324561403508773,287
3170,56,opus16,babble10,0.0,0.15804794520547946,0.19507575757575757,287,2190,0.19507575757575757,287
3170,56,opus16,babble10,0.01,0.16532534246575342,0.21875,287,2190,0.21875,287
3170,56,opus16,babble10,0.05,0.1860730593607306,0.26515151515151514,287,2190,0.26515151515151514,287
3170,56,amr122,babble10,0.0,0.24897260273972602,0.29433139534883723,287,2190,0.29433139534883723,287
3170,56,amr122,babble10,0.01,0.2536529680365297,0.2995426829268293,287,2190,0.2995426829268293,287
3170,56,amr122,babble10,0.05,0.26906392694063924,0.3239329268292683,287,2190,0.3239329268292683,287
3170,56,amr475,babble10,0.0,0.34706050228310503,0.40625,287,2190,0.40625,287
3170,56,amr475,babble10,0.01,0.3488869863013699,0.40703125,287,2190,0.40703125,287
3170,56,amr475,babble10,0.05,0.35927511415525115,0.41875,287,2190,0.41875,287
3170,56,amr122_g711u,babble10,0.0,0.25174086757990866,0.3008720930232558,287,2190,0.3008720930232558,287
3170,56,amr122_g711u,babble10,0.01,0.25567922374429225,0.30694444444444446,287,2190,0.30694444444444446,287
3170,56,amr122_g711u,babble10,0.05,0.2757420091324201,0.3254573170731707,287,2190,0.3254573170731707,287
3536,57,g711u,clean,0.0,0.04681543837357052,0.08016304347826086,222,1574,0.08016304347826086,222
3536,57,g711u,clean,0.01,0.0534069250317662,0.11151960784313726,222,1574,0.11151960784313726,222
3536,57,g711u,clean,0.05,0.09184402795425667,0.15217391304347827,222,1574,0.15217391304347827,222
3536,57,g711a,clean,0.0,0.04880082592121982,0.07521186440677965,222,1574,0.07521186440677965,222
3536,57,g711a,clean,0.01,0.05447903430749682,0.0920138888888889,222,1574,0.0920138888888889,222
3536,57,g711a,clean,0.05,0.09224110546378653,0.15178571428571427,222,1574,0.15178571428571427,222
3536,57,opus16,clean,0.0,0.13365628970775095,0.16326530612244897,222,1574,0.16326530612244897,222
3536,57,opus16,clean,0.01,0.1422728716645489,0.1733490566037736,222,1574,0.1733490566037736,222
3536,57,opus16,clean,0.05,0.16665343074968234,0.2234375,222,1574,0.2234375,222
3536,57,amr122,clean,0.0,0.21172172808132148,0.2796610169491525,222,1574,0.2796610169491525,222
3536,57,amr122,clean,0.01,0.21739993646759848,0.2796610169491525,222,1574,0.2796610169491525,222
3536,57,amr122,clean,0.05,0.23185355781448538,0.2828389830508475,222,1574,0.2828389830508475,222
3536,57,amr475,clean,0.0,0.3026127700127065,0.36862244897959184,222,1574,0.36862244897959184,222
3536,57,amr475,clean,0.01,0.3057496823379924,0.36862244897959184,222,1574,0.36862244897959184,222
3536,57,amr475,clean,0.05,0.31639135959339265,0.38392857142857145,222,1574,0.38392857142857145,222
3536,57,amr122_g711u,clean,0.0,0.2167646124523507,0.29846938775510207,222,1574,0.29846938775510207,222
3536,57,amr122_g711u,clean,0.01,0.2219266200762389,0.30994897959183676,222,1574,0.30994897959183676,222
3536,57,amr122_g711u,clean,0.05,0.24237611181702667,0.34566326530612246,222,1574,0.34566326530612246,222
3536,57,g711u,white20,0.0,0.024065752128666035,0.043154761904761904,163,1057,0.043154761904761904,163
3536,57,g711u,white20,0.01,0.03399952696310312,0.08081896551724138,163,1057,0.08081896551724138,163
3536,57,g711u,white20,0.05,0.07864238410596026,0.15406976744186046,163,1057,0.15406976744186046,163
3536,57,g711a,white20,0.0,0.024538789025543992,0.041158536585365856,163,1057,0.041158536585365856,163
3536,57,g711a,white20,0.01,0.035832544938505205,0.09302325581395349,163,1057,0.09302325581395349,163
3536,57,g711a,white20,0.05,0.07166508987701041,0.13095238095238096,163,1057,0.13095238095238096,163
3536,57,opus16,white20,0.0,0.14392147587511825,0.18859649122807018,163,1057,0.18859649122807018,163
3536,57,opus16,white20,0.01,0.14882923368022705,0.19846491228070176,163,1057,0.19846491228070176,163
3536,57,opus16,white20,0.05,0.17815752128666035,0.22777777777777777,163,1057,0.22777777777777777,163
3536,57,amr122,white20,0.0,0.2230960264900662,0.26875,163,1057,0.26875,163
3536,57,amr122,white20,0.01,0.22676206244087038,0.2727272727272727,163,1057,0.2727272727272727,163
3536,57,amr122,white20,0.05,0.2433774834437086,0.3078125,163,1057,0.3078125,163
3536,57,amr475,white20,0.0,0.29938563327032136,0.35546875,163,1057,0.35546875,163
3536,57,amr475,white20,0.01,0.30157136105860116,0.35546875,163,1057,0.35546875,163
3536,57,amr475,white20,0.05,0.3139177693761815,0.36160714285714285,163,1057,0.36160714285714285,163
3536,57,amr122_g711u,white20,0.0,0.22416035950804164,0.2693452380952381,163,1057,0.2693452380952381,163
3536,57,amr122_g711u,white20,0.01,0.2286542100283822,0.2777777777777778,163,1057,0.2777777777777778,163
3536,57,amr122_g711u,white20,0.05,0.2452105014191107,0.3007075471698113,163,1057,0.3007075471698113,163
3536,57,g711u,babble10,0.0,0.03991754122938531,0.06859756097560976,268,2001,0.06859756097560976,268
3536,57,g711u,babble10,0.01,0.04678910544727636,0.11221590909090909,268,2001,0.11221590909090909,268
3536,57,g711u,babble10,0.05,0.08723763118440779,0.17073170731707318,268,2001,0.17073170731707318,268
3536,57,g711a,babble10,0.0,0.035919540229885055,0.06707317073170732,268,2001,0.06707317073170732,268
3536,57,g711a,babble10,0.01,0.04560219890054973,0.07924107142857142,268,2001,0.07924107142857142,268
3536,57,g711a,babble10,0.05,0.07705522238880559,0.14488636363636365,268,2001,0.14488636363636365,268
3536,57,opus16,babble10,0.0,0.15208020989505247,0.19157608695652173,268,2001,0.19157608695652173,268
3536,57,opus16,babble10,0.01,0.15942028985507245,0.2037037037037037,268,2001,0.2037037037037037,268
3536,57,opus16,babble10,0.05,0.18212768615692154,0.2396978021978022,268,2001,0.2396978021978022,268
3536,57,amr122,babble10,0.0,0.23497626186906548,0.28084415584415584,268,2001,0.28084415584415584,268
3536,57,amr122,babble10,0.01,0.23894302848575713,0.2862654320987654,268,2001,0.2862654320987654,268
3536,57,amr122,babble10,0.05,0.25765242378810593,0.3107142857142857,268,2001,0.3107142857142857,268
3536,57,amr475,babble10,0.0,0.3317716141929036,0.3798076923076923,268,2001,0.3798076923076923,268
3536,57,amr475,babble10,0.01,0.33327086456771615,0.38461538461538464,268,2001,0.38461538461538464,268
3536,57,amr475,babble10,0.05,0.34507746126936534,0.4029255319148936,268,2001,0.4029255319148936,268
3536,57,amr122_g711u,babble10,0.0,0.2376311844077961,0.2923076923076923,268,2001,0.2923076923076923,268
3536,57,amr122_g711u,babble10,0.01,0.24203523238380809,0.3,268,2001,0.3,268
3536,57,amr122_g711u,babble10,0.05,0.2582146426786607,0.3188559322033898,268,2001,0.3188559322033898,268
3536,58,g711u,clean,0.0,0.04954311821816105,0.07083333333333333,227,1751,0.07083333333333333,227
3536,58,g711u,clean,0.01,0.059858652198743575,0.13839285714285715,227,1751,0.13839285714285715,227
3536,58,g711u,clean,0.05,0.09416047972587092,0.16666666666666666,227,1751,0.16666666666666666,227
3536,58,g711a,clean,0.0,0.04975728155339806,0.08774038461538461,227,1751,0.08774038461538461,227
3536,58,g711a,clean,0.01,0.057788406624785835,0.10653409090909091,227,1751,0.10653409090909091,227
3536,58,g711a,clean,0.05,0.09391062250142776,0.15760869565217392,227,1751,0.15760869565217392,227
3536,58,opus16,clean,0.0,0.145750142612664,0.19084821428571427,227,1751,0.1864754098360656,227
3536,58,opus16,clean,0.01,0.15530519110096977,0.20200892857142858,227,1751,0.19791666666666666,227
3536,58,opus16,clean,0.05,0.177374500855676,0.24659090909090908,227,1751,0.24659090909090908,227
3536,58,amr122,clean,0.0,0.2249714774671991,0.3158482142857143,227,1751,0.2940340909090909,227
3536,58,amr122,clean,0.01,0.22825156873930405,0.3158482142857143,227,1751,0.2924107142857143,227
3536,58,amr122,clean,0.05,0.2478251568739304,0.3252840909090909,227,1751,0.3252840909090909,227
3536,58,amr475,clean,0.0,0.3156374786081004,0.38920454545454547,227,1751,0.38920454545454547,227
3536,58,amr475,clean,0.01,0.31856103822019394,0.3932291666666667,227,1751,0.3932291666666667,227
3536,58,amr475,clean,0.05,0.3301839703365659,0.4049479166666667,227,1751,0.4049479166666667,227
3536,58,amr122_g711u,clean,0.0,0.22696805476326298,0.30245535714285715,227,1751,0.29129464285714285,227
3536,58,amr122_g711u,clean,0.01,0.2322090701654307,0.30691964285714285,227,1751,0.2924107142857143,227
3536,58,amr122_g711u,clean,0.05,0.2506774101540217,0.3536931818181818,227,1751,0.3536931818181818,227
3536,58,g711u,white20,0.0,0.021729390681003585,0.035,160,1116,0.035,160
3536,58,g711u,white20,0.01,0.03276209677419355,0.07102272727272728,160,1116,0.07102272727272728,160
3536,58,g711u,white20,0.05,0.07011648745519714,0.18658088235294118,160,1116,0.18658088235294118,160
3536,58,g711a,white20,0.0,0.02066532258064516,0.037760416666666664,160,1116,0.037760416666666664,160
3536,58,g711a,white20,0.01,0.026769713261648745,0.0671875,160,1116,0.0671875,160
3536,58,g711a,white20,0.05,0.05818772401433692,0.11585365853658537,160,1116,0.11585365853658537,160
3536,58,opus16,white20,0.0,0.1417450716845878,0.1804245283018868,160,1116,0.1804245283018868,160
3536,58,opus16,white20,0.01,0.14706541218637992,0.19912790697674418,160,1116,0.19912790697674418,160
3536,58,opus16,white20,0.05,0.1700268817204301,0.23958333333333334,160,1116,0.23958333333333334,160
3536,58,amr122,white20,0.0,0.22552643369175626,0.27698863636363635,160,1116,0.27698863636363635,160
3536,58,amr122,white20,0.01,0.22614247311827956,0.27698863636363635,160,1116,0.27698863636363635,160
3536,58,amr122,white20,0.05,0.23997535842293907,0.3053977272727273,160,1116,0.3053977272727273,160
3536,58,amr475,white20,0.0,0.30651833631484793,0.35823170731707316,160,1116,0.35823170731707316,160
3536,58,amr475,white20,0.01,0.309257602862254,0.35823170731707316,160,1116,0.35823170731707316,160
3536,58,amr475,white20,0.05,0.3210532200357782,0.3776041666666667,160,1116,0.3776041666666667,160
3536,58,amr122_g711u,white20,0.0,0.22765456989247312,0.2774390243902439,160,1116,0.2774390243902439,160
3536,58,amr122_g711u,white20,0.01,0.2301747311827957,0.2774390243902439,160,1116,0.2774390243902439,160
3536,58,amr122_g711u,white20,0.05,0.2482078853046595,0.3170731707317073,160,1116,0.3170731707317073,160
3536,58,g711u,babble10,0.0,0.03626179245283019,0.06573275862068965,256,1908,0.06573275862068965,256
3536,58,g711u,babble10,0.01,0.043730345911949686,0.07107843137254902,256,1908,0.07107843137254902,256
3536,58,g711u,babble10,0.05,0.07550445492662473,0.11702127659574468,256,1908,0.11702127659574468,256
3536,58,g711a,babble10,0.0,0.03482049266247379,0.0712719298245614,256,1908,0.0712719298245614,256
3536,58,g711a,babble10,0.01,0.04605607966457023,0.08771929824561403,256,1908,0.08771929824561403,256
3536,58,g711a,babble10,0.05,0.0774043501048218,0.1590909090909091,256,1908,0.1590909090909091,256
3536,58,opus16,babble10,0.0,0.14999344863731656,0.19262295081967212,256,1908,0.19262295081967212,256
3536,58,opus16,babble10,0.01,0.15300707547169812,0.19262295081967212,256,1908,0.19262295081967212,256
3536,58,opus16,babble10,0.05,0.1864517819706499,0.23173076923076924,256,1908,0.23173076923076924,256
3536,58,amr122,babble10,0.0,0.2340801886792453,0.31746031746031744,256,1908,0.31746031746031744,256
3536,58,amr122,babble10,0.01,0.23745414046121593,0.32765151515151514,256,1908,0.32765151515151514,256
3536,58,amr122,babble10,0.05,0.25278432914046123,0.3371212121212121,256,1908,0.3371212121212121,256
3536,58,amr475,babble10,0.0,0.3271847200418629,0.4069767441860465,256,1908,0.39344262295081966,256
3536,58,amr475,babble10,0.01,0.32911433804290946,0.4069767441860465,256,1908,0.3975409836065574,256
3536,58,amr475,babble10,0.05,0.3399725274725275,0.40261627906976744,256,1908,0.40261627906976744,256
3536,58,amr122_g711u,babble10,0.0,0.23519392033542977,0.32196969696969696,256,1908,0.32196969696969696,256
3536,58,amr122_g711u,babble10,0.01,0.2397471174004193,0.32196969696969696,256,1908,0.32196969696969696,256
3536,58,amr122_g711u,babble10,0.05,0.2581236897274633,0.3401639344262295,256,1908,0.3401639344262295,256
3536,59,g711u,clean,0.0,0.05203635851183765,0.08023648648648649,240,1774,0.08023648648648649,240
3536,59,g711u,clean,0.01,0.06257046223224352,0.1219758064516129,240,1774,0.1219758064516129,240
3536,59,g711u,clean,0.05,0.0961457158962796,0.14508928571428573,240,1774,0.14508928571428573,240
3536,59,g711a,clean,0.0,0.05210682074408117,0.10416666666666667,240,1774,0.10416666666666667,240
3536,59,g711a,clean,0.01,0.058976888387824125,0.12837837837837837,240,1774,0.12837837837837837,240
3536,59,g711a,clean,0.05,0.0923759864712514,0.14950980392156862,240,1774,0.14950980392156862,240
3536,59,opus16,clean,0.0,0.13722519729425028,0.171875,240,1774,0.171875,240
3536,59,opus16,clean,0.01,0.14279171364148815,0.171875,240,1774,0.171875,240
3536,59,opus16,clean,0.05,0.16498731679819617,0.21931818181818183,240,1774,0.21931818181818183,240
3536,59,amr122,clean,0.0,0.2183976888387824,0.2727272727272727,240,1774,0.2727272727272727,240
3536,59,amr122,clean,0.01,0.22269588500563697,0.2827868852459016,240,1774,0.2827868852459016,240
3536,59,amr122,clean,0.05,0.24753382187147688,0.31136363636363634,240,1774,0.31136363636363634,240
3536,59,amr475,clean,0.0,0.31468432919954903,0.38875,240,1774,0.38875,240
3536,59,amr475,clean,0.01,0.3168334272829763,0.385,240,1774,0.385,240
3536,59,amr475,clean,0.05,0.328565388951522,0.4125,240,1774,0.4125,240
3536,59,amr122_g711u,clean,0.0,0.2225901916572717,0.2784090909090909,240,1774,0.2784090909090909,240
3536,59,amr122_g711u,clean,0.01,0.2266065388951522,0.2784090909090909,240,1774,0.2784090909090909,240
3536,59,amr122_g711u,clean,0.05,0.24601888387824125,0.31808035714285715,240,1774,0.31808035714285715,240
3536,59,g711u,white20,0.0,0.023443898443898444,0.04,186,1221,0.04,186
3536,59,g711u,white20,0.01,0.029023341523341524,0.06862745098039216,186,1221,0.06862745098039216,186
3536,59,g711u,white20,0.05,0.06603194103194103,0.1556372549019608,186,1221,0.1556372549019608,186
3536,59,g711a,white20,0.0,0.023904586404586405,0.041193181818181816,186,1221,0.041193181818181816,186
3536,59,g711a,white20,0.01,0.03787878787878788,0.08689024390243902,186,1221,0.08689024390243902,186
3536,59,g711a,white20,0.05,0.06485462735462735,0.13994565217391305,186,1221,0.13994565217391305,186
3536,59,opus16,white20,0.0,0.14670352170352172,0.18632075471698112,186,1221,0.18632075471698112,186
3536,59,opus16,white20,0.01,0.15274365274365273,0.18632075471698112,186,1221,0.18632075471698112,186
3536,59,opus16,white20,0.05,0.17444717444717445,0.21774193548387097,186,1221,0.21774193548387097,186
3536,59,amr122,white20,0.0,0.22768222768222768,0.27853260869565216,186,1221,0.27853260869565216,186
3536,59,amr122,white20,0.01,0.23326167076167076,0.2997448979591837,186,1221,0.2997448979591837,186
3536,59,amr122,white20,0.05,0.2515868140868141,0.32386363636363635,186,1221,0.32386363636363635,186
3536,59,amr475,white20,0.0,0.3199221949221949,0.36792452830188677,186,1221,0.36792452830188677,186
3536,59,amr475,white20,0.01,0.3222176759410802,0.375,187,1221,0.375,186
3536,59,amr475,white20,0.05,0.33527846027846026,0.38871951219512196,186,1221,0.38871951219512196,186
3536,59,amr122_g711u,white20,0.0,0.22686322686322685,0.2826086956521739,186,1221,0.2826086956521739,186
3536,59,amr122_g711u,white20,0.01,0.22855241605241605,0.2826086956521739,186,1221,0.2826086956521739,186
3536,59,amr122_g711u,white20,0.05,0.2545045045045045,0.31521739130434784,186,1221,0.31521739130434784,186
3536,59,g711u,babble10,0.0,0.039055136663524975,0.07112068965517242,287,2122,0.07112068965517242,287
3536,59,g711u,babble10,0.01,0.047626060320452406,0.09659090909090909,287,2122,0.09659090909090909,287
3536,59,g711u,babble10,0.05,0.0783459000942507,0.16810344827586207,287,2122,0.16810344827586207,287
3536,59,g711a,babble10,0.0,0.03775918944392083,0.06173780487804878,287,2122,0.06173780487804878,287
3536,59,g711a,babble10,0.01,0.047508246936852024,0.08512931034482758,287,2122,0.08512931034482758,287
3536,59,g711a,babble10,0.05,0.08676955702167766,0.19181034482758622,287,2122,0.19181034482758622,287
3536,59,opus16,babble10,0.0,0.14924010367577756,0.19078947368421054,287,2122,0.19078947368421054,287
3536,59,opus16,babble10,0.01,0.15477733270499527,0.20928030303030304,287,2122,0.20928030303030304,287
3536,59,opus16,babble10,0.05,0.1799010367577757,0.2240566037735849,287,2122,0.2240566037735849,287
3536,59,amr122,babble10,0.0,0.23241635249764372,0.29536290322580644,287,2122,0.29536290322580644,287
3536,59,amr122,babble10,0.01,0.2382481149858624,0.29536290322580644,287,2122,0.29536290322580644,287
3536,59,amr122,babble10,0.05,0.25273916116870876,0.32056451612903225,287,2122,0.32056451612903225,287
3536,59,amr475,babble10,0.0,0.33220428840716304,0.40029761904761907,287,2122,0.40029761904761907,287
3536,59,amr475,babble10,0.01,0.3331467954759661,0.4226190476190476,287,2122,0.4226190476190476,287
3536,59,amr475,babble10,0.05,0.3438678133836004,0.40625,287,2122,0.40625,287
3536,59,amr122_g711u,babble10,0.0,0.23539114043355325,0.31009615384615385,287,2122,0.31009615384615385,287
3536,59,amr122_g711u,babble10,0.01,0.24004476908576813,0.3173076923076923,287,2122,0.3173076923076923,287
3536,59,amr122_g711u,babble10,0.05,0.25471253534401506,0.3466981132075472,287,2122,0.3466981132075472,287
3576,60,g711u,clean,0.0,0.0788201160541586,0.1119186046511628,221,1551,0.1119186046511628,221
3576,60,g711u,clean,0.01,0.09175531914893617,0.126953125,221,1551,0.126953125,221
3576,60,g711u,clean,0.05,0.11291102514506769,0.18095930232558138,221,1551,0.18095930232558138,221
3576,60,g711a,clean,0.0,0.0791424887169568,0.11403508771929824,221,1551,0.11403508771929824,221
3576,60,g711a,clean,0.01,0.09026434558349453,0.14365671641791045,221,1551,0.14365671641791045,221
3576,60,g711a,clean,0.05,0.12020470664087686,0.18563432835820895,221,1551,0.18563432835820895,221
3576,60,opus16,clean,0.0,0.1513942617666022,0.18229166666666666,221,1551,0.18229166666666666,221
3576,60,opus16,clean,0.01,0.15784171502256608,0.19223484848484848,221,1551,0.19223484848484848,221
3576,60,opus16,clean,0.05,0.19342359767891681,0.253125,221,1551,0.253125,221
3576,60,amr122,clean,0.0,0.26406350741457124,0.2942708333333333,221,1551,0.2942708333333333,221
3576,60,amr122,clean,0.01,0.27159896840747905,0.3125,221,1551,0.3125,221
3576,60,amr122,clean,0.05,0.28401031592520953,0.33984375,221,1551,0.33984375,221
3576,60,amr475,clean,0.0,0.3665377176015474,0.4140625,221,1551,0.4140625,221
3576,60,amr475,clean,0.01,0.3677869116698904,0.4140625,221,1551,0.4140625,221
3576,60,amr475,clean,0.05,0.37802224371373305,0.43125,221,1551,0.43125,221
3576,60,amr122_g711u,clean,0.0,0.2744197292069632,0.3125,221,1551,0.3125,221
3576,60,amr122_g711u,clean,0.01,0.27752256608639586,0.32421875,221,1551,0.32421875,221
3576,60,amr122_g711u,clean,0.05,0.2944471308833011,0.34576612903225806,221,1551,0.34576612903225806,221
3576,60,g711u,white20,0.0,0.03513707037643208,0.052083333333333336,196,1222,0.052083333333333336,196
3576,60,g711u,white20,0.01,0.04050736497545008,0.08223684210526316,196,1222,0.08223684210526316,196
3576,60,g711u,white20,0.05,0.08607815057283143,0.18303571428571427,196,1222,0.18303571428571427,196
3576,60,g711a,white20,0.0,0.034830196399345335,0.05416666666666667,196,1222,0.05416666666666667,196
3576,60,g711a,white20,0.01,0.04342266775777414,0.09886363636363636,196,1222,0.09886363636363636,196
3576,60,g711a,white20,0.05,0.08086129296235679,0.1515625,196,1222,0.1515625,196
3576,60,opus16,white20,0.0,0.16341039279869068,0.19401041666666666,196,1222,0.19401041666666666,196
3576,60,opus16,white20,0.01,0.17005932896890344,0.2,196,1222,0.2,196
3576,60,opus16,white20,0.05,0.20222995090016366,0.2704326923076923,196,1222,0.2704326923076923,196
3576,60,amr122,white20,0.0,0.28907528641571195,0.359375,196,1222,0.359375,196
3576,60,amr122,white20,0.01,0.29280891980360063,0.359375,196,1222,0.359375,196
3576,60,amr122,white20,0.05,0.3092266775777414,0.3802083333333333,196,1222,0.3802083333333333,196
3576,60,amr475,white20,0.0,0.3781198854337152,0.4252232142857143,196,1222,0.4252232142857143,196
3576,60,amr475,white20,0.01,0.3819046644844517,0.4330357142857143,196,1222,0.4330357142857143,196
3576,60,amr475,white20,0.05,0.3921849427168576,0.45982142857142855,196,1222,0.45982142857142855,196
3576,60,amr122_g711u,white20,0.0,0.2865691489361702,0.3414351851851852,196,1222,0.3414351851851852,196
3576,60,amr122_g711u,white20,0.01,0.28754091653027825,0.3414351851851852,196,1222,0.3414351851851852,196
3576,60,amr122_g711u,white20,0.05,0.30339607201309327,0.3606770833333333,196,1222,0.3606770833333333,196
3576,60,g711u,babble10,0.0,0.04362457170827215,0.09027777777777778,286,2043,0.09027777777777778,286
3576,60,g711u,babble10,0.01,0.04962065589818894,0.09027777777777778,286,2043,0.09027777777777778,286
3576,60,g711u,babble10,0.05,0.08584189916789035,0.14711538461538462,286,2043,0.14711538461538462,286
3576,60,g711a,babble10,0.0,0.041605482134116495,0.10714285714285714,286,2043,0.10714285714285714,286
3576,60,g711a,babble10,0.01,0.04747919725893294,0.10714285714285714,286,2043,0.10714285714285714,286
3576,60,g711a,babble10,0.05,0.08755506607929515,0.15625,286,2043,0.15625,286
3576,60,opus16,babble10,0.0,0.1595080763582966,0.20128676470588236,286,2043,0.20128676470588236,286
3576,60,opus16,babble10,0.01,0.16740088105726872,0.20863970588235295,286,2043,0.20863970588235295,286
3576,60,opus16,babble10,0.05,0.19159936368086147,0.24671052631578946,286,2043,0.24671052631578946,286
3576,60,amr122,babble10,0.0,0.2562102300538424,0.3112244897959184,286,2043,0.3112244897959184,286
3576,60,amr122,babble10,0.01,0.263552373959863,0.3136792452830189,286,2043,0.3136792452830189,286
3576,60,amr122,babble10,0.05,0.27597283406754775,0.33290816326530615,286,2043,0.33290816326530615,286
3576,60,amr475,babble10,0.0,0.3604502196193265,0.4510416666666667,286,2043,0.4242021276595745,286
3576,60,amr475,babble10,0.01,0.3620363591996096,0.4510416666666667,286,2043,0.42154255319148937,286
3576,60,amr475,babble10,0.05,0.365814208984375,0.44479166666666664,286,2043,0.4308510638297872,286
3576,60,amr122_g711u,babble10,0.0,0.2587799804209496,0.31862745098039214,286,2043,0.31862745098039214,286
3576,60,amr122_g711u,babble10,0.01,0.26309348996573667,0.3161764705882353,286,2043,0.3161764705882353,286
3576,60,amr122_g711u,babble10,0.05,0.27780837004405284,0.34681372549019607,286,2043,0.34681372549019607,286
3576,61,g711u,clean,0.0,0.0829225352112676,0.15833333333333333,222,1775,0.15833333333333333,222
3576,61,g711u,clean,0.01,0.09225352112676057,0.16944444444444445,222,1775,0.16944444444444445,222
3576,61,g711u,clean,0.05,0.12070422535211267,0.19040697674418605,222,1775,0.19040697674418605,222
3576,61,g711a,clean,0.0,0.07968309859154929,0.14722222222222223,222,1775,0.14722222222222223,222
3576,61,g711a,clean,0.01,0.08693661971830986,0.1484375,222,1775,0.1484375,222
3576,61,g711a,clean,0.05,0.12352112676056339,0.20694444444444443,222,1775,0.20694444444444443,222
3576,61,opus16,clean,0.0,0.15045774647887325,0.18221830985915494,222,1775,0.18221830985915494,222
3576,61,opus16,clean,0.01,0.1547887323943662,0.1986111111111111,222,1775,0.1986111111111111,222
3576,61,opus16,clean,0.05,0.18264084507042253,0.2361111111111111,222,1775,0.2361111111111111,222
3576,61,amr122,clean,0.0,0.2646830985915493,0.3171875,222,1775,0.3171875,222
3576,61,amr122,clean,0.01,0.270387323943662,0.31875,222,1775,0.31875,222
3576,61,amr122,clean,0.05,0.2860915492957746,0.36125,222,1775,0.36125,222
3576,61,amr475,clean,0.0,0.355,0.4027777777777778,222,1775,0.4027777777777778,222
3576,61,amr475,clean,0.01,0.35788732394366196,0.40162037037037035,222,1775,0.40162037037037035,222
3576,61,amr475,clean,0.05,0.3675,0.41875,222,1775,0.41875,222
3576,61,amr122_g711u,clean,0.0,0.2771478873239437,0.3263888888888889,222,1775,0.3263888888888889,222
3576,61,amr122_g711u,clean,0.01,0.28112676056338026,0.33055555555555555,222,1775,0.33055555555555555,222
3576,61,amr122_g711u,clean,0.05,0.2941549295774648,0.3546875,222,1775,0.3546875,222
3576,61,g711u,white20,0.0,0.0346606033717835,0.05443548387096774,172,1127,0.05443548387096774,172
3576,61,g711u,white20,0.01,0.04785936113575865,0.08948863636363637,172,1127,0.08948863636363637,172
3576,61,g711u,white20,0.05,0.08379547471162378,0.1308139534883721,172,1127,0.1308139534883721,172
3576,61,g711a,white20,0.0,0.03199866903283052,0.06754032258064516,172,1127,0.06754032258064516,172
3576,61,g711a,white20,0.01,0.036435226264418814,0.09883720930232558,172,1127,0.09883720930232558,172
3576,61,g711a,white20,0.05,0.07353593611357587,0.17578125,172,1127,0.17578125,172
3576,61,opus16,white20,0.0,0.1558340727595386,0.19254032258064516,172,1127,0.19254032258064516,172
3576,61,opus16,white20,0.01,0.1643189884649512,0.19254032258064516,172,1127,0.19254032258064516,172
3576,61,opus16,white20,0.05,0.18766637089618457,0.2612704918032787,172,1127,0.2612704918032787,172
3576,61,amr122,white20,0.0,0.26691437444543037,0.3445121951219512,172,1127,0.3445121951219512,172
3576,61,amr122,white20,0.01,0.2693544809228039,0.3445121951219512,172,1127,0.3445121951219512,172
3576,61,amr122,white20,0.05,0.3013998250218723,0.4989754098360656,172,1127,0.3856707317073171,172
3576,61,amr475,white20,0.0,0.3578083407275954,0.42,172,1127,0.42,172
3576,61,amr475,white20,0.01,0.3603039041703638,0.42,172,1127,0.42,172
3576,61,amr475,white20,0.05,0.36923247559893524,0.42,172,1127,0.42,172
3576,61,amr122_g711u,white20,0.0,0.2716282165039929,0.35823170731707316,172,1127,0.35823170731707316,172
3576,61,amr122_g711u,white20,0.01,0.2749001774622893,0.35823170731707316,172,1127,0.35823170731707316,172
3576,61,amr122_g711u,white20,0.05,0.2929236912156167,0.3795731707317073,172,1127,0.3795731707317073,172
3576,61,g711u,babble10,0.0,0.057794744318181816,0.09935897435897435,257,2112,0.09935897435897435,257
3576,61,g711u,babble10,0.01,0.06528172348484848,0.12316176470588236,257,2112,0.12316176470588236,257
3576,61,g711u,babble10,0.05,0.10295336174242424,0.1681338028169014,257,2112,0.1681338028169014,257
3576,61,g711a,babble10,0.0,0.057587594696969696,0.10304054054054054,257,2112,0.10304054054054054,257
3576,61,g711a,babble10,0.01,0.06563683712121213,0.1258445945945946,257,2112,0.1258445945945946,257
3576,61,g711a,babble10,0.05,0.09969815340909091,0.17916666666666667,257,2112,0.17916666666666667,257
3576,61,opus16,babble10,0.0,0.16487476370510398,0.2616279069767442,258,2112,0.19389204545454544,257
3576,61,opus16,babble10,0.01,0.17039815689981097,0.2616279069767442,258,2112,0.19917582417582416,257
3576,61,opus16,babble10,0.05,0.19187145557655955,0.2805232558139535,258,2112,0.24489795918367346,257
3576,61,amr122,babble10,0.0,0.27692850423330195,0.4451219512195122,264,2112,0.31068840579710144,257
3576,61,amr122,babble10,0.01,0.27905882352941175,0.43125,264,2112,0.31068840579710144,257
3576,61,amr122,babble10,0.05,0.2955294117647059,0.4390625,263,2112,0.34057971014492755,257
3576,61,amr475,babble10,0.0,0.37491213683223995,0.6603260869565217,267,2112,0.4318181818181818,257
3576,61,amr475,babble10,0.01,0.3759957825679475,0.6603260869565217,267,2112,0.4318181818181818,257
3576,61,amr475,babble10,0.05,0.3849578256794752,0.6739130434782609,267,2112,0.42992424242424243,257
3576,61,amr122_g711u,babble10,0.0,0.28010348071495766,0.4446022727272727,264,2112,0.30978260869565216,257
3576,61,amr122_g711u,babble10,0.01,0.2833960489181562,0.4446022727272727,264,2112,0.31068840579710144,257
3576,61,amr122_g711u,babble10,0.05,0.2993885230479774,0.45170454545454547,264,2112,0.34191176470588236,257
3576,62,g711u,clean,0.0,0.08421828908554573,0.15666666666666668,219,1695,0.15666666666666668,219
3576,62,g711u,clean,0.01,0.09365781710914454,0.17447916666666666,219,1695,0.17447916666666666,219
3576,62,g711u,clean,0.05,0.11806784660766961,0.1885593220338983,219,1695,0.1885593220338983,219
3576,62,g711a,clean,0.0,0.08296460176991151,0.1640625,219,1695,0.1640625,219
3576,62,g711a,clean,0.01,0.08845870206489675,0.1640625,219,1695,0.1640625,219
3576,62,g711a,clean,0.05,0.12400442477876106,0.20399305555555555,219,1695,0.20399305555555555,219
3576,62,opus16,clean,0.0,0.15575221238938053,0.20170454545454544,219,1695,0.20170454545454544,219
3576,62,opus16,clean,0.01,0.16235250737463128,0.20928030303030304,219,1695,0.20928030303030304,219
3576,62,opus16,clean,0.05,0.18705752212389382,0.2604166666666667,219,1695,0.2604166666666667,219
3576,62,amr122,clean,0.0,0.26327433628318586,0.31160714285714286,219,1695,0.31160714285714286,219
3576,62,amr122,clean,0.01,0.26969026548672564,0.3383152173913043,219,1695,0.3383152173913043,219
3576,62,amr122,clean,0.05,0.2812684365781711,0.3431372549019608,219,1695,0.3431372549019608,219
3576,62,amr475,clean,0.0,0.363716814159292,0.4119318181818182,219,1695,0.4119318181818182,219
3576,62,amr475,clean,0.01,0.3668141592920354,0.4119318181818182,219,1695,0.4119318181818182,219
3576,62,amr475,clean,0.05,0.3730088495575221,0.42329545454545453,219,1695,0.42329545454545453,219
3576,62,amr122_g711u,clean,0.0,0.2740044247787611,0.328125,219,1695,0.328125,219
3576,62,amr122_g711u,clean,0.01,0.2774336283185841,0.3333333333333333,219,1695,0.3333333333333333,219
3576,62,amr122_g711u,clean,0.05,0.2925147492625369,0.3541666666666667,219,1695,0.3541666666666667,219
3576,62,g711u,white20,0.0,0.03584149599287623,0.05945121951219512,162,1123,0.05945121951219512,162
3576,62,g711u,white20,0.01,0.04814113980409617,0.1048728813559322,162,1123,0.1048728813559322,162
3576,62,g711u,white20,0.05,0.08793410507569012,0.15931372549019607,162,1123,0.15931372549019607,162
3576,62,g711a,white20,0.0,0.034728406055209264,0.05694444444444444,162,1123,0.05694444444444444,162
3576,62,g711a,white20,0.01,0.042186108637577914,0.07916666666666666,162,1123,0.07916666666666666,162
3576,62,g711a,white20,0.05,0.06650712377560107,0.140625,162,1123,0.140625,162
3576,62,opus16,white20,0.0,0.16340160284951025,0.20579268292682926,162,1123,0.20579268292682926,162
3576,62,opus16,white20,0.01,0.16918967052537845,0.22408536585365854,162,1123,0.22408536585365854,162
3576,62,opus16,white20,0.05,0.18833481745325023,0.25462962962962965,162,1123,0.25462962962962965,162
3576,62,amr122,white20,0.0,0.2764358860195904,0.34263392857142855,162,1123,0.34263392857142855,162
3576,62,amr122,white20,0.01,0.27999777382012464,0.34263392857142855,162,1123,0.34263392857142855,162
3576,62,amr122,white20,0.05,0.2957479964381122,0.353125,162,1123,0.353125,162
3576,62,amr475,white20,0.0,0.36398040961709704,0.428125,162,1123,0.428125,162
3576,62,amr475,white20,0.01,0.3659839715048976,0.428125,162,1123,0.428125,162
3576,62,amr475,white20,0.05,0.3776157613535174,0.4474431818181818,162,1123,0.4474431818181818,162
3576,62,amr122_g711u,white20,0.0,0.28010908281389135,0.3527542372881356,162,1123,0.3527542372881356,162
3576,62,amr122_g711u,white20,0.01,0.284839715048976,0.3527542372881356,162,1123,0.3527542372881356,162
3576,62,amr122_g711u,white20,0.05,0.2960819234194123,0.3578125,162,1123,0.3578125,162
3576,62,g711u,babble10,0.0,0.05473372781065089,0.1016949152542373,265,2028,0.1016949152542373,265
3576,62,g711u,babble10,0.01,0.06132889546351085,0.10387323943661972,265,2028,0.10387323943661972,265
3576,62,g711u,babble10,0.05,0.08848002958579881,0.15517241379310345,265,2028,0.15517241379310345,265
3576,62,g711a,babble10,0.0,0.05211415187376726,0.09100877192982457,265,2028,0.09100877192982457,265
3576,62,g711a,babble10,0.01,0.060774161735700195,0.11403508771929824,265,2028,0.11403508771929824,265
3576,62,g711a,babble10,0.05,0.09624630177514792,0.15942028985507245,265,2028,0.15942028985507245,265
3576,62,opus16,babble10,0.0,0.15193540433925048,0.1814236111111111,265,2028,0.1814236111111111,265
3576,62,opus16,babble10,0.01,0.15658900394477318,0.19817073170731708,265,2028,0.19817073170731708,265
3576,62,opus16,babble10,0.05,0.18657544378698224,0.2373046875,265,2028,0.2373046875,265
3576,62,amr122,babble10,0.0,0.2520032051282051,0.3125,265,2028,0.3125,265
3576,62,amr122,babble10,0.01,0.25702662721893493,0.3125,265,2028,0.3125,265
3576,62,amr122,babble10,0.05,0.27095660749506906,0.3399122807017544,265,2028,0.3399122807017544,265
3576,62,amr475,babble10,0.0,0.34932815581854043,0.41268382352941174,265,2028,0.41268382352941174,265
3576,62,amr475,babble10,0.01,0.3510231755424063,0.41268382352941174,265,2028,0.41268382352941174,265
3576,62,amr475,babble10,0.05,0.35909763313609466,0.421875,265,2028,0.421875,265
3576,62,amr122_g711u,babble10,0.0,0.2521881163708087,0.3328488372093023,265,2028,0.3328488372093023,265
3576,62,amr122_g711u,babble10,0.01,0.2561328895463511,0.3328488372093023,265,2028,0.3328488372093023,265
3576,62,amr122_g711u,babble10,0.05,0.2748397435897436,0.35901162790697677,265,2028,0.35901162790697677,265
3752,63,g711u,clean,0.0,0.09654558404558404,0.13662790697674418,231,1755,0.13662790697674418,231
3752,63,g711u,clean,0.01,0.10694444444444444,0.15942028985507245,231,1755,0.15942028985507245,231
3752,63,g711u,clean,0.05,0.13928062678062678,0.22685185185185186,231,1755,0.22685185185185186,231
3752,63,g711a,clean,0.0,0.0954059829059829,0.14903846153846154,231,1755,0.14903846153846154,231
3752,63,g711a,clean,0.01,0.10388176638176638,0.16105769230769232,231,1755,0.16105769230769232,231
3752,63,g711a,clean,0.05,0.12987891737891738,0.20200892857142858,231,1755,0.20200892857142858,231
3752,63,opus16,clean,0.0,0.1674145299145299,0.19375,231,1755,0.19375,231
3752,63,opus16,clean,0.01,0.1753917378917379,0.20657894736842106,231,1755,0.20657894736842106,231
3752,63,opus16,clean,0.05,0.19704415954415955,0.25,231,1755,0.25,231
3752,63,amr122,clean,0.0,0.3245014245014245,0.37109375,231,1755,0.37109375,231
3752,63,amr122,clean,0.01,0.3279202279202279,0.37415540540540543,231,1755,0.37415540540540543,231
3752,63,amr122,clean,0.05,0.33792735042735045,0.3876953125,231,1755,0.3876953125,231
3752,63,amr475,clean,0.0,0.3904202279202279,0.4969512195121951,231,1755,0.4969512195121951,231
3752,63,amr475,clean,0.01,0.3921652421652422,0.4969512195121951,231,1755,0.4969512195121951,231
3752,63,amr475,clean,0.05,0.39747150997151,0.4954268292682927,231,1755,0.4954268292682927,231
3752,63,amr122_g711u,clean,0.0,0.3351851851851852,0.38341346153846156,231,1755,0.38341346153846156,231
3752,63,amr122_g711u,clean,0.01,0.3382834757834758,0.38341346153846156,231,1755,0.38341346153846156,231
3752,63,amr122_g711u,clean,0.05,0.3451923076923077,0.38645833333333335,231,1755,0.38645833333333335,231
3752,63,g711u,white20,0.0,0.032493649449618967,0.05625,179,1181,0.05625,179
3752,63,g711u,white20,0.01,0.04106689246401355,0.08290816326530612,179,1181,0.08290816326530612,179
3752,63,g711u,white20,0.05,0.0701735817104149,0.1640625,179,1181,0.1640625,179
3752,63,g711a,white20,0.0,0.032758255715495344,0.0625,179,1181,0.0625,179
3752,63,g711a,white20,0.01,0.03429297205757832,0.0625,179,1181,0.0625,179
3752,63,g711a,white20,0.05,0.08515029635901779,0.17755681818181818,179,1181,0.17755681818181818,179
3752,63,opus16,white20,0.0,0.16738992379339543,0.20790816326530612,179,1181,0.20790816326530612,179
3752,63,opus16,white20,0.01,0.1727349703640982,0.21279761904761904,179,1181,0.21279761904761904,179
3752,63,opus16,white20,0.05,0.19776672311600338,0.23645833333333333,179,1181,0.23645833333333333,179
3752,63,amr122,white20,0.0,0.3193268416596105,0.365625,179,1181,0.365625,179
3752,63,amr122,white20,0.01,0.32218458933107536,0.3639705882352941,179,1181,0.3639705882352941,179
3752,63,amr122,white20,0.05,0.3295935647756139,0.3859375,179,1181,0.3859375,179
3752,63,amr475,white20,0.0,0.40267781541066894,0.4446022727272727,179,1181,0.4446022727272727,179
3752,63,amr475,white20,0.01,0.4029424216765453,0.4446022727272727,179,1181,0.4446022727272727,179
3752,63,amr475,white20,0.05,0.40664690939881454,0.44886363636363635,179,1181,0.44886363636363635,179
3752,63,amr122_g711u,white20,0.0,0.3195385266723116,0.37073863636363635,179,1181,0.37073863636363635,179
3752,63,amr122_g711u,white20,0.01,0.31885055038103305,0.3650568181818182,179,1181,0.3650568181818182,179
3752,63,amr122_g711u,white20,0.05,0.3259419983065199,0.37073863636363635,179,1181,0.37073863636363635,179
3752,63,g711u,babble10,0.0,0.05709162424803332,0.12900641025641027,274,2161,0.12900641025641027,274
3752,63,g711u,babble10,0.01,0.06599953725127256,0.14423076923076922,274,2161,0.14423076923076922,274
3752,63,g711u,babble10,0.05,0.09648310967144841,0.1907051282051282,274,2161,0.1907051282051282,274
3752,63,g711a,babble10,0.0,0.053621008792225824,0.10377358490566038,274,2161,0.10377358490566038,274
3752,63,g711a,babble10,0.01,0.06380148079592782,0.11046511627906977,274,2161,0.11046511627906977,274
3752,63,g711a,babble10,0.05,0.08763304025913929,0.140625,274,2161,0.140625,274
3752,63,opus16,babble10,0.0,0.16112332253586303,0.21875,274,2161,0.21875,274
3752,63,opus16,babble10,0.01,0.16948172142526607,0.22348484848484848,274,2161,0.22348484848484848,274
3752,63,opus16,babble10,0.05,0.1864298935677927,0.24890350877192982,274,2161,0.24890350877192982,274
3752,63,amr122,babble10,0.0,0.2980969458583989,0.3469551282051282,274,2161,0.3469551282051282,274
3752,63,amr122,babble10,0.01,0.3008445164275798,0.3469551282051282,274,2161,0.3469551282051282,274
3752,63,amr122,babble10,0.05,0.31400393336418325,0.3701923076923077,274,2161,0.3701923076923077,274
3752,63,amr475,babble10,0.0,0.3660053216103656,0.4185267857142857,274,2161,0.4185267857142857,274
3752,63,amr475,babble10,0.01,0.367133271633503,0.4185267857142857,274,2161,0.4185267857142857,274
3752,63,amr475,babble10,0.05,0.3736695974086071,0.43638392857142855,274,2161,0.43638392857142855,274
3752,63,amr122_g711u,babble10,0.0,0.3012783433595558,0.36202830188679247,274,2161,0.36202830188679247,274
3752,63,amr122_g711u,babble10,0.01,0.3031004164738547,0.36674528301886794,274,2161,0.36674528301886794,274
3752,63,amr122_g711u,babble10,0.05,0.3112563627950023,0.3938679245283019,274,2161,0.3938679245283019,274
3752,64,g711u,clean,0.0,0.0894129491945477,0.14464285714285716,210,1614,0.14464285714285716,210
3752,64,g711u,clean,0.01,0.09824194547707558,0.14910714285714285,210,1614,0.14910714285714285,210
3752,64,g711u,clean,0.05,0.12488382899628253,0.18154761904761904,210,1614,0.18154761904761904,210
3752,64,g711a,clean,0.0,0.09103934324659231,0.14642857142857144,210,1614,0.14642857142857144,210
3752,64,g711a,clean,0.01,0.09928748451053283,0.15113636363636362,210,1614,0.15113636363636362,210
3752,64,g711a,clean,0.05,0.12898853779429986,0.205,210,1614,0.205,210
3752,64,opus16,clean,0.0,0.16837050805452292,0.2015625,210,1614,0.2015625,210
3752,64,opus16,clean,0.01,0.17410161090458487,0.22172619047619047,210,1614,0.22172619047619047,210
3752,64,opus16,clean,0.05,0.19485749690210658,0.2715909090909091,210,1614,0.2715909090909091,210
3752,64,amr122,clean,0.0,0.28566449814126393,0.3392857142857143,210,1614,0.3392857142857143,210
3752,64,amr122,clean,0.01,0.28969175960346966,0.3392857142857143,210,1614,0.3392857142857143,210
3752,64,amr122,clean,0.05,0.3000697026022305,0.3508928571428571,210,1614,0.3508928571428571,210
3752,64,amr475,clean,0.0,0.3872366790582404,0.4473684210526316,210,1614,0.4473684210526316,210
3752,64,amr475,clean,0.01,0.3896762701363073,0.4473684210526316,210,1614,0.4473684210526316,210
3752,64,amr475,clean,0.05,0.39924101610904583,0.44846491228070173,210,1614,0.44846491228070173,210
3752,64,amr122_g711u,clean,0.0,0.293796468401487,0.34100877192982454,210,1614,0.34100877192982454,210
3752,64,amr122_g711u,clean,0.01,0.2980173482032218,0.3541666666666667,210,1614,0.3541666666666667,210
3752,64,amr122_g711u,clean,0.05,0.3141651177199504,0.35714285714285715,210,1614,0.35714285714285715,210
3752,64,g711u,white20,0.0,0.0338492438563327,0.05048076923076923,137,1058,0.05048076923076923,137
3752,64,g711u,white20,0.01,0.038161625708884685,0.08536585365853659,137,1058,0.08536585365853659,137
3752,64,g711u,white20,0.05,0.07608695652173914,0.16517857142857142,137,1058,0.16517857142857142,137
3752,64,g711a,white20,0.0,0.03367202268431002,0.05821917808219178,137,1058,0.05821917808219178,137
3752,64,g711a,white20,0.01,0.04383270321361059,0.08035714285714286,137,1058,0.08035714285714286,137
3752,64,g711a,white20,0.05,0.0919187145557656,0.17806603773584906,137,1058,0.17806603773584906,137
3752,64,opus16,white20,0.0,0.1665288279773157,0.23295454545454544,137,1058,0.23295454545454544,137
3752,64,opus16,white20,0.01,0.17686672967863895,0.2883522727272727,137,1058,0.2883522727272727,137
3752,64,opus16,white20,0.05,0.1899810964083176,0.2418478260869565,137,1058,0.2418478260869565,137
3752,64,amr122,white20,0.0,0.2780009451795841,0.3375,137,1058,0.3375,137
3752,64,amr122,white20,0.01,0.28065926275992437,0.3375,137,1058,0.3375,137
3752,64,amr122,white20,0.05,0.299976370510397,0.365,137,1058,0.365,137
3752,64,amr475,white20,0.0,0.38291587901701324,0.43882978723404253,137,1058,0.43882978723404253,137
3752,64,amr475,white20,0.01,0.3848062381852552,0.43882978723404253,137,1058,0.43882978723404253,137
3752,64,amr475,white20,0.05,0.3932537807183365,0.45345744680851063,137,1058,0.45345744680851063,137
3752,64,amr122_g711u,white20,0.0,0.2779418714555766,0.33875,137,1058,0.33875,137
3752,64,amr122_g711u,white20,0.01,0.28113185255198486,0.33875,137,1058,0.33875,137
3752,64,amr122_g711u,white20,0.05,0.298086011342155,0.37351190476190477,137,1058,0.37351190476190477,137
3752,64,g711u,babble10,0.0,0.04570938215102975,0.11647727272727272,280,2185,0.11647727272727272,280
3752,64,g711u,babble10,0.01,0.05446224256292906,0.11647727272727272,280,2185,0.11647727272727272,280
3752,64,g711u,babble10,0.05,0.08329519450800915,0.14613970588235295,280,2185,0.14613970588235295,280
3752,64,g711a,babble10,0.0,0.04425057208237986,0.11268939393939394,280,2185,0.11268939393939394,280
3752,64,g711a,babble10,0.01,0.05274599542334096,0.11268939393939394,280,2185,0.11268939393939394,280
3752,64,g711a,babble10,0.05,0.08566933638443935,0.16304347826086957,280,2185,0.16304347826086957,280
3752,64,opus16,babble10,0.0,0.16178489702517163,0.195625,280,2185,0.195625,280
3752,64,opus16,babble10,0.01,0.16885011441647596,0.20856741573033707,280,2185,0.20856741573033707,280
3752,64,opus16,babble10,0.05,0.1928203661327231,0.240625,280,2185,0.240625,280
3752,64,amr122,babble10,0.0,0.25806636155606405,0.3056640625,280,2185,0.3056640625,280
3752,64,amr122,babble10,0.01,0.26155606407322657,0.3095703125,280,2185,0.3095703125,280
3752,64,amr122,babble10,0.05,0.27577231121281465,0.3260135135135135,280,2185,0.3260135135135135,280
3752,64,amr475,babble10,0.0,0.3583237986270023,0.4221153846153846,280,2185,0.4221153846153846,280
3752,64,amr475,babble10,0.01,0.3609553775743707,0.42596153846153845,280,2185,0.42596153846153845,280
3752,64,amr475,babble10,0.05,0.368649885583524,0.42403846153846153,280,2185,0.42403846153846153,280
3752,64,amr122_g711u,babble10,0.0,0.26295766590389014,0.3173828125,280,2185,0.3173828125,280
3752,64,amr122_g711u,babble10,0.01,0.26581807780320366,0.3173828125,280,2185,0.3173828125,280
3752,64,amr122_g711u,babble10,0.05,0.2812070938215103,0.3359375,280,2185,0.3359375,280
3752,65,g711u,clean,0.0,0.095648090169067,0.13404605263157895,205,1597,0.13404605263157895,205
3752,65,g711u,clean,0.01,0.10437539135879774,0.15755208333333334,205,1597,0.15755208333333334,205
3752,65,g711u,clean,0.05,0.13513619286161552,0.1911231884057971,205,1597,0.1911231884057971,205
3752,65,g711a,clean,0.0,0.09506105197244834,0.13613013698630136,205,1597,0.13613013698630136,205
3752,65,g711a,clean,0.01,0.10355353788353162,0.16352739726027396,205,1597,0.16352739726027396,205
3752,65,g711a,clean,0.05,0.13932373199749531,0.2169811320754717,205,1597,0.2169811320754717,205
3752,65,opus16,clean,0.0,0.17243268628678773,0.21646341463414634,205,1597,0.21646341463414634,205
3752,65,opus16,clean,0.01,0.17912492172824046,0.2298728813559322,205,1597,0.2298728813559322,205
3752,65,opus16,clean,0.05,0.20538509705698185,0.2703125,205,1597,0.2703125,205
3752,65,amr122,clean,0.0,0.29117094552285533,0.33948863636363635,205,1597,0.33948863636363635,205
3752,65,amr122,clean,0.01,0.2933625547902317,0.33948863636363635,205,1597,0.33948863636363635,205
3752,65,amr122,clean,0.05,0.306668753913588,0.353125,205,1597,0.353125,205
3752,65,amr475,clean,0.0,0.3807529743268629,0.4325,205,1597,0.4325,205
3752,65,amr475,clean,0.01,0.380831246086412,0.4325,205,1597,0.4325,205
3752,65,amr475,clean,0.05,0.3883061991233563,0.4453125,205,1597,0.4453125,205
3752,65,amr122_g711u,clean,0.0,0.29966343143393864,0.3403716216216216,205,1597,0.3403716216216216,205
3752,65,amr122_g711u,clean,0.01,0.30432060112711334,0.3508522727272727,205,1597,0.3508522727272727,205
3752,65,amr122_g711u,clean,0.05,0.3149264245460238,0.3704545454545455,205,1597,0.3704545454545455,205
3752,65,g711u,white20,0.0,0.04012271414821944,0.0744047619047619,139,1039,0.0744047619047619,139
3752,65,g711u,white20,0.01,0.04800288739172281,0.0921875,139,1039,0.0921875,139
3752,65,g711u,white20,0.05,0.07146294513955727,0.11773255813953488,139,1039,0.11773255813953488,139
3752,65,g711a,white20,0.0,0.036032242540904716,0.06111111111111111,139,1039,0.06111111111111111,139
3752,65,g711a,white20,0.01,0.045476419634263715,0.09926470588235294,139,1039,0.09926470588235294,139
3752,65,g711a,white20,0.05,0.08247112608277189,0.13295454545454546,139,1039,0.13295454545454546,139
3752,65,opus16,white20,0.0,0.17083734359961503,0.2136627906976744,139,1039,0.2136627906976744,139
3752,65,opus16,white20,0.01,0.1784167468719923,0.2136627906976744,139,1039,0.2136627906976744,139
3752,65,opus16,white20,0.05,0.20861405197305102,0.27,139,1039,0.27,139
3752,65,amr122,white20,0.0,0.28206207892204044,0.31976744186046513,139,1039,0.31976744186046513,139
3752,65,amr122,white20,0.01,0.2862127045235804,0.32703488372093026,139,1039,0.32703488372093026,139
3752,65,amr122,white20,0.05,0.29698026948989414,0.3270547945205479,139,1039,0.3270547945205479,139
3752,65,amr475,white20,0.0,0.3882338787295476,0.43478260869565216,139,1039,0.43478260869565216,139
3752,65,amr475,white20,0.01,0.3897377285851781,0.43478260869565216,139,1039,0.43478260869565216,139
3752,65,amr475,white20,0.05,0.4000240615976901,0.45058139534883723,139,1039,0.45058139534883723,139
3752,65,amr122_g711u,white20,0.0,0.2845885466794995,0.3323170731707317,139,1039,0.3323170731707317,139
3752,65,amr122_g711u,white20,0.01,0.287776708373436,0.32621951219512196,139,1039,0.32621951219512196,139
3752,65,amr122_g711u,white20,0.05,0.29631857555341673,0.35259433962264153,139,1039,0.35259433962264153,139
3752,65,g711u,babble10,0.0,0.03867246596066566,0.1173780487804878,266,1983,0.1173780487804878,266
3752,65,g711u,babble10,0.01,0.04740292486132123,0.14945652173913043,266,1983,0.14945652173913043,266
3752,65,g711u,babble10,0.05,0.08078038325769037,0.16276041666666666,266,1983,0.16276041666666666,266
3752,65,g711a,babble10,0.0,0.037096570852244076,0.09603658536585366,266,1983,0.09603658536585366,266
3752,65,g711a,babble10,0.01,0.04611069087241553,0.09603658536585366,266,1983,0.09603658536585366,266
3752,65,g711a,babble10,0.05,0.08522440746343923,0.15494791666666666,266,1983,0.15494791666666666,266
3752,65,opus16,babble10,0.0,0.15131744831064045,0.18229166666666666,266,1983,0.18229166666666666,266
3752,65,opus16,babble10,0.01,0.1563603126575895,0.1844879518072289,266,1983,0.1844879518072289,266
3752,65,opus16,babble10,0.05,0.1800302571860817,0.23883928571428573,266,1983,0.23883928571428573,266
3752,65,amr122,babble10,0.0,0.2437279374684821,0.2974683544303797,266,1983,0.2974683544303797,266
3752,65,amr122,babble10,0.01,0.24735249621785174,0.30063291139240506,266,1983,0.30063291139240506,266
3752,65,amr122,babble10,0.05,0.26285930408472014,0.31566455696202533,266,1983,0.31566455696202533,266
3752,65,amr475,babble10,0.0,0.34540468986384265,0.4041666666666667,266,1983,0.4041666666666667,266
3752,65,amr475,babble10,0.01,0.3468545133635905,0.4041666666666667,266,1983,0.4041666666666667,266
3752,65,amr475,babble10,0.05,0.360028996469995,0.4163602941176471,266,1983,0.4163602941176471,266
3752,65,amr122_g711u,babble10,0.0,0.24498865355521937,0.3045886075949367,266,1983,0.3045886075949367,266
3752,65,amr122_g711u,babble10,0.01,0.24977937468482098,0.3045886075949367,266,1983,0.3045886075949367,266
3752,65,amr122_g711u,babble10,0.05,0.264088502269289,0.3298076923076923,266,1983,0.3298076923076923,266
3853,66,g711u,clean,0.0,0.03616636528028933,0.05787037037037037,234,1659,0.05787037037037037,234
3853,66,g711u,clean,0.01,0.04366335141651597,0.07407407407407407,234,1659,0.07407407407407407,234
3853,66,g711u,clean,0.05,0.08122362869198312,0.1984375,234,1659,0.1984375,234
3853,66,g711a,clean,0.0,0.03575195901145268,0.056712962962962965,234,1659,0.056712962962962965,234
3853,66,g711a,clean,0.01,0.04731766124171188,0.1064453125,234,1659,0.1064453125,234
3853,66,g711a,clean,0.05,0.08107293550331525,0.1574074074074074,234,1659,0.1574074074074074,234
3853,66,opus16,clean,0.0,0.13826100060277274,0.1673728813559322,234,1659,0.1673728813559322,234
3853,66,opus16,clean,0.01,0.1447031344183243,0.17219387755102042,234,1659,0.17219387755102042,234
3853,66,opus16,clean,0.05,0.16625226039783003,0.24739583333333334,234,1659,0.24739583333333334,234
3853,66,amr122,clean,0.0,0.21993527995183623,0.2910714285714286,234,1659,0.2910714285714286,234
3853,66,amr122,clean,0.01,0.2233217940999398,0.2916666666666667,234,1659,0.2916666666666667,234
3853,66,amr122,clean,0.05,0.24036724864539433,0.3033854166666667,234,1659,0.3033854166666667,234
3853,66,amr475,clean,0.0,0.2992253309265945,0.4084051724137931,234,1659,0.4084051724137931,234
3853,66,amr475,clean,0.01,0.3013312274368231,0.40948275862068967,234,1659,0.40948275862068967,234
3853,66,amr475,clean,0.05,0.3135905535499398,0.4234913793103448,234,1659,0.4234913793103448,234
3853,66,amr122_g711u,clean,0.0,0.2231712823600241,0.3,234,1659,0.3,234
3853,66,amr122_g711u,clean,0.01,0.22851444912703192,0.3125,234,1659,0.3125,234
3853,66,amr122_g711u,clean,0.05,0.24525888019265502,0.32857142857142857,234,1659,0.32857142857142857,234
3853,66,g711u,white20,0.0,0.022390333062550772,0.036458333333333336,188,1231,0.036458333333333336,188
3853,66,g711u,white20,0.01,0.03178310316815597,0.0661764705882353,188,1231,0.0661764705882353,188
3853,66,g711u,white20,0.05,0.06803411860276198,0.15773809523809523,188,1231,0.15773809523809523,188
3853,66,g711a,white20,0.0,0.02020714865962632,0.035,188,1231,0.035,188
3853,66,g711a,white20,0.01,0.0299553208773355,0.11585365853658537,188,1231,0.11585365853658537,188
3853,66,g711a,white20,0.05,0.06224614134849716,0.12195121951219512,188,1231,0.12195121951219512,188
3853,66,opus16,white20,0.0,0.13444354183590576,0.16884328358208955,188,1231,0.16884328358208955,188
3853,66,opus16,white20,0.01,0.14018074735987002,0.16977611940298507,188,1231,0.16977611940298507,188
3853,66,opus16,white20,0.05,0.16460194963444355,0.23546511627906977,188,1231,0.23546511627906977,188
3853,66,amr122,white20,0.0,0.22370024370430544,0.2659313725490196,188,1231,0.2659313725490196,188
3853,66,amr122,white20,0.01,0.229285134037368,0.2784090909090909,188,1231,0.2784090909090909,188
3853,66,amr122,white20,0.05,0.2475629569455727,0.3229166666666667,188,1231,0.3229166666666667,188
3853,66,amr475,white20,0.0,0.30245535714285715,0.37907608695652173,189,1231,0.37907608695652173,188
3853,66,amr475,white20,0.01,0.30448457792207795,0.37907608695652173,189,1231,0.37907608695652173,188
3853,66,amr475,white20,0.05,0.31914569805194803,0.39266304347826086,189,1231,0.39266304347826086,188
3853,66,amr122_g711u,white20,0.0,0.2250710804224208,0.2643229166666667,188,1231,0.2643229166666667,188
3853,66,amr122_g711u,white20,0.01,0.22913281884646627,0.27328431372549017,188,1231,0.27328431372549017,188
3853,66,amr122_g711u,white20,0.05,0.25314784727863526,0.29573170731707316,188,1231,0.29573170731707316,188
3853,66,g711u,babble10,0.0,0.03433525136281042,0.1015625,234,1651,0.1015625,234
3853,66,g711u,babble10,0.01,0.0413007268322229,0.11067708333333333,234,1651,0.11067708333333333,234
3853,66,g711u,babble10,0.05,0.07446244700181708,0.1203125,234,1651,0.1203125,234
3853,66,g711a,babble10,0.0,0.03391883706844337,0.09216101694915255,234,1651,0.09216101694915255,234
3853,66,g711a,babble10,0.01,0.045275590551181105,0.10975609756097561,234,1651,0.10975609756097561,234
3853,66,g711a,babble10,0.05,0.0658313143549364,0.13983050847457626,234,1651,0.13983050847457626,234
3853,66,opus16,babble10,0.0,0.14965214761040532,0.21010638297872342,234,1651,0.18597560975609756,234
3853,66,opus16,babble10,0.01,0.15763006654567452,0.24027777777777778,234,1651,0.20494186046511628,234
3853,66,opus16,babble10,0.05,0.17725347852389595,0.25,234,1651,0.21666666666666667,234
3853,66,amr122,babble10,0.0,0.23799969715324046,0.3168103448275862,234,1651,0.3168103448275862,234
3853,66,amr122,babble10,0.01,0.24242883101150817,0.3135775862068966,234,1651,0.3135775862068966,234
3853,66,amr122,babble10,0.05,0.2548076923076923,0.33984375,234,1651,0.33984375,234
3853,66,amr475,babble10,0.0,0.3333084725536993,0.48628048780487804,238,1651,0.39442567567567566,234
3853,66,amr475,babble10,0.01,0.33535948687350836,0.4969512195121951,238,1651,0.39442567567567566,234
3853,66,amr475,babble10,0.05,0.343188622754491,0.5182926829268293,237,1651,0.39864864864864863,234
3853,66,amr122_g711u,babble10,0.0,0.2396274984857662,0.3426724137931034,234,1651,0.3426724137931034,234
3853,66,amr122_g711u,babble10,0.01,0.24526801938219261,0.3415948275862069,234,1651,0.3415948275862069,234
3853,66,amr122_g711u,babble10,0.05,0.2585175651120533,0.3545258620689655,234,1651,0.3545258620689655,234
3853,67,g711u,clean,0.0,0.03410503418272219,0.07536764705882353,215,1609,0.07536764705882353,215
3853,67,g711u,clean,0.01,0.04257302672467371,0.08653846153846154,215,1609,0.08653846153846154,215
3853,67,g711u,clean,0.05,0.07333747669359851,0.12727272727272726,215,1609,0.12727272727272726,215
3853,67,g711a,clean,0.0,0.03426041019266625,0.06433823529411764,215,1609,0.06433823529411764,215
3853,67,g711a,clean,0.01,0.044864822871348665,0.07862903225806452,215,1609,0.07862903225806452,215
3853,67,g711a,clean,0.05,0.07862026103169671,0.15154109589041095,215,1609,0.15154109589041095,215
3853,67,opus16,clean,0.0,0.15305027590435316,0.4088983050847458,216,1609,0.17641129032258066,215
3853,67,opus16,clean,0.01,0.15795524218270998,0.4088983050847458,216,1609,0.1933139534883721,215
3853,67,opus16,clean,0.05,0.18339975475168607,0.4099576271186441,216,1609,0.2298728813559322,215
3853,67,amr122,clean,0.0,0.2329092581238504,0.4777542372881356,216,1609,0.2863372093023256,215
3853,67,amr122,clean,0.01,0.23708614347026363,0.4777542372881356,216,1609,0.2863372093023256,215
3853,67,amr122,clean,0.05,0.25662936848559165,0.486228813559322,216,1609,0.31808035714285715,215
3853,67,amr475,clean,0.0,0.31100551808706317,0.5211864406779662,216,1609,0.3851744186046512,215
3853,67,amr475,clean,0.01,0.31234671980380135,0.5211864406779662,216,1609,0.39098837209302323,215
3853,67,amr475,clean,0.05,0.3245634191176471,0.5338983050847458,216,1609,0.3997093023255814,215
3853,67,amr122_g711u,clean,0.0,0.2344420600858369,0.4777542372881356,216,1609,0.29069767441860467,215
3853,67,amr122_g711u,clean,0.01,0.2404199877375843,0.4777542372881356,216,1609,0.2805232558139535,215
3853,67,amr122_g711u,clean,0.05,0.25662936848559165,0.4872881355932203,216,1609,0.32122093023255816,215
3853,67,g711u,white20,0.0,0.01852462620932278,0.0350609756097561,175,1137,0.0350609756097561,175
3853,67,g711u,white20,0.01,0.027814423922603342,0.08136792452830188,175,1137,0.08136792452830188,175
3853,67,g711u,white20,0.05,0.06035620052770448,0.1438953488372093,175,1137,0.1438953488372093,175
3853,67,g711a,white20,0.0,0.018579595426561124,0.03353658536585366,175,1137,0.03353658536585366,175
3853,67,g711a,white20,0.01,0.021492963940193493,0.050271739130434784,175,1137,0.050271739130434784,175
3853,67,g711a,white20,0.05,0.05524406332453826,0.14266304347826086,175,1137,0.14266304347826086,175
3853,67,opus16,white20,0.0,0.13648856640281443,0.1675,175,1137,0.1675,175
3853,67,opus16,white20,0.01,0.14099604221635884,0.17708333333333334,175,1137,0.17708333333333334,175
3853,67,opus16,white20,0.05,0.16886543535620052,0.22777777777777777,175,1137,0.22777777777777777,175
3853,67,amr122,white20,0.0,0.22108619173262972,0.27395833333333336,175,1137,0.27395833333333336,175
3853,67,amr122,white20,0.01,0.22355980650835533,0.28125,175,1137,0.28125,175
3853,67,amr122,white20,0.05,0.2427990325417766,0.3029891304347826,175,1137,0.3029891304347826,175
3853,67,amr475,white20,0.0,0.3004617414248021,0.3546511627906977,175,1137,0.3546511627906977,175
3853,67,amr475,white20,0.01,0.3046943711521548,0.3645833333333333,175,1137,0.3645833333333333,175
3853,67,amr475,white20,0.05,0.31008135444151275,0.3673469387755102,175,1137,0.3673469387755102,175
3853,67,amr122_g711u,white20,0.0,0.22301011433597184,0.28229166666666666,175,1137,0.28229166666666666,175
3853,67,amr122_g711u,white20,0.01,0.22740765171503957,0.2966101694915254,175,1137,0.2966101694915254,175
3853,67,amr122_g711u,white20,0.05,0.24065523306948108,0.31839622641509435,175,1137,0.31839622641509435,175
3853,67,g711u,babble10,0.0,0.03140791690061763,0.05965909090909091,254,1781,0.05965909090909091,254
3853,67,g711u,babble10,0.01,0.040707467714766986,0.08223684210526316,254,1781,0.08223684210526316,254
3853,67,g711u,babble10,0.05,0.0739051094890511,0.1884765625,254,1781,0.1884765625,254
3853,67,g711a,babble10,0.0,0.030460415496911846,0.0625,254,1781,0.0625,254
3853,67,g711a,babble10,0.01,0.03298708590679394,0.08430232558139535,254,1781,0.08430232558139535,254
3853,67,g711a,babble10,0.05,0.07604576080853453,0.16183035714285715,254,1781,0.16183035714285715,254
3853,67,opus16,babble10,0.0,0.15716189674523007,0.19256756756756757,254,1781,0.19256756756756757,254
3853,67,opus16,babble10,0.01,0.16322951739618408,0.2173076923076923,254,1781,0.2173076923076923,254
3853,67,opus16,babble10,0.05,0.1849747474747475,0.24147727272727273,254,1781,0.24147727272727273,254
3853,67,amr122,babble10,0.0,0.23404180695847362,0.27945402298850575,254,1781,0.27945402298850575,254
3853,67,amr122,babble10,0.01,0.23772446689113355,0.27945402298850575,254,1781,0.27945402298850575,254
3853,67,amr122,babble10,0.05,0.25354236812570147,0.3046875,254,1781,0.3046875,254
3853,67,amr475,babble10,0.0,0.3285435267857143,0.4074367088607595,255,1781,0.4074367088607595,254
3853,67,amr475,babble10,0.01,0.33217075892857145,0.40901898734177217,255,1781,0.40901898734177217,254
3853,67,amr475,babble10,0.05,0.3412096325167038,0.4114583333333333,257,1781,0.4078125,254
3853,67,amr122_g711u,babble10,0.0,0.2359006734006734,0.28376436781609193,254,1781,0.28376436781609193,254
3853,67,amr122_g711u,babble10,0.01,0.23804012345679013,0.28376436781609193,254,1781,0.28376436781609193,254
3853,67,amr122_g711u,babble10,0.05,0.2570496632996633,0.30544354838709675,254,1781,0.30544354838709675,254
3853,68,g711u,clean,0.0,0.03241619228336496,0.059375,228,1581,0.059375,228
3853,68,g711u,clean,0.01,0.0420224541429475,0.11277173913043478,228,1581,0.11277173913043478,228
3853,68,g711u,clean,0.05,0.07803605313092979,0.15264423076923078,228,1581,0.15264423076923078,228
3853,68,g711a,clean,0.0,0.02980708412397217,0.054086538461538464,228,1581,0.054086538461538464,228
3853,68,g711a,clean,0.01,0.03917615433270082,0.08375,228,1581,0.08375,228
3853,68,g711a,clean,0.05,0.07851043643263757,0.1426056338028169,228,1581,0.1426056338028169,228
3853,68,opus16,clean,0.0,0.13931056293485136,0.17272727272727273,228,1581,0.17272727272727273,228
3853,68,opus16,clean,0.01,0.14286843769765972,0.18292682926829268,228,1581,0.18292682926829268,228
3853,68,opus16,clean,0.05,0.17318943706514864,0.23214285714285715,228,1581,0.23214285714285715,228
3853,68,amr122,clean,0.0,0.2135910815939279,0.3004032258064516,228,1581,0.3004032258064516,228
3853,68,amr122,clean,0.01,0.22114168247944338,0.3012152777777778,228,1581,0.3012152777777778,228
3853,68,amr122,clean,0.05,0.23438488298545224,0.3109375,228,1581,0.3109375,228
3853,68,amr475,clean,0.0,0.2958910579345088,0.39166666666666666,228,1581,0.371875,228
3853,68,amr475,clean,0.01,0.29781958438287154,0.39166666666666666,228,1581,0.375,228
3853,68,amr475,clean,0.05,0.31171284634760704,0.40208333333333335,228,1581,0.37740384615384615,228
3853,68,amr122_g711u,clean,0.0,0.21477703984819735,0.31451612903225806,228,1581,0.31451612903225806,228
3853,68,amr122_g711u,clean,0.01,0.21817678684376976,0.31451612903225806,228,1581,0.31451612903225806,228
3853,68,amr122_g711u,clean,0.05,0.23467130214917825,0.3142361111111111,228,1581,0.3142361111111111,228
3853,68,g711u,white20,0.0,0.01904711375212224,0.03308823529411765,181,1178,0.03308823529411765,181
3853,68,g711u,white20,0.01,0.028544142614601017,0.057291666666666664,181,1178,0.057291666666666664,181
3853,68,g711u,white20,0.05,0.0655241935483871,0.13854166666666667,181,1178,0.13854166666666667,181
3853,68,g711a,white20,0.0,0.019736842105263157,0.03571428571428571,181,1178,0.03571428571428571,181
3853,68,g711a,white20,0.01,0.030931663837011885,0.05570652173913043,181,1178,0.05570652173913043,181
3853,68,g711a,white20,0.05,0.06271222410865875,0.12946428571428573,181,1178,0.12946428571428573,181
3853,68,opus16,white20,0.0,0.1389537351443124,0.18276515151515152,181,1178,0.18276515151515152,181
3853,68,opus16,white20,0.01,0.14738964346349745,0.1844758064516129,181,1178,0.1844758064516129,181
3853,68,opus16,white20,0.05,0.1690365025466893,0.23546511627906977,181,1178,0.23546511627906977,181
3853,68,amr122,white20,0.0,0.21901528013582344,0.2857142857142857,181,1178,0.2857142857142857,181
3853,68,amr122,white20,0.01,0.22278225806451613,0.2857142857142857,181,1178,0.2857142857142857,181
3853,68,amr122,white20,0.05,0.24198853989813243,0.32859848484848486,181,1178,0.32859848484848486,181
3853,68,amr475,white20,0.0,0.29699407281964435,0.3486111111111111,181,1178,0.3486111111111111,181
3853,68,amr475,white20,0.01,0.2978408128704488,0.3486111111111111,181,1178,0.3486111111111111,181
3853,68,amr475,white20,0.05,0.3118649449618967,0.3638888888888889,181,1178,0.3638888888888889,181
3853,68,amr122_g711u,white20,0.0,0.21981112054329371,0.2831439393939394,181,1178,0.2831439393939394,181
3853,68,amr122_g711u,white20,0.01,0.22692062818336162,0.29846938775510207,181,1178,0.29846938775510207,181
3853,68,amr122_g711u,white20,0.05,0.24342105263157895,0.313953488372093,181,1178,0.313953488372093,181
3853,68,g711u,babble10,0.0,0.029438405797101448,0.07608695652173914,256,1932,0.07608695652173914,256
3853,68,g711u,babble10,0.01,0.03814052795031056,0.09551886792452831,256,1932,0.09551886792452831,256
3853,68,g711u,babble10,0.05,0.07598990683229814,0.1409090909090909,256,1932,0.1409090909090909,256
3853,68,g711a,babble10,0.0,0.029373706004140788,0.07336956521739131,256,1932,0.07336956521739131,256
3853,68,g711a,babble10,0.01,0.035681935817805384,0.09143518518518519,256,1932,0.09143518518518519,256
3853,68,g711a,babble10,0.05,0.0764751552795031,0.14473684210526316,256,1932,0.14473684210526316,256
3853,68,opus16,babble10,0.0,0.14868795243019647,0.20982142857142858,256,1932,0.20982142857142858,256
3853,68,opus16,babble10,0.01,0.15084756728778467,0.23511904761904762,256,1932,0.23511904761904762,256
3853,68,opus16,babble10,0.05,0.17757885211995864,0.2421875,256,1932,0.2421875,256
3853,68,amr122,babble10,0.0,0.22932841614906832,0.28422619047619047,256,1932,0.28422619047619047,256
3853,68,amr122,babble10,0.01,0.2335662525879917,0.28273809523809523,256,1932,0.28273809523809523,256
3853,68,amr122,babble10,0.05,0.2536231884057971,0.31363636363636366,256,1932,0.31363636363636366,256
3853,68,amr475,babble10,0.0,0.3299343798250129,0.4176829268292683,259,1932,0.4012784090909091,256
3853,68,amr475,babble10,0.01,0.33163921770458055,0.4178921568627451,259,1932,0.4012784090909091,256
3853,68,amr475,babble10,0.05,0.34222207925887804,0.4420731707317073,259,1932,0.41264204545454547,256
3853,68,amr122_g711u,babble10,0.0,0.22987836438923395,0.3005952380952381,256,1932,0.3005952380952381,256
3853,68,amr122_g711u,babble10,0.01,0.23434265010351968,0.3005952380952381,256,1932,0.3005952380952381,256
3853,68,amr122_g711u,babble10,0.05,0.25148809523809523,0.33779761904761907,256,1932,0.33779761904761907,256
422,69,g711u,clean,0.0,0.07889344262295082,0.11883802816901408,232,1769,0.11883802816901408,232
422,69,g711u,clean,0.01,0.08892736009044658,0.1676829268292683,232,1769,0.1676829268292683,232
422,69,g711u,clean,0.05,0.12058366308648955,0.1743951612903226,232,1769,0.1743951612903226,232
422,69,g711a,clean,0.0,0.07546636517806671,0.11197916666666667,232,1769,0.11197916666666667,232
422,69,g711a,clean,0.01,0.08376907857546637,0.1506849315068493,232,1769,0.1506849315068493,232
422,69,g711a,clean,0.05,0.1204423403052572,0.19166666666666668,232,1769,0.19166666666666668,232
422,69,opus16,clean,0.0,0.1749929338609384,0.2034090909090909,232,1769,0.2034090909090909,232
422,69,opus16,clean,0.01,0.18149378179762576,0.2390625,232,1769,0.2390625,232
422,69,opus16,clean,0.05,0.1937888637648389,0.23333333333333334,232,1769,0.23333333333333334,232
422,69,amr122,clean,0.0,0.27625070661390616,0.33811475409836067,232,1769,0.33811475409836067,232
422,69,amr122,clean,0.01,0.28084369700395706,0.3487903225806452,232,1769,0.3487903225806452,232
422,69,amr122,clean,0.05,0.29356274731486715,0.3443396226415094,232,1769,0.3443396226415094,232
422,69,amr475,clean,0.0,0.3764838892029395,0.4339622641509434,232,1769,0.4339622641509434,232
422,69,amr475,clean,0.01,0.3778264556246467,0.4501582278481013,232,1769,0.4501582278481013,232
422,69,amr475,clean,0.05,0.3873657433578293,0.4477848101265823,232,1769,0.4477848101265823,232
422,69,amr122_g711u,clean,0.0,0.2818329564725834,0.3407258064516129,232,1769,0.3407258064516129,232
422,69,amr122_g711u,clean,0.01,0.28727388355002825,0.34375,232,1769,0.34375,232
422,69,amr122_g711u,clean,0.05,0.29985161107970604,0.3558467741935484,232,1769,0.3558467741935484,232
422,69,g711u,white20,0.0,0.029710007581501136,0.043859649122807015,189,1319,0.043859649122807015,189
422,69,g711u,white20,0.01,0.040229340409401064,0.07916666666666666,189,1319,0.07916666666666666,189
422,69,g711u,white20,0.05,0.06510614101592115,0.11693548387096774,189,1319,0.11693548387096774,189
422,69,g711a,white20,0.0,0.029094010614101593,0.044642857142857144,189,1319,0.044642857142857144,189
422,69,g711a,white20,0.01,0.03828658074298711,0.07613636363636364,189,1319,0.07613636363636364,189
422,69,g711a,white20,0.05,0.07444086429112964,0.14402173913043478,189,1319,0.14402173913043478,189
422,69,opus16,white20,0.0,0.17276345716451857,0.2175925925925926,189,1319,0.2175925925925926,189
422,69,opus16,white20,0.01,0.17754927975739196,0.22106481481481483,189,1319,0.22106481481481483,189
422,69,opus16,white20,0.05,0.19953563305534497,0.25875,189,1319,0.25875,189
422,69,amr122,white20,0.0,0.2773881728582259,0.3350409836065574,189,1319,0.3350409836065574,189
422,69,amr122,white20,0.01,0.2815579984836998,0.3350409836065574,189,1319,0.3350409836065574,189
422,69,amr122,white20,0.05,0.29667361637604245,0.35379464285714285,189,1319,0.35379464285714285,189
422,69,amr475,white20,0.0,0.3757107657316149,0.4415983606557377,189,1319,0.4415983606557377,189
422,69,amr475,white20,0.01,0.37807998483699773,0.44364754098360654,189,1319,0.44364754098360654,189
422,69,amr475,white20,0.05,0.3888836239575436,0.4385245901639344,189,1319,0.4385245901639344,189
422,69,amr122_g711u,white20,0.0,0.27975739196360877,0.33709016393442626,189,1319,0.33709016393442626,189
422,69,amr122_g711u,white20,0.01,0.2856330553449583,0.3411885245901639,189,1319,0.3411885245901639,189
422,69,amr122_g711u,white20,0.05,0.3001420454545455,0.35651408450704225,189,1319,0.35651408450704225,189
422,69,g711u,babble10,0.0,0.04226705091258405,0.11939102564102565,272,2082,0.11939102564102565,272
422,69,g711u,babble10,0.01,0.05307396733909702,0.1282051282051282,272,2082,0.1282051282051282,272
422,69,g711u,babble10,0.05,0.087085734870317,0.1793478260869565,272,2082,0.1793478260869565,272
422,69,g711a,babble10,0.0,0.03944524495677233,0.10496794871794872,272,2082,0.10496794871794872,272
422,69,g711a,babble10,0.01,0.045929394812680116,0.10496794871794872,272,2082,0.10496794871794872,272
422,69,g711a,babble10,0.05,0.08081171950048031,0.14772727272727273,272,2082,0.14772727272727273,272
422,69,opus16,babble10,0.0,0.1646853986551393,0.19809322033898305,272,2082,0.19809322033898305,272
422,69,opus16,babble10,0.01,0.1689781460134486,0.20494186046511628,272,2082,0.20494186046511628,272
422,69,opus16,babble10,0.05,0.19275336215177713,0.24892241379310345,272,2082,0.24892241379310345,272
422,69,amr122,babble10,0.0,0.25288184438040345,0.3020833333333333,272,2082,0.3020833333333333,272
422,69,amr122,babble10,0.01,0.2579851104707013,0.3125,272,2082,0.3125,272
422,69,amr122,babble10,0.05,0.27464577329490875,0.31971153846153844,272,2082,0.31971153846153844,272
422,69,amr475,babble10,0.0,0.35680835734870314,0.4118975903614458,272,2082,0.4118975903614458,272
422,69,amr475,babble10,0.01,0.3578890489913545,0.4118975903614458,272,2082,0.4118975903614458,272
422,69,amr475,babble10,0.05,0.36779538904899134,0.42613636363636365,272,2082,0.42613636363636365,272
422,69,amr122_g711u,babble10,0.0,0.2556135926993276,0.30078125,272,2082,0.30078125,272
422,69,amr122_g711u,babble10,0.01,0.2589457252641691,0.3072916666666667,272,2082,0.3072916666666667,272
422,69,amr122_g711u,babble10,0.05,0.27542627281460136,0.3255208333333333,272,2082,0.3255208333333333,272
422,70,g711u,clean,0.0,0.08152846534653466,0.1206896551724138,216,1616,0.1206896551724138,216
422,70,g711u,clean,0.01,0.09243502475247525,0.1340909090909091,216,1616,0.1340909090909091,216
422,70,g711u,clean,0.05,0.12407178217821782,0.17881944444444445,216,1616,0.17881944444444445,216
422,70,g711a,clean,0.0,0.0765779702970297,0.12898936170212766,216,1616,0.12898936170212766,216
422,70,g711a,clean,0.01,0.0835782797029703,0.12898936170212766,216,1616,0.12898936170212766,216
422,70,g711a,clean,0.05,0.11022586633663366,0.1543560606060606,216,1616,0.1543560606060606,216
422,70,opus16,clean,0.0,0.1751237623762376,0.21306818181818182,216,1616,0.21306818181818182,216
422,70,opus16,clean,0.01,0.17991955445544555,0.21306818181818182,216,1616,0.21306818181818182,216
422,70,opus16,clean,0.05,0.20447865099009901,0.25992063492063494,216,1616,0.25992063492063494,216
422,70,amr122,clean,0.0,0.2809792698019802,0.3169642857142857,216,1616,0.3169642857142857,216
422,70,amr122,clean,0.01,0.28546565594059403,0.33302238805970147,216,1616,0.33302238805970147,216
422,70,amr122,clean,0.05,0.29691367574257427,0.3381849315068493,216,1616,0.3381849315068493,216
422,70,amr475,clean,0.0,0.3716352103960396,0.4028716216216216,216,1616,0.4028716216216216,216
422,70,amr475,clean,0.01,0.37414913366336633,0.41036184210526316,216,1616,0.41036184210526316,216
422,70,amr475,clean,0.05,0.3825417698019802,0.41761363636363635,216,1616,0.41761363636363635,216
422,70,amr122_g711u,clean,0.0,0.2894105816831683,0.3394396551724138,216,1616,0.3394396551724138,216
422,70,amr122_g711u,clean,0.01,0.2935102103960396,0.3426724137931034,216,1616,0.3426724137931034,216
422,70,amr122_g711u,clean,0.05,0.3092512376237624,0.3728448275862069,216,1616,0.3728448275862069,216
422,70,g711u,white20,0.0,0.03313253012048193,0.04861111111111111,179,1162,0.04861111111111111,179
422,70,g711u,white20,0.01,0.04254518072289157,0.08928571428571429,179,1162,0.08928571428571429,179
422,70,g711u,white20,0.05,0.07858218588640276,0.14732142857142858,179,1162,0.14732142857142858,179
422,70,g711a,white20,0.0,0.031572719449225475,0.05952380952380952,179,1162,0.05952380952380952,179
422,70,g711a,white20,0.01,0.03791953528399312,0.07838983050847458,179,1162,0.07838983050847458,179
422,70,g711a,white20,0.05,0.07078313253012049,0.13095238095238096,179,1162,0.13095238095238096,179
422,70,opus16,white20,0.0,0.1664156626506024,0.19975490196078433,179,1162,0.19975490196078433,179
422,70,opus16,white20,0.01,0.1730314113597246,0.20918367346938777,179,1162,0.20918367346938777,179
422,70,opus16,white20,0.05,0.19615219260533104,0.2565789473684211,180,1162,0.2565789473684211,179
422,70,amr122,white20,0.0,0.27000860585197933,0.3155737704918033,179,1162,0.3155737704918033,179
422,70,amr122,white20,0.01,0.2725365748709122,0.31864754098360654,179,1162,0.31864754098360654,179
422,70,amr122,white20,0.05,0.29157702237521516,0.3451086956521739,179,1162,0.3451086956521739,179
422,70,amr475,white20,0.0,0.3803786574870912,0.43478260869565216,179,1162,0.43478260869565216,179
422,70,amr475,white20,0.01,0.3819384681583477,0.43478260869565216,179,1162,0.43478260869565216,179
422,70,amr475,white20,0.05,0.3907594664371773,0.4544491525423729,179,1162,0.4544491525423729,179
422,70,amr122_g711u,white20,0.0,0.27441910499139416,0.31382978723404253,179,1162,0.31382978723404253,179
422,70,amr122_g711u,white20,0.01,0.27936746987951805,0.3326271186440678,179,1162,0.3326271186440678,179
422,70,amr122_g711u,white20,0.05,0.2979776247848537,0.35755813953488375,179,1162,0.35755813953488375,179
422,70,g711u,babble10,0.0,0.048434110629067245,0.08297413793103449,249,1844,0.08297413793103449,249
422,70,g711u,babble10,0.01,0.05744983731019523,0.1125,249,1844,0.1125,249
422,70,g711u,babble10,0.05,0.0936822125813449,0.155,249,1844,0.155,249
422,70,g711a,babble10,0.0,0.04457022776572668,0.08333333333333333,249,1844,0.08333333333333333,249
422,70,g711a,babble10,0.01,0.05426382863340564,0.09037162162162163,249,1844,0.09037162162162163,249
422,70,g711a,babble10,0.05,0.08886930585683298,0.151268115942029,249,1844,0.151268115942029,249
422,70,opus16,babble10,0.0,0.16706209327548807,0.20354729729729729,249,1844,0.20354729729729729,249
422,70,opus16,babble10,0.01,0.17516937669376695,0.21875,249,1844,0.21875,249
422,70,opus16,babble10,0.05,0.19881436314363143,0.2552966101694915,249,1844,0.2552966101694915,249
422,70,amr122,babble10,0.0,0.26552331887201736,0.3125,249,1844,0.3125,249
422,70,amr122,babble10,0.01,0.2686076464208243,0.32978723404255317,249,1844,0.32978723404255317,249
422,70,amr122,babble10,0.05,0.2854189262472885,0.3333333333333333,249,1844,0.3333333333333333,249
422,70,amr475,babble10,0.0,0.3644761775852734,0.4247159090909091,249,1844,0.4083333333333333,249
422,70,amr475,babble10,0.01,0.3655590146182999,0.4247159090909091,249,1844,0.40588235294117647,249
422,70,amr475,babble10,0.05,0.3746616134271792,0.4460227272727273,249,1844,0.4073529411764706,249
422,70,amr122_g711u,babble10,0.0,0.2680653470715835,0.3125,249,1844,0.3125,249
422,70,amr122_g711u,babble10,0.01,0.27114967462039047,0.3134765625,249,1844,0.3134765625,249
422,70,amr122_g711u,babble10,0.05,0.28341919739696314,0.3269927536231884,249,1844,0.3269927536231884,249
422,71,g711u,clean,0.0,0.08685105846774194,0.13322368421052633,270,1984,0.13322368421052633,270
422,71,g711u,clean,0.01,0.09327746975806452,0.13322368421052633,270,1984,0.13322368421052633,270
422,71,g711u,clean,0.05,0.12210181451612903,0.17522321428571427,270,1984,0.17522321428571427,270
422,71,g711a,clean,0.0,0.08420488911290322,0.1171875,270,1984,0.1171875,270
422,71,g711a,clean,0.01,0.09324596774193548,0.1619718309859155,270,1984,0.1619718309859155,270
422,71,g711a,clean,0.05,0.1276146673387097,0.1987704918032787,270,1984,0.1987704918032787,270
422,71,opus16,clean,0.0,0.17007938508064516,0.20598591549295775,270,1984,0.20598591549295775,270
422,71,opus16,clean,0.01,0.17571824596774194,0.22554347826086957,270,1984,0.22554347826086957,270
422,71,opus16,clean,0.05,0.19871471774193547,0.25,270,1984,0.25,270
422,71,amr122,clean,0.0,0.2711063508064516,0.3160211267605634,270,1984,0.3160211267605634,270
422,71,amr122,clean,0.01,0.2758946572580645,0.32083333333333336,270,1984,0.32083333333333336,270
422,71,amr122,clean,0.05,0.2925907258064516,0.34057971014492755,270,1984,0.34057971014492755,270
422,71,amr475,clean,0.0,0.3618321572580645,0.42005813953488375,270,1984,0.42005813953488375,270
422,71,amr475,clean,0.01,0.3631237399193548,0.42005813953488375,270,1984,0.42005813953488375,270
422,71,amr475,clean,0.05,0.3733618951612903,0.42151162790697677,270,1984,0.42151162790697677,270
422,71,amr122_g711u,clean,0.0,0.27693422379032256,0.310634328358209,270,1984,0.310634328358209,270
422,71,amr122_g711u,clean,0.01,0.2818485383064516,0.3176369863013699,270,1984,0.3176369863013699,270
422,71,amr122_g711u,clean,0.05,0.29986769153225806,0.3630952380952381,270,1984,0.3630952380952381,270
422,71,g711u,white20,0.0,0.03151850627891606,0.04420731707317073,228,1513,0.04420731707317073,228
422,71,g711u,white20,0.01,0.039491077329808326,0.07161458333333333,228,1513,0.07161458333333333,228
422,71,g711u,white20,0.05,0.07067911434236616,0.12642045454545456,228,1513,0.12642045454545456,228
422,71,g711a,white20,0.0,0.029659616655651023,0.05030487804878049,228,1513,0.05030487804878049,228
422,71,g711a,white20,0.01,0.03998678122934567,0.09722222222222222,228,1513,0.09722222222222222,228
422,71,g711a,white20,0.05,0.07423165895571712,0.16015625,228,1513,0.16015625,228
422,71,opus16,white20,0.0,0.17039821546596168,0.21875,228,1513,0.21875,228
422,71,opus16,white20,0.01,0.17725545274289492,0.22578125,228,1513,0.22578125,228
422,71,opus16,white20,0.05,0.20187541308658294,0.25510204081632654,228,1513,0.25510204081632654,228
422,71,amr122,white20,0.0,0.27168704560475876,0.32060185185185186,228,1513,0.32060185185185186,228
422,71,amr122,white20,0.01,0.27635492399206874,0.32653061224489793,228,1513,0.32653061224489793,228
422,71,amr122,white20,0.05,0.2917217448777264,0.3713235294117647,228,1513,0.3713235294117647,228
422,71,amr475,white20,0.0,0.3682666886979511,0.4182692307692308,228,1513,0.4182692307692308,228
422,71,amr475,white20,0.01,0.3698364177131527,0.4182692307692308,228,1513,0.4182692307692308,228
422,71,amr475,white20,0.05,0.3802048909451421,0.43472222222222223,228,1513,0.43472222222222223,228
422,71,amr122_g711u,white20,0.0,0.27210013218770657,0.3168402777777778,228,1513,0.3168402777777778,228
422,71,amr122_g711u,white20,0.01,0.27511566424322537,0.3194444444444444,228,1513,0.3194444444444444,228
422,71,amr122_g711u,white20,0.05,0.288623595505618,0.34625,228,1513,0.34625,228
422,71,g711u,babble10,0.0,0.04036330049261084,0.078125,289,2030,0.078125,289
422,71,g711u,babble10,0.01,0.04766009852216749,0.087890625,289,2030,0.087890625,289
422,71,g711u,babble10,0.05,0.0895628078817734,0.16086065573770492,289,2030,0.16086065573770492,289
422,71,g711a,babble10,0.0,0.03910098522167488,0.07758620689655173,289,2030,0.07758620689655173,289
422,71,g711a,babble10,0.01,0.04842980295566503,0.0894396551724138,289,2030,0.0894396551724138,289
422,71,g711a,babble10,0.05,0.08654556650246305,0.1816860465116279,289,2030,0.1816860465116279,289
422,71,opus16,babble10,0.0,0.16186607582471688,0.1984126984126984,289,2030,0.1984126984126984,289
422,71,opus16,babble10,0.01,0.16632816346627277,0.20535714285714285,289,2030,0.20535714285714285,289
422,71,opus16,babble10,0.05,0.1857767109798129,0.24603174603174602,289,2030,0.24603174603174602,289
422,71,amr122,babble10,0.0,0.24799876847290642,0.2921686746987952,289,2030,0.2921686746987952,289
422,71,amr122,babble10,0.01,0.2520012315270936,0.2921686746987952,289,2030,0.2921686746987952,289
422,71,amr122,babble10,0.05,0.26520935960591135,0.31875,289,2030,0.31875,289
422,71,amr475,babble10,0.0,0.34844288527818806,0.4041666666666667,289,2030,0.4041666666666667,289
422,71,amr475,babble10,0.01,0.351089364844904,0.4041666666666667,289,2030,0.4041666666666667,289
422,71,amr475,babble10,0.05,0.36090595765632694,0.41944444444444445,289,2030,0.41944444444444445,289
422,71,amr122_g711u,babble10,0.0,0.25024630541871923,0.2936746987951807,289,2030,0.2936746987951807,289
422,71,amr122_g711u,babble10,0.01,0.25347906403940884,0.2977941176470588,289,2030,0.2977941176470588,289
422,71,amr122_g711u,babble10,0.05,0.26511699507389164,0.30603448275862066,289,2030,0.30603448275862066,289
5338,72,g711u,clean,0.0,0.05430327868852459,0.08238636363636363,234,1952,0.08238636363636363,234
5338,72,g711u,clean,0.01,0.06467725409836066,0.0998263888888889,234,1952,0.0998263888888889,234
5338,72,g711u,clean,0.05,0.09541495901639344,0.14726027397260275,234,1952,0.14726027397260275,234
5338,72,g711a,clean,0.0,0.05327868852459016,0.09447674418604651,234,1952,0.09447674418604651,234
5338,72,g711a,clean,0.01,0.05936219262295082,0.11337209302325581,234,1952,0.11337209302325581,234
5338,72,g711a,clean,0.05,0.09691982581967214,0.16447368421052633,234,1952,0.16447368421052633,234
5338,72,opus16,clean,0.0,0.15087090163934427,0.18412162162162163,234,1952,0.18412162162162163,234
5338,72,opus16,clean,0.01,0.15900358606557377,0.19510135135135134,234,1952,0.19510135135135134,234
5338,72,opus16,clean,0.05,0.18247310450819673,0.2513888888888889,234,1952,0.2513888888888889,234
5338,72,amr122,clean,0.0,0.22893186475409835,0.2747093023255814,234,1952,0.2747093023255814,234
5338,72,amr122,clean,0.01,0.23459912909836064,0.2826086956521739,234,1952,0.2826086956521739,234
5338,72,amr122,clean,0.05,0.251312756147541,0.2983490566037736,234,1952,0.2983490566037736,234
5338,72,amr475,clean,0.0,0.3333760245901639,0.3826530612244898,234,1952,0.3826530612244898,234
5338,72,amr475,clean,0.01,0.3358414446721312,0.39668367346938777,234,1952,0.39668367346938777,234
5338,72,amr475,clean,0.05,0.34547899590163933,0.39166666666666666,234,1952,0.39166666666666666,234
5338,72,amr122_g711u,clean,0.0,0.23290215163934427,0.2841981132075472,234,1952,0.2841981132075472,234
5338,72,amr122_g711u,clean,0.01,0.23767289959016394,0.2841981132075472,234,1952,0.2841981132075472,234
5338,72,amr122_g711u,clean,0.05,0.2549308401639344,0.3001543209876543,234,1952,0.3001543209876543,234
5338,72,g711u,white20,0.0,0.02411634756995582,0.04722222222222222,215,1358,0.04722222222222222,215
5338,72,g711u,white20,0.01,0.03235456553755523,0.06944444444444445,215,1358,0.06944444444444445,215
5338,72,g711u,white20,0.05,0.06484720176730487,0.125,215,1358,0.125,215
5338,72,g711a,white20,0.0,0.02425441826215022,0.05138888888888889,215,1358,0.05138888888888889,215
5338,72,g711a,white20,0.01,0.031526141384388806,0.09801136363636363,215,1358,0.09801136363636363,215
5338,72,g711a,white20,0.05,0.07354565537555229,0.13839285714285715,215,1358,0.13839285714285715,215
5338,72,opus16,white20,0.0,0.14699926362297497,0.19569672131147542,215,1358,0.19569672131147542,215
5338,72,opus16,white20,0.01,0.1566642120765832,0.21666666666666667,215,1358,0.21666666666666667,215
5338,72,opus16,white20,0.05,0.172220176730486,0.23565573770491804,215,1358,0.23565573770491804,215
5338,72,amr122,white20,0.0,0.23545655375552282,0.2865853658536585,215,1358,0.2865853658536585,215
5338,72,amr122,white20,0.01,0.23959867452135494,0.2865853658536585,215,1358,0.2865853658536585,215
5338,72,amr122,white20,0.05,0.2555688512518409,0.30158730158730157,215,1358,0.30158730158730157,215
5338,72,amr475,white20,0.0,0.33109351988217967,0.38797169811320753,215,1358,0.38797169811320753,215
5338,72,amr475,white20,0.01,0.33551178203240056,0.38797169811320753,215,1358,0.38797169811320753,215
5338,72,amr475,white20,0.05,0.3449466126656848,0.40307971014492755,215,1358,0.40307971014492755,215
5338,72,amr122_g711u,white20,0.0,0.23646907216494845,0.29385964912280704,215,1358,0.29385964912280704,215
5338,72,amr122_g711u,white20,0.01,0.24001288659793815,0.29385964912280704,215,1358,0.29385964912280704,215
5338,72,amr122_g711u,white20,0.05,0.25740979381443296,0.3475609756097561,215,1358,0.3475609756097561,215
5338,72,g711u,babble10,0.0,0.032643516145566376,0.07429245283018868,269,1951,0.07429245283018868,269
5338,72,g711u,babble10,0.01,0.040331881086622244,0.07451923076923077,269,1951,0.07451923076923077,269
5338,72,g711u,babble10,0.05,0.0701563300871348,0.15307971014492755,269,1951,0.15307971014492755,269
5338,72,g711a,babble10,0.0,0.02863915940543311,0.061079545454545456,269,1951,0.061079545454545456,269
5338,72,g711a,babble10,0.01,0.034245258841619684,0.061079545454545456,269,1951,0.061079545454545456,269
5338,72,g711a,babble10,0.05,0.07416068682726806,0.13078703703703703,269,1951,0.13078703703703703,269
5338,72,opus16,babble10,0.0,0.156970784213224,0.1875,269,1951,0.1875,269
5338,72,opus16,babble10,0.01,0.16257688364941056,0.2002840909090909,269,1951,0.2002840909090909,269
5338,72,opus16,babble10,0.05,0.1848411071245515,0.2387295081967213,269,1951,0.2387295081967213,269
5338,72,amr122,babble10,0.0,0.22852662570404506,0.2620481927710843,269,1951,0.2620481927710843,269
5338,72,amr122,babble10,0.01,0.23355094726062467,0.2800324675324675,269,1951,0.2800324675324675,269
5338,72,amr122,babble10,0.05,0.2529121863799283,0.29869186046511625,269,1951,0.29869186046511625,269
5338,72,amr475,babble10,0.0,0.33474142345110086,0.390625,269,1951,0.390625,269
5338,72,amr475,babble10,0.01,0.33854966717869944,0.38828125,269,1951,0.38828125,269
5338,72,amr475,babble10,0.05,0.34994239631336405,0.4044811320754717,269,1951,0.4044811320754717,269
5338,72,amr122_g711u,babble10,0.0,0.23017042542286006,0.27361111111111114,269,1951,0.27361111111111114,269
5338,72,amr122_g711u,babble10,0.01,0.23407867760123013,0.2747093023255814,269,1951,0.2747093023255814,269
5338,72,amr122_g711u,babble10,0.05,0.2516978472578165,0.29878048780487804,269,1951,0.29878048780487804,269
5338,73,g711u,clean,0.0,0.05446018376722818,0.09186746987951808,246,1959,0.09186746987951808,246
5338,73,g711u,clean,0.01,0.06080908626850434,0.10015060240963855,246,1959,0.10015060240963855,246
5338,73,g711u,clean,0.05,0.10352858601327208,0.19054878048780488,246,1959,0.19054878048780488,246
5338,73,g711a,clean,0.0,0.051525012761613066,0.08088235294117647,246,1959,0.08088235294117647,246
5338,73,g711a,clean,0.01,0.059213884635017866,0.11838235294117647,246,1959,0.11838235294117647,246
5338,73,g711a,clean,0.05,0.09593542623787647,0.17613636363636365,246,1959,0.17613636363636365,246
5338,73,opus16,clean,0.0,0.14679045431342522,0.18327702702702703,246,1959,0.18327702702702703,246
5338,73,opus16,clean,0.01,0.15422409392547218,0.2149390243902439,246,1959,0.2149390243902439,246
5338,73,opus16,clean,0.05,0.1767802450229709,0.22573529411764706,246,1959,0.22573529411764706,246
5338,73,amr122,clean,0.0,0.23079377233282286,0.26674107142857145,246,1959,0.26674107142857145,246
5338,73,amr122,clean,0.01,0.23573889739663093,0.2740963855421687,246,1959,0.2740963855421687,246
5338,73,amr122,clean,0.05,0.2535094435936702,0.29967948717948717,246,1959,0.29967948717948717,246
5338,73,amr475,clean,0.0,0.33712991322103114,0.38846153846153847,246,1959,0.38846153846153847,246
5338,73,amr475,clean,0.01,0.3391717713118938,0.38846153846153847,246,1959,0.38846153846153847,246
5338,73,amr475,clean,0.05,0.34698825931597754,0.3971153846153846,246,1959,0.3971153846153846,246
5338,73,amr122_g711u,clean,0.0,0.2370150587034201,0.2779017857142857,246,1959,0.2779017857142857,246
5338,73,amr122_g711u,clean,0.01,0.24125829504849414,0.2775974025974026,246,1959,0.2775974025974026,246
5338,73,amr122_g711u,clean,0.05,0.2630806533945891,0.3109375,246,1959,0.3109375,246
5338,73,g711u,white20,0.0,0.02274904214559387,0.03804347826086957,192,1305,0.03804347826086957,192
5338,73,g711u,white20,0.01,0.031417624521072794,0.07435344827586207,192,1305,0.07435344827586207,192
5338,73,g711u,white20,0.05,0.06561302681992337,0.12804878048780488,192,1305,0.12804878048780488,192
5338,73,g711a,white20,0.0,0.025191570881226054,0.04375,192,1305,0.04375,192
5338,73,g711a,white20,0.01,0.03227969348659004,0.06398809523809523,192,1305,0.06398809523809523,192
5338,73,g711a,white20,0.05,0.06652298850574713,0.14423076923076922,192,1305,0.14423076923076922,192
5338,73,opus16,white20,0.0,0.14899425287356322,0.18898809523809523,192,1305,0.18898809523809523,192
5338,73,opus16,white20,0.01,0.15579501915708813,0.19875,192,1305,0.19875,192
5338,73,opus16,white20,0.05,0.17902298850574713,0.2425595238095238,192,1305,0.2425595238095238,192
5338,73,amr122,white20,0.0,0.2349137931034483,0.2726449275362319,192,1305,0.2726449275362319,192
5338,73,amr122,white20,0.01,0.23884099616858237,0.276268115942029,192,1305,0.276268115942029,192
5338,73,amr122,white20,0.05,0.253544061302682,0.3090753424657534,192,1305,0.3090753424657534,192
5338,73,amr475,white20,0.0,0.3306513409961686,0.38076923076923075,192,1305,0.38076923076923075,192
5338,73,amr475,white20,0.01,0.3339080459770115,0.3894230769230769,192,1305,0.3894230769230769,192
5338,73,amr475,white20,0.05,0.34195402298850575,0.3798076923076923,192,1305,0.3798076923076923,192
5338,73,amr122_g711u,white20,0.0,0.2349616858237548,0.27370689655172414,192,1305,0.27370689655172414,192
5338,73,amr122_g711u,white20,0.01,0.23989463601532568,0.27941176470588236,192,1305,0.27941176470588236,192
5338,73,amr122_g711u,white20,0.05,0.2567049808429119,0.3125,192,1305,0.3125,192
5338,73,g711u,babble10,0.0,0.04033203125,0.06583333333333333,250,1920,0.06583333333333333,250
5338,73,g711u,babble10,0.01,0.047265625,0.09523809523809523,250,1920,0.09523809523809523,250
5338,73,g711u,babble10,0.05,0.08528645833333333,0.1448170731707317,250,1920,0.1448170731707317,250
5338,73,g711a,babble10,0.0,0.0373046875,0.06770833333333333,250,1920,0.06770833333333333,250
5338,73,g711a,babble10,0.01,0.0474609375,0.11585365853658537,250,1920,0.11585365853658537,250
5338,73,g711a,babble10,0.05,0.08323567708333333,0.1657986111111111,250,1920,0.1657986111111111,250
5338,73,opus16,babble10,0.0,0.16435546875,0.19326923076923078,250,1920,0.19326923076923078,250
5338,73,opus16,babble10,0.01,0.16852213541666666,0.20288461538461539,250,1920,0.20288461538461539,250
5338,73,opus16,babble10,0.05,0.19694010416666666,0.2513586956521739,250,1920,0.2513586956521739,250
5338,73,amr122,babble10,0.0,0.24847005208333334,0.30083333333333334,250,1920,0.30083333333333334,250
5338,73,amr122,babble10,0.01,0.253125,0.3125,250,1920,0.3125,250
5338,73,amr122,babble10,0.05,0.26630859375,0.3237704918032787,250,1920,0.3237704918032787,250
5338,73,amr475,babble10,0.0,0.3456645898234683,0.4281716417910448,250,1920,0.38764044943820225,250
5338,73,amr475,babble10,0.01,0.34673546209761164,0.42630597014925375,250,1920,0.38342696629213485,250
5338,73,amr475,babble10,0.05,0.3575415368639668,0.4449626865671642,250,1920,0.4004934210526316,250
5338,73,amr122_g711u,babble10,0.0,0.2515625,0.31916666666666665,250,1920,0.31916666666666665,250
5338,73,amr122_g711u,babble10,0.01,0.2564453125,0.31916666666666665,250,1920,0.31916666666666665,250
5338,73,amr122_g711u,babble10,0.05,0.2740134994807892,0.3666044776119403,250,1920,0.3408333333333333,250
5338,74,g711u,clean,0.0,0.050217848557692304,0.0755813953488372,206,1664,0.0755813953488372,206
5338,74,g711u,clean,0.01,0.0556640625,0.10869565217391304,206,1664,0.10869565217391304,206
5338,74,g711u,clean,0.05,0.0879657451923077,0.14171511627906977,206,1664,0.14171511627906977,206
5338,74,g711a,clean,0.0,0.05096905048076923,0.0763888888888889,206,1664,0.0763888888888889,206
5338,74,g711a,clean,0.01,0.057767427884615384,0.08866279069767442,206,1664,0.08866279069767442,206
5338,74,g711a,clean,0.05,0.09262319711538461,0.16964285714285715,206,1664,0.16964285714285715,206
5338,74,opus16,clean,0.0,0.15132962740384615,0.17930327868852458,206,1664,0.17930327868852458,206
5338,74,opus16,clean,0.01,0.15921724759615385,0.1949404761904762,206,1664,0.1949404761904762,206
5338,74,opus16,clean,0.05,0.18941556490384615,0.265625,206,1664,0.265625,206
5338,74,amr122,clean,0.0,0.23133263221153846,0.2672413793103448,206,1664,0.2672413793103448,206
5338,74,amr122,clean,0.01,0.23411207932692307,0.2704741379310345,206,1664,0.2704741379310345,206
5338,74,amr122,clean,0.05,0.2552959735576923,0.2961309523809524,206,1664,0.2961309523809524,206
5338,74,amr475,clean,0.0,0.3298903245192308,0.38392857142857145,206,1664,0.38392857142857145,206
5338,74,amr475,clean,0.01,0.33383413461538464,0.3911637931034483,206,1664,0.3911637931034483,206
5338,74,amr475,clean,0.05,0.3425856370192308,0.3949468085106383,206,1664,0.3949468085106383,206
5338,74,amr122_g711u,clean,0.0,0.23358623798076922,0.27586206896551724,206,1664,0.27586206896551724,206
5338,74,amr122_g711u,clean,0.01,0.23899489182692307,0.2846153846153846,206,1664,0.2846153846153846,206
5338,74,amr122_g711u,clean,0.05,0.2626201923076923,0.31573275862068967,206,1664,0.31573275862068967,206
5338,74,g711u,white20,0.0,0.024888392857142855,0.043882978723404256,161,1120,0.043882978723404256,161
5338,74,g711u,white20,0.01,0.0328125,0.06004901960784314,161,1120,0.06004901960784314,161
5338,74,g711u,white20,0.05,0.08152901785714285,0.15163934426229508,161,1120,0.15163934426229508,161
5338,74,g711a,white20,0.0,0.02388392857142857,0.040625,161,1120,0.040625,161
5338,74,g711a,white20,0.01,0.030970982142857144,0.05053191489361702,161,1120,0.05053191489361702,161
5338,74,g711a,white20,0.05,0.06858258928571428,0.12361111111111112,161,1120,0.12361111111111112,161
5338,74,opus16,white20,0.0,0.15396205357142856,0.19359756097560976,161,1120,0.19359756097560976,161
5338,74,opus16,white20,0.01,0.1578125,0.1953125,161,1120,0.1953125,161
5338,74,opus16,white20,0.05,0.18694196428571427,0.24722222222222223,161,1120,0.24722222222222223,161
5338,74,amr122,white20,0.0,0.23097098214285713,0.2838114754098361,161,1120,0.2838114754098361,161
5338,74,amr122,white20,0.01,0.23610491071428572,0.2858606557377049,161,1120,0.2858606557377049,161
5338,74,amr122,white20,0.05,0.25574776785714287,0.33625,161,1120,0.33625,161
5338,74,amr475,white20,0.0,0.33236607142857144,0.4009146341463415,161,1120,0.4009146341463415,161
5338,74,amr475,white20,0.01,0.3342075892857143,0.4009146341463415,161,1120,0.4009146341463415,161
5338,74,amr475,white20,0.05,0.3482142857142857,0.41615853658536583,161,1120,0.41615853658536583,161
5338,74,amr122_g711u,white20,0.0,0.23113839285714285,0.2735655737704918,161,1120,0.2735655737704918,161
5338,74,amr122_g711u,white20,0.01,0.24051339285714285,0.2847222222222222,161,1120,0.2847222222222222,161
5338,74,amr122_g711u,white20,0.05,0.2540736607142857,0.3296875,161,1120,0.3296875,161
5338,74,g711u,babble10,0.0,0.042020422212023865,0.06723484848484848,277,2179,0.06723484848484848,277
5338,74,g711u,babble10,0.01,0.048703533731069296,0.09221311475409837,277,2179,0.09221311475409837,277
5338,74,g711u,babble10,0.05,0.07982446076181735,0.1329225352112676,277,2179,0.1329225352112676,277
5338,74,g711a,babble10,0.0,0.04133203304268013,0.06801470588235294,277,2179,0.06801470588235294,277
5338,74,g711a,babble10,0.01,0.04709729233593391,0.07833333333333334,277,2179,0.07833333333333334,277
5338,74,g711a,babble10,0.05,0.07861977971546581,0.14786585365853658,277,2179,0.14786585365853658,277
5338,74,opus16,babble10,0.0,0.15941945846718678,0.2,277,2179,0.2,277
5338,74,opus16,babble10,0.01,0.16564364387333638,0.2109375,277,2179,0.2109375,277
5338,74,opus16,babble10,0.05,0.18675424506654428,0.22515060240963855,277,2179,0.22515060240963855,277
5338,74,amr122,babble10,0.0,0.24320215695273062,0.2845394736842105,277,2179,0.2845394736842105,277
5338,74,amr122,babble10,0.01,0.24632859109683342,0.2845394736842105,277,2179,0.2845394736842105,277
5338,74,amr122,babble10,0.05,0.2627638825149151,0.32670454545454547,277,2179,0.32670454545454547,277
5338,74,amr475,babble10,0.0,0.34654658100045893,0.4053030303030303,277,2179,0.4053030303030303,277
5338,74,amr475,babble10,0.01,0.34841096833409824,0.4053030303030303,277,2179,0.4053030303030303,277
5338,74,amr475,babble10,0.05,0.3547498852684718,0.4185606060606061,277,2179,0.4185606060606061,277
5338,74,amr122_g711u,babble10,0.0,0.24495181275814593,0.2777777777777778,277,2179,0.2777777777777778,277
5338,74,amr122_g711u,babble10,0.01,0.2510039008719596,0.30096153846153845,277,2179,0.30096153846153845,277
5338,74,amr122_g711u,babble10,0.05,0.2678407526388252,0.31650641025641024,277,2179,0.31650641025641024,277
5536,75,g711u,clean,0.0,0.069435833849969,0.09659090909090909,205,1613,0.09659090909090909,205
5536,75,g711u,clean,0.01,0.08071140731556106,0.125,205,1613,0.125,205
5536,75,g711u,clean,0.05,0.10663360198388097,0.17708333333333334,205,1613,0.17708333333333334,205
5536,75,g711a,clean,0.0,0.06718846869187849,0.107421875,205,1613,0.107421875,205
5536,75,g711a,clean,0.01,0.07470551766893986,0.1409313725490196,205,1613,0.1409313725490196,205
5536,75,g711a,clean,0.05,0.10934593924364538,0.189453125,205,1613,0.189453125,205
5536,75,opus16,clean,0.0,0.1698698078115313,0.19954819277108435,205,1613,0.19954819277108435,205
5536,75,opus16,clean,0.01,0.1749845009299442,0.21136363636363636,205,1613,0.21136363636363636,205
5536,75,opus16,clean,0.05,0.2069513329200248,0.26848591549295775,205,1613,0.26848591549295775,205
5536,75,amr122,clean,0.0,0.28270303781773093,0.33116883116883117,205,1613,0.33116883116883117,205
5536,75,amr122,clean,0.01,0.2863840669559826,0.33643617021276595,205,1613,0.33643617021276595,205
5536,75,amr122,clean,0.05,0.30025573465592065,0.3474025974025974,205,1613,0.3474025974025974,205
5536,75,amr475,clean,0.0,0.38162585244885305,0.42452830188679247,205,1613,0.42452830188679247,205
5536,75,amr475,clean,0.01,0.3829045257284563,0.43278301886792453,205,1613,0.43278301886792453,205
5536,75,amr475,clean,0.05,0.3898016119032858,0.42083333333333334,205,1613,0.42083333333333334,205
5536,75,amr122_g711u,clean,0.0,0.28622907625542465,0.333984375,205,1613,0.333984375,205
5536,75,amr122_g711u,clean,0.01,0.29138251704897705,0.3603515625,205,1613,0.3603515625,205
5536,75,amr122_g711u,clean,0.05,0.30486670799752014,0.35795454545454547,205,1613,0.35795454545454547,205
5536,75,g711u,white20,0.0,0.031742556917688264,0.044270833333333336,165,1142,0.044270833333333336,165
5536,75,g711u,white20,0.01,0.04662872154115587,0.09943181818181818,165,1142,0.09943181818181818,165
5536,75,g711u,white20,0.05,0.08510288966725044,0.17420212765957446,165,1142,0.17420212765957446,165
5536,75,g711a,white20,0.0,0.02895140105078809,0.04920212765957447,165,1142,0.04920212765957447,165
5536,75,g711a,white20,0.01,0.038747810858143605,0.0875,165,1142,0.0875,165
5536,75,g711a,white20,0.05,0.07618213660245184,0.17553191489361702,165,1142,0.17553191489361702,165
5536,75,opus16,white20,0.0,0.16582749562171628,0.19946808510638298,165,1142,0.19946808510638298,165
5536,75,opus16,white20,0.01,0.1712456217162872,0.20098039215686275,165,1142,0.20098039215686275,165
5536,75,opus16,white20,0.05,0.1943410683012259,0.2441860465116279,165,1142,0.2441860465116279,165
5536,75,amr122,white20,0.0,0.2775831873905429,0.31107954545454547,165,1142,0.31107954545454547,165
5536,75,amr122,white20,0.01,0.28152364273204905,0.33052884615384615,165,1142,0.33052884615384615,165
5536,75,amr122,white20,0.05,0.2930713660245184,0.3261363636363636,165,1142,0.3261363636363636,165
5536,75,amr475,white20,0.0,0.3808559544658494,0.41356382978723405,165,1142,0.41356382978723405,165
5536,75,amr475,white20,0.01,0.3841943957968476,0.425,165,1142,0.425,165
5536,75,amr475,white20,0.05,0.391199649737303,0.43327702702702703,165,1142,0.43327702702702703,165
5536,75,amr122_g711u,white20,0.0,0.2782946584938704,0.3154296875,165,1142,0.3154296875,165
5536,75,amr122_g711u,white20,0.01,0.2802648861646235,0.3232421875,165,1142,0.3232421875,165
5536,75,amr122_g711u,white20,0.05,0.2982705779334501,0.3352272727272727,165,1142,0.3352272727272727,165
5536,75,g711u,babble10,0.0,0.0488996872207328,0.08514492753623189,287,2238,0.08514492753623189,287
5536,75,g711u,babble10,0.01,0.05526697944593387,0.10608552631578948,287,2238,0.10608552631578948,287
5536,75,g711u,babble10,0.05,0.08746648793565684,0.153125,287,2238,0.153125,287
5536,75,g711a,babble10,0.0,0.047475424486148346,0.08818493150684932,287,2238,0.08818493150684932,287
5536,75,g711a,babble10,0.01,0.05738941018766756,0.11102941176470588,287,2238,0.11102941176470588,287
5536,75,g711a,babble10,0.05,0.0886114834673816,0.17099056603773585,287,2238,0.17099056603773585,287
5536,75,opus16,babble10,0.0,0.16306411974977658,0.1925287356321839,287,2238,0.1925287356321839,287
5536,75,opus16,babble10,0.01,0.16996201966041108,0.22550675675675674,287,2238,0.22550675675675674,287
5536,75,opus16,babble10,0.05,0.19207998212689903,0.2557471264367816,287,2238,0.2557471264367816,287
5536,75,amr122,babble10,0.0,0.2602211796246649,0.30864197530864196,287,2238,0.30864197530864196,287
5536,75,amr122,babble10,0.01,0.2645498212689902,0.30864197530864196,287,2238,0.30864197530864196,287
5536,75,amr122,babble10,0.05,0.27982573726541554,0.34953703703703703,287,2238,0.34953703703703703,287
5536,75,amr475,babble10,0.0,0.35980786416443256,0.4112654320987654,287,2238,0.4112654320987654,287
5536,75,amr475,babble10,0.01,0.363075290437891,0.41310975609756095,287,2238,0.41310975609756095,287
5536,75,amr475,babble10,0.05,0.36916331546023234,0.42073170731707316,287,2238,0.42073170731707316,287
5536,75,amr122_g711u,babble10,0.0,0.26108690795352996,0.3134057971014493,287,2238,0.3134057971014493,287
5536,75,amr122_g711u,babble10,0.01,0.2634327524575514,0.31514084507042256,287,2238,0.31514084507042256,287
5536,75,amr122_g711u,babble10,0.05,0.2797140303842717,0.3269927536231884,287,2238,0.3269927536231884,287
5536,76,g711u,clean,0.0,0.06670771756978654,0.09659090909090909,232,1827,0.09659090909090909,232
5536,76,g711u,clean,0.01,0.0736863711001642,0.1267605633802817,232,1827,0.1267605633802817,232
5536,76,g711u,clean,0.05,0.10666392993979201,0.15892857142857142,232,1827,0.15892857142857142,232
5536,76,g711a,clean,0.0,0.06568144499178982,0.09375,232,1827,0.09375,232
5536,76,g711a,clean,0.01,0.07464422550629447,0.12638888888888888,232,1827,0.12638888888888888,232
5536,76,g711a,clean,0.05,0.10868226600985222,0.19117647058823528,232,1827,0.19117647058823528,232
5536,76,opus16,clean,0.0,0.16174055829228243,0.18840579710144928,232,1827,0.18840579710144928,232
5536,76,opus16,clean,0.01,0.17039545703338807,0.2038934426229508,232,1827,0.2038934426229508,232
5536,76,opus16,clean,0.05,0.19376026272577998,0.24835526315789475,232,1827,0.24835526315789475,232
5536,76,amr122,clean,0.0,0.2725095785440613,0.29926470588235293,232,1827,0.29926470588235293,232
5536,76,amr122,clean,0.01,0.27757252326217846,0.30570652173913043,232,1827,0.30570652173913043,232
5536,76,amr122,clean,0.05,0.2905035577449371,0.34375,232,1827,0.34375,232
5536,76,amr475,clean,0.0,0.3745552818828681,0.4084507042253521,232,1827,0.4084507042253521,232
5536,76,amr475,clean,0.01,0.3759920634920635,0.4084507042253521,232,1827,0.4084507042253521,232
5536,76,amr475,clean,0.05,0.3831417624521073,0.4193181818181818,232,1827,0.4193181818181818,232
5536,76,amr122_g711u,clean,0.0,0.2766146688560482,0.30357142857142855,232,1827,0.30357142857142855,232
5536,76,amr122_g711u,clean,0.01,0.28065134099616856,0.3203125,232,1827,0.3203125,232
5536,76,amr122_g711u,clean,0.05,0.2941981390257252,0.33653846153846156,232,1827,0.33653846153846156,232
5536,76,g711u,white20,0.0,0.02964618973561431,0.046875,199,1286,0.046875,199
5536,76,g711u,white20,0.01,0.03766524105754277,0.09895833333333333,199,1286,0.09895833333333333,199
5536,76,g711u,white20,0.05,0.07717729393468119,0.16715116279069767,199,1286,0.16715116279069767,199
5536,76,g711a,white20,0.0,0.026244167962674963,0.043882978723404256,199,1286,0.043882978723404256,199
5536,76,g711a,white20,0.01,0.035089424572317264,0.06686046511627906,199,1286,0.06686046511627906,199
5536,76,g711a,white20,0.05,0.0734350699844479,0.15885416666666666,199,1286,0.15885416666666666,199
5536,76,opus16,white20,0.0,0.17301710730948677,0.203125,199,1286,0.203125,199
5536,76,opus16,white20,0.01,0.17724533437013998,0.22560975609756098,199,1286,0.22560975609756098,199
5536,76,opus16,white20,0.05,0.20416990668740279,0.2566489361702128,199,1286,0.2566489361702128,199
5536,76,amr122,white20,0.0,0.27211314152410576,0.3210227272727273,199,1286,0.3210227272727273,199
5536,76,amr122,white20,0.01,0.27634136858475894,0.3244047619047619,199,1286,0.3244047619047619,199
5536,76,amr122,white20,0.05,0.29394910644910643,0.3390625,199,1286,0.3390625,199
5536,76,amr475,white20,0.0,0.37825622083981336,0.4305555555555556,199,1286,0.4305555555555556,199
5536,76,amr475,white20,0.01,0.3795198289269051,0.42476851851851855,199,1286,0.42476851851851855,199
5536,76,amr475,white20,0.05,0.3858864696734059,0.44047619047619047,199,1286,0.44047619047619047,199
5536,76,amr122_g711u,white20,0.0,0.27376555209953346,0.3172348484848485,199,1286,0.3172348484848485,199
5536,76,amr122_g711u,white20,0.01,0.2774105754276827,0.3181818181818182,199,1286,0.3181818181818182,199
5536,76,amr122_g711u,white20,0.05,0.29908631415241055,0.35267857142857145,199,1286,0.35267857142857145,199
5536,76,g711u,babble10,0.0,0.02933992985971944,0.058423913043478264,283,1996,0.058423913043478264,283
5536,76,g711u,babble10,0.01,0.03857715430861723,0.08115671641791045,283,1996,0.08115671641791045,283
5536,76,g711u,babble10,0.05,0.07443011022044088,0.136986301369863,283,1996,0.136986301369863,283
5536,76,g711a,babble10,0.0,0.028807615230460923,0.04875,283,1996,0.04875,283
5536,76,g711a,babble10,0.01,0.035508517034068134,0.07581967213114754,283,1996,0.07581967213114754,283
5536,76,g711a,babble10,0.05,0.07273922845691383,0.13319672131147542,283,1996,0.13319672131147542,283
5536,76,opus16,babble10,0.0,0.16010145290581163,0.18455882352941178,283,1996,0.18455882352941178,283
5536,76,opus16,babble10,0.01,0.16470440881763526,0.1984126984126984,283,1996,0.1984126984126984,283
5536,76,opus16,babble10,0.05,0.1939190881763527,0.2528409090909091,283,1996,0.2528409090909091,283
5536,76,amr122,babble10,0.0,0.24486730095142714,0.3015625,283,1996,0.3015625,283
5536,76,amr122,babble10,0.01,0.2505633450175263,0.3171875,283,1996,0.3171875,283
5536,76,amr122,babble10,0.05,0.26270655983975966,0.321875,283,1996,0.321875,283
5536,76,amr475,babble10,0.0,0.3447822822822823,0.40694444444444444,283,1996,0.40694444444444444,283
5536,76,amr475,babble10,0.01,0.34600225225225223,0.40694444444444444,283,1996,0.40694444444444444,283
5536,76,amr475,babble10,0.05,0.3580455455455455,0.41875,283,1996,0.41875,283
5536,76,amr122_g711u,babble10,0.0,0.24743365047571356,0.2925531914893617,283,1996,0.2925531914893617,283
5536,76,amr122_g711u,babble10,0.01,0.2520655983975964,0.3046875,283,1996,0.3046875,283
5536,76,amr122_g711u,babble10,0.05,0.26711942914371556,0.3286637931034483,283,1996,0.3286637931034483,283
5536,77,g711u,clean,0.0,0.07450379451255108,0.12388392857142858,212,1713,0.12388392857142858,212
5536,77,g711u,clean,0.01,0.08023204903677758,0.12410714285714286,212,1713,0.12410714285714286,212
5536,77,g711u,clean,0.05,0.10953006421482779,0.16571969696969696,212,1713,0.16571969696969696,212
5536,77,g711a,clean,0.0,0.07260653823701109,0.11174242424242424,212,1713,0.11174242424242424,212
5536,77,g711a,clean,0.01,0.08125364856976065,0.1296641791044776,212,1713,0.1296641791044776,212
5536,77,g711a,clean,0.05,0.1138353765323993,0.1884328358208955,212,1713,0.1884328358208955,212
5536,77,opus16,clean,0.0,0.16914769410391126,0.20075757575757575,212,1713,0.20075757575757575,212
5536,77,opus16,clean,0.01,0.17312463514302392,0.20454545454545456,212,1713,0.20454545454545456,212
5536,77,opus16,clean,0.05,0.19786193812025685,0.24356617647058823,212,1713,0.24356617647058823,212
5536,77,amr122,clean,0.0,0.2706873905429072,0.3201530612244898,212,1713,0.3201530612244898,212
5536,77,amr122,clean,0.01,0.2742265032107414,0.3380102040816326,212,1713,0.3380102040816326,212
5536,77,amr122,clean,0.05,0.29527875072971393,0.35560344827586204,212,1713,0.35560344827586204,212
5536,77,amr475,clean,0.0,0.3744162288382954,0.42653508771929827,212,1713,0.42653508771929827,212
5536,77,amr475,clean,0.01,0.37554728546409805,0.42021276595744683,212,1713,0.42021276595744683,212
5536,77,amr475,clean,0.05,0.3871132516053707,0.44107142857142856,212,1713,0.44107142857142856,212
5536,77,amr122_g711u,clean,0.0,0.2804290718038529,0.3380102040816326,212,1713,0.3380102040816326,212
5536,77,amr122_g711u,clean,0.01,0.2820344424985406,0.3380102040816326,212,1713,0.3380102040816326,212
5536,77,amr122_g711u,clean,0.05,0.2976503210741389,0.35119047619047616,212,1713,0.35119047619047616,212
5536,77,g711u,white20,0.0,0.03405782029950083,0.0546875,177,1202,0.0546875,177
5536,77,g711u,white20,0.01,0.04596505823627288,0.11029411764705882,177,1202,0.11029411764705882,177
5536,77,g711u,white20,0.05,0.07659109816971714,0.14375,177,1202,0.14375,177
5536,77,g711a,white20,0.0,0.030886023294509152,0.046130952380952384,177,1202,0.046130952380952384,177
5536,77,g711a,white20,0.01,0.03587770382695508,0.07270408163265306,177,1202,0.07270408163265306,177
5536,77,g711a,white20,0.05,0.07659109816971714,0.13541666666666666,177,1202,0.13541666666666666,177
5536,77,opus16,white20,0.0,0.17023710482529117,0.2046875,177,1202,0.2046875,177
5536,77,opus16,white20,0.01,0.17538477537437605,0.215625,177,1202,0.215625,177
5536,77,opus16,white20,0.05,0.1954034941763727,0.2578125,177,1202,0.2578125,177
5536,77,amr122,white20,0.0,0.27766222961730447,0.31547619047619047,177,1202,0.31547619047619047,177
5536,77,amr122,white20,0.01,0.28109400998336104,0.31547619047619047,177,1202,0.31547619047619047,177
5536,77,amr122,white20,0.05,0.29939683860232946,0.3347457627118644,177,1202,0.3347457627118644,177
5536,77,amr475,white20,0.0,0.3855553244592346,0.4328125,177,1202,0.4328125,177
5536,77,amr475,white20,0.01,0.3879991680532446,0.4409722222222222,177,1202,0.4409722222222222,177
5536,77,amr475,white20,0.05,0.39600665557404324,0.44212962962962965,177,1202,0.44212962962962965,177
5536,77,amr122_g711u,white20,0.0,0.2807300332778702,0.31646825396825395,177,1202,0.31646825396825395,177
5536,77,amr122_g711u,white20,0.01,0.28618968386023297,0.32621951219512196,177,1202,0.32621951219512196,177
5536,77,amr122_g711u,white20,0.05,0.29898086522462564,0.36580882352941174,177,1202,0.36580882352941174,177
5536,77,g711u,babble10,0.0,0.05945257092198582,0.09375,289,2256,0.09375,289
5536,77,g711u,babble10,0.01,0.0688996010638298,0.11640625,289,2256,0.11640625,289
5536,77,g711u,babble10,0.05,0.10139627659574468,0.16087962962962962,289,2256,0.16087962962962962,289
5536,77,g711a,babble10,0.0,0.055296985815602835,0.0900735294117647,289,2256,0.0900735294117647,289
5536,77,g711a,babble10,0.01,0.06291555851063829,0.0974264705882353,289,2256,0.0974264705882353,289
5536,77,g711a,babble10,0.05,0.1014239804964539,0.15691489361702127,289,2256,0.15691489361702127,289
5536,77,opus16,babble10,0.0,0.1671099290780142,0.21279761904761904,289,2256,0.21279761904761904,289
5536,77,opus16,babble10,0.01,0.1700465425531915,0.21279761904761904,289,2256,0.21279761904761904,289
5536,77,opus16,babble10,0.05,0.18977171985815602,0.2299679487179487,289,2256,0.2299679487179487,289
5536,77,amr122,babble10,0.0,0.2724124556737589,0.3113425925925926,289,2256,0.3113425925925926,289
5536,77,amr122,babble10,0.01,0.27739915780141844,0.31525735294117646,289,2256,0.31525735294117646,289
5536,77,amr122,babble10,0.05,0.29161125886524825,0.32279411764705884,289,2256,0.32279411764705884,289
5536,77,amr475,babble10,0.0,0.36754765070921985,0.4191666666666667,289,2256,0.4191666666666667,289
5536,77,amr475,babble10,0.01,0.3694038120567376,0.4186320754716981,289,2256,0.4186320754716981,289
5536,77,amr475,babble10,0.05,0.3789339539007092,0.43416666666666665,289,2256,0.43416666666666665,289
5536,77,amr122_g711u,babble10,0.0,0.2772052304964539,0.3161764705882353,289,2256,0.3161764705882353,289
5536,77,amr122_g711u,babble10,0.01,0.2805019946808511,0.31985294117647056,289,2256,0.31985294117647056,289
5536,77,amr122_g711u,babble10,0.05,0.3006150265957447,0.35125,289,2256,0.35125,289
5694,78,g711u,clean,0.0,0.08860759493670886,0.1326219512195122,212,1659,0.1326219512195122,212
5694,78,g711u,clean,0.01,0.0926763110307414,0.13795731707317074,212,1659,0.13795731707317074,212
5694,78,g711u,clean,0.05,0.12613019891500904,0.19140625,212,1659,0.19140625,212
5694,78,g711a,clean,0.0,0.08536769138034961,0.12828947368421054,212,1659,0.12828947368421054,212
5694,78,g711a,clean,0.01,0.0932790837854129,0.14967105263157895,212,1659,0.14967105263157895,212
5694,78,g711a,clean,0.05,0.12409584086799276,0.19654605263157895,212,1659,0.19654605263157895,212
5694,78,opus16,clean,0.0,0.16293701024713683,0.20149253731343283,212,1659,0.20149253731343283,212
5694,78,opus16,clean,0.01,0.1707730560578662,0.2308673469387755,212,1659,0.2308673469387755,212
5694,78,opus16,clean,0.05,0.1956374321880651,0.25892857142857145,212,1659,0.25892857142857145,212
5694,78,amr122,clean,0.0,0.286543098251959,0.353125,212,1659,0.353125,212
5694,78,amr122,clean,0.01,0.29027275467148883,0.353125,212,1659,0.353125,212
5694,78,amr122,clean,0.05,0.30846895720313444,0.3851744186046512,212,1659,0.3851744186046512,212
5694,78,amr475,clean,0.0,0.3784282700421941,0.44642857142857145,212,1659,0.44642857142857145,212
5694,78,amr475,clean,0.01,0.37952079566003616,0.4375,212,1659,0.4375,212
5694,78,amr475,clean,0.05,0.38916515973478,0.4479166666666667,212,1659,0.4479166666666667,212
5694,78,amr122_g711u,clean,0.0,0.2891048824593128,0.3421875,212,1659,0.3421875,212
5694,78,amr122_g711u,clean,0.01,0.2921940928270042,0.35,212,1659,0.35,212
5694,78,amr122_g711u,clean,0.05,0.30504068716094035,0.3796875,212,1659,0.3796875,212
5694,78,g711u,white20,0.0,0.03306744749596123,0.049342105263157895,162,1238,0.049342105263157895,162
5694,78,g711u,white20,0.01,0.037510096930533116,0.06597222222222222,162,1238,0.06597222222222222,162
5694,78,g711u,white20,0.05,0.07259693053311793,0.11739864864864864,162,1238,0.11739864864864864,162
5694,78,g711a,white20,0.0,0.030745153473344104,0.040697674418604654,162,1238,0.040697674418604654,162
5694,78,g711a,white20,0.01,0.036752827140549275,0.07142857142857142,162,1238,0.07142857142857142,162
5694,78,g711a,white20,0.05,0.06507471728594508,0.13453389830508475,162,1238,0.13453389830508475,162
5694,78,opus16,white20,0.0,0.15943053311793215,0.19419642857142858,162,1238,0.19419642857142858,162
5694,78,opus16,white20,0.01,0.16740710823909533,0.21875,162,1238,0.21875,162
5694,78,opus16,white20,0.05,0.18765145395799676,0.25,162,1238,0.25,162
5694,78,amr122,white20,0.0,0.28528877221324717,0.3375,162,1238,0.3375,162
5694,78,amr122,white20,0.01,0.28998384491114704,0.34444444444444444,162,1238,0.34444444444444444,162
5694,78,amr122,white20,0.05,0.29826332794830374,0.35694444444444445,162,1238,0.35694444444444445,162
5694,78,amr475,white20,0.0,0.38201736672051695,0.44375,162,1238,0.44375,162
5694,78,amr475,white20,0.01,0.38408723747980617,0.44375,162,1238,0.44375,162
5694,78,amr475,white20,0.05,0.3960016155088853,0.44375,162,1238,0.44375,162
5694,78,amr122_g711u,white20,0.0,0.28639943457189015,0.33811475409836067,162,1238,0.33811475409836067,162
5694,78,amr122_g711u,white20,0.01,0.2934168012924071,0.3388888888888889,162,1238,0.3388888888888889,162
5694,78,amr122_g711u,white20,0.05,0.30457390953150243,0.35348360655737704,162,1238,0.35348360655737704,162
5694,78,g711u,babble10,0.0,0.05051983747609943,0.08866279069767442,261,2092,0.08866279069767442,261
5694,78,g711u,babble10,0.01,0.05745100382409178,0.13494318181818182,261,2092,0.13494318181818182,261
5694,78,g711u,babble10,0.05,0.097335086042065,0.18371212121212122,261,2092,0.18371212121212122,261
5694,78,g711a,babble10,0.0,0.04660611854684513,0.08866279069767442,261,2092,0.08866279069767442,261
5694,78,g711a,babble10,0.01,0.05655473231357552,0.11708860759493671,261,2092,0.11708860759493671,261
5694,78,g711a,babble10,0.05,0.0863109464627151,0.12986111111111112,261,2092,0.12986111111111112,261
5694,78,opus16,babble10,0.0,0.15852055449330785,0.19476744186046513,261,2092,0.19476744186046513,261
5694,78,opus16,babble10,0.01,0.1647347036328872,0.21185064935064934,261,2092,0.21185064935064934,261
5694,78,opus16,babble10,0.05,0.18513981835564053,0.25726744186046513,261,2092,0.25726744186046513,261
5694,78,amr122,babble10,0.0,0.2583054493307839,0.311046511627907,261,2092,0.311046511627907,261
5694,78,amr122,babble10,0.01,0.2626374282982792,0.3125,261,2092,0.3125,261
5694,78,amr122,babble10,0.05,0.27781429254302104,0.33223684210526316,261,2092,0.33223684210526316,261
5694,78,amr475,babble10,0.0,0.36131692160611856,0.4069767441860465,261,2092,0.4069767441860465,261
5694,78,amr475,babble10,0.01,0.36564890057361377,0.40878378378378377,261,2092,0.40878378378378377,261
5694,78,amr475,babble10,0.05,0.3732672084130019,0.40988372093023256,261,2092,0.40988372093023256,261
5694,78,amr122_g711u,babble10,0.0,0.2623685468451243,0.3183139534883721,261,2092,0.3183139534883721,261
5694,78,amr122_g711u,babble10,0.01,0.2649976099426386,0.3287337662337662,261,2092,0.3287337662337662,261
5694,78,amr122_g711u,babble10,0.05,0.28534297323135754,0.33575581395348836,261,2092,0.33575581395348836,261
5694,79,g711u,clean,0.0,0.08701821541710665,0.16333333333333333,238,1894,0.16333333333333333,238
5694,79,g711u,clean,0.01,0.09394799366420274,0.16757246376811594,238,1894,0.16757246376811594,238
5694,79,g711u,clean,0.05,0.12021515311510032,0.21279761904761904,238,1894,0.21279761904761904,238
5694,79,g711a,clean,0.0,0.0835863252375924,0.15942028985507245,238,1894,0.15942028985507245,238
5694,79,g711a,clean,0.01,0.09117608236536431,0.1838768115942029,238,1894,0.1838768115942029,238
5694,79,g711a,clean,0.05,0.1318967793030623,0.2215909090909091,238,1894,0.2215909090909091,238
5694,79,opus16,clean,0.0,0.16545670538542767,0.19642857142857142,238,1894,0.19642857142857142,238
5694,79,opus16,clean,0.01,0.1711325237592397,0.2074652777777778,238,1894,0.2074652777777778,238
5694,79,opus16,clean,0.05,0.19499076029567053,0.2601102941176471,238,1894,0.2601102941176471,238
5694,79,amr122,clean,0.0,0.2822069693769799,0.3294836956521739,238,1894,0.3294836956521739,238
5694,79,amr122,clean,0.01,0.2867938225976769,0.34305555555555556,238,1894,0.34305555555555556,238
5694,79,amr122,clean,0.05,0.3038872756071806,0.35258152173913043,238,1894,0.35258152173913043,238
5694,79,amr475,clean,0.0,0.37331705385427666,0.4270833333333333,238,1894,0.4270833333333333,238
5694,79,amr475,clean,0.01,0.375,0.4270833333333333,238,1894,0.4270833333333333,238
5694,79,amr475,clean,0.05,0.38202877507919747,0.42782738095238093,238,1894,0.42782738095238093,238
5694,79,amr122_g711u,clean,0.0,0.2865298310454065,0.3423913043478261,238,1894,0.3423913043478261,238
5694,79,amr122_g711u,clean,0.01,0.29187565997888065,0.345703125,238,1894,0.345703125,238
5694,79,amr122_g711u,clean,0.05,0.30576821541710664,0.35113636363636364,238,1894,0.35113636363636364,238
5694,79,g711u,white20,0.0,0.03213058419243986,0.052083333333333336,207,1455,0.052083333333333336,207
5694,79,g711u,white20,0.01,0.04248281786941581,0.12926136363636365,207,1455,0.12926136363636365,207
5694,79,g711u,white20,0.05,0.07435567010309278,0.1703125,207,1455,0.1703125,207
5694,79,g711a,white20,0.0,0.0313573883161512,0.04983108108108108,207,1455,0.04983108108108108,207
5694,79,g711a,white20,0.01,0.04579037800687285,0.08669354838709678,207,1455,0.08669354838709678,207
5694,79,g711a,white20,0.05,0.08127147766323024,0.1422872340425532,207,1455,0.1422872340425532,207
5694,79,opus16,white20,0.0,0.1631872852233677,0.19583333333333333,207,1455,0.19583333333333333,207
5694,79,opus16,white20,0.01,0.17169243986254296,0.20742753623188406,207,1455,0.20742753623188406,207
5694,79,opus16,white20,0.05,0.19879725085910652,0.240625,207,1455,0.240625,207
5694,79,amr122,white20,0.0,0.27426975945017185,0.31808035714285715,207,1455,0.31808035714285715,207
5694,79,amr122,white20,0.01,0.27925257731958764,0.3227040816326531,207,1455,0.3227040816326531,207
5694,79,amr122,white20,0.05,0.28908934707903783,0.3484375,207,1455,0.3484375,207
5694,79,amr475,white20,0.0,0.3725515463917526,0.41782407407407407,207,1455,0.41782407407407407,207
5694,79,amr475,white20,0.01,0.3763316151202749,0.41782407407407407,207,1455,0.41782407407407407,207
5694,79,amr475,white20,0.05,0.38359106529209624,0.4518229166666667,207,1455,0.4518229166666667,207
5694,79,amr122_g711u,white20,0.0,0.27830756013745706,0.328125,207,1455,0.328125,207
5694,79,amr122_g711u,white20,0.01,0.2827319587628866,0.32954545454545453,207,1455,0.32954545454545453,207
5694,79,amr122_g711u,white20,0.05,0.29716494845360825,0.3485576923076923,207,1455,0.3485576923076923,207
5694,79,g711u,babble10,0.0,0.046948082319925165,0.10018382352941177,287,2138,0.10018382352941177,287
5694,79,g711u,babble10,0.01,0.05697497661365762,0.11233108108108109,287,2138,0.11233108108108109,287
5694,79,g711u,babble10,0.05,0.09296071094480823,0.1519097222222222,287,2138,0.1519097222222222,287
5694,79,g711a,babble10,0.0,0.046801917680074835,0.09264705882352942,287,2138,0.09264705882352942,287
5694,79,g711a,babble10,0.01,0.056039522918615525,0.11102941176470588,287,2138,0.11102941176470588,287
5694,79,g711a,babble10,0.05,0.09015434985968195,0.16323529411764706,287,2138,0.16323529411764706,287
5694,79,opus16,babble10,0.0,0.1579455098222638,0.1857394366197183,287,2138,0.1857394366197183,287
5694,79,opus16,babble10,0.01,0.16721234798877455,0.22800925925925927,287,2138,0.22800925925925927,287
5694,79,opus16,babble10,0.05,0.18483980355472404,0.25279850746268656,287,2138,0.25279850746268656,287
5694,79,amr122,babble10,0.0,0.25698666978484563,0.3093220338983051,287,2138,0.3093220338983051,287
5694,79,amr122,babble10,0.01,0.26154700654817586,0.3134469696969697,287,2138,0.3134469696969697,287
5694,79,amr122,babble10,0.05,0.28107460243217963,0.3377016129032258,287,2138,0.3377016129032258,287
5694,79,amr475,babble10,0.0,0.3591557530402245,0.42058823529411765,287,2138,0.42058823529411765,287
5694,79,amr475,babble10,0.01,0.3605881665107577,0.4253731343283582,287,2138,0.4253731343283582,287
5694,79,amr475,babble10,0.05,0.3710243217960711,0.42427884615384615,287,2138,0.42427884615384615,287
5694,79,amr122_g711u,babble10,0.0,0.2604946211412535,0.3084677419354839,287,2138,0.3084677419354839,287
5694,79,amr122_g711u,babble10,0.01,0.26563961646398504,0.3125,287,2138,0.3125,287
5694,79,amr122_g711u,babble10,0.05,0.27730355472404117,0.32536764705882354,287,2138,0.32536764705882354,287
5694,80,g711u,clean,0.0,0.07509068080357142,0.1211734693877551,216,1792,0.1211734693877551,216
5694,80,g711u,clean,0.01,0.08380998883928571,0.1211734693877551,216,1792,0.1211734693877551,216
5694,80,g711u,clean,0.05,0.11279296875,0.17857142857142858,216,1792,0.17857142857142858,216
5694,80,g711a,clean,0.0,0.07425362723214286,0.10491071428571429,216,1792,0.10491071428571429,216
5694,80,g711a,clean,0.01,0.08412388392857142,0.13137755102040816,216,1792,0.13137755102040816,216
5694,80,g711a,clean,0.05,0.123291015625,0.18382352941176472,216,1792,0.18382352941176472,216
5694,80,opus16,clean,0.0,0.15562220982142858,0.1884920634920635,216,1792,0.1884920634920635,216
5694,80,opus16,clean,0.01,0.16141183035714285,0.1951530612244898,216,1792,0.1951530612244898,216
5694,80,opus16,clean,0.05,0.18739536830357142,0.23574561403508773,216,1792,0.23574561403508773,216
5694,80,amr122,clean,0.0,0.2677525111607143,0.31850961538461536,216,1792,0.31850961538461536,216
5694,80,amr122,clean,0.01,0.27078683035714285,0.3329326923076923,216,1792,0.3329326923076923,216
5694,80,amr122,clean,0.05,0.28683035714285715,0.3333333333333333,216,1792,0.3333333333333333,216
5694,80,amr475,clean,0.0,0.3579799107142857,0.43125,216,1792,0.43125,216
5694,80,amr475,clean,0.01,0.35947963169642855,0.43875,216,1792,0.43875,216
5694,80,amr475,clean,0.05,0.3700474330357143,0.43875,216,1792,0.43875,216
5694,80,amr122_g711u,clean,0.0,0.2731236049107143,0.3252551020408163,216,1792,0.3252551020408163,216
5694,80,amr122_g711u,clean,0.01,0.27500697544642855,0.3252551020408163,216,1792,0.3252551020408163,216
5694,80,amr122_g711u,clean,0.05,0.2888881138392857,0.34308510638297873,216,1792,0.34308510638297873,216
5694,80,g711u,white20,0.0,0.02891509433962264,0.04401408450704225,190,1325,0.04401408450704225,190
5694,80,g711u,white20,0.01,0.04028301886792453,0.084375,190,1325,0.084375,190
5694,80,g711u,white20,0.05,0.07575471698113208,0.140625,190,1325,0.140625,190
5694,80,g711a,white20,0.0,0.027358490566037737,0.04796511627906977,190,1325,0.04796511627906977,190
5694,80,g711a,white20,0.01,0.035518867924528304,0.0829326923076923,190,1325,0.0829326923076923,190
5694,80,g711a,white20,0.05,0.06849056603773584,0.12926136363636365,190,1325,0.12926136363636365,190
5694,80,opus16,white20,0.0,0.15316037735849056,0.2015625,190,1325,0.2015625,190
5694,80,opus16,white20,0.01,0.16,0.2015625,190,1325,0.2015625,190
5694,80,opus16,white20,0.05,0.18599056603773584,0.2369186046511628,190,1325,0.2369186046511628,190
5694,80,amr122,white20,0.0,0.2732547169811321,0.33575581395348836,190,1325,0.33575581395348836,190
5694,80,amr122,white20,0.01,0.2749528301886792,0.33575581395348836,190,1325,0.33575581395348836,190
5694,80,amr122,white20,0.05,0.29415094339622644,0.36046511627906974,190,1325,0.36046511627906974,190
5694,80,amr475,white20,0.0,0.37056603773584906,0.43459302325581395,190,1325,0.43459302325581395,190
5694,80,amr475,white20,0.01,0.37183962264150944,0.43459302325581395,190,1325,0.43459302325581395,190
5694,80,amr475,white20,0.05,0.38108490566037734,0.45058139534883723,190,1325,0.45058139534883723,190
5694,80,amr122_g711u,white20,0.0,0.27382075471698114,0.32558139534883723,190,1325,0.32558139534883723,190
5694,80,amr122_g711u,white20,0.01,0.2766037735849057,0.32558139534883723,190,1325,0.32558139534883723,190
5694,80,amr122_g711u,white20,0.05,0.2966981132075472,0.34593023255813954,190,1325,0.34593023255813954,190
5694,80,g711u,babble10,0.0,0.05238037699371677,0.14085820895522388,263,2069,0.14085820895522388,263
5694,80,g711u,babble10,0.01,0.06171459642339294,0.15485074626865672,263,2069,0.15485074626865672,263
5694,80,g711u,babble10,0.05,0.09195263412276462,0.17630597014925373,263,2069,0.17630597014925373,263
5694,80,g711a,babble10,0.0,0.050447075882068634,0.13619402985074627,263,2069,0.13619402985074627,263
5694,80,g711a,babble10,0.01,0.06195625906234896,0.15391791044776118,263,2069,0.15391791044776118,263
5694,80,g711a,babble10,0.05,0.09424842919284679,0.1590909090909091,263,2069,0.1590909090909091,263
5694,80,opus16,babble10,0.0,0.1610983566940551,0.2080223880597015,263,2069,0.2080223880597015,263
5694,80,opus16,babble10,0.01,0.1680461575640406,0.2080223880597015,263,2069,0.2080223880597015,263
5694,80,opus16,babble10,0.05,0.1902489125181247,0.2473404255319149,263,2069,0.2473404255319149,263
5694,80,amr122,babble10,0.0,0.2554676172063799,0.332089552238806,263,2069,0.332089552238806,263
5694,80,amr122,babble10,0.01,0.25984775253745773,0.332089552238806,263,2069,0.332089552238806,263
5694,80,amr122,babble10,0.05,0.2749516674722088,0.35919540229885055,263,2069,0.35919540229885055,263
5694,80,amr475,babble10,0.0,0.35747945867568875,0.4279891304347826,263,2069,0.4279891304347826,263
5694,80,amr475,babble10,0.01,0.3598054615756404,0.43005952380952384,263,2069,0.43005952380952384,263
5694,80,amr475,babble10,0.05,0.36636056065732236,0.43342391304347827,263,2069,0.43342391304347827,263
5694,80,amr122_g711u,babble10,0.0,0.257159255679072,0.3423507462686567,263,2069,0.3423507462686567,263
5694,80,amr122_g711u,babble10,0.01,0.2602706621556307,0.33955223880597013,263,2069,0.33955223880597013,263
5694,80,amr122_g711u,babble10,0.05,0.27697559207346545,0.3824626865671642,263,2069,0.3824626865671642,263
5895,81,g711u,clean,0.0,0.025580329871716555,0.04583333333333333,218,1637,0.04583333333333333,218
5895,81,g711u,clean,0.01,0.03386530238240684,0.07416666666666667,218,1637,0.07416666666666667,218
5895,81,g711u,clean,0.05,0.06563072693952351,0.1346153846153846,218,1637,0.1346153846153846,218
5895,81,g711a,clean,0.0,0.02653481979230299,0.04133064516129032,218,1637,0.04133064516129032,218
5895,81,g711a,clean,0.01,0.03718692730604765,0.08664772727272728,218,1637,0.08664772727272728,218
5895,81,g711a,clean,0.05,0.06883781307269395,0.1483050847457627,218,1637,0.1483050847457627,218
5895,81,opus16,clean,0.0,0.13347069597069597,0.17391304347826086,218,1637,0.17391304347826086,218
5895,81,opus16,clean,0.01,0.1382020757020757,0.19021739130434784,218,1637,0.19021739130434784,218
5895,81,opus16,clean,0.05,0.16842185592185593,0.23011363636363635,218,1637,0.23011363636363635,218
5895,81,amr122,clean,0.0,0.21838773642464918,0.2721153846153846,218,1637,0.2721153846153846,218
5895,81,amr122,clean,0.01,0.22204850518608907,0.27403846153846156,218,1637,0.27403846153846156,218
5895,81,amr122,clean,0.05,0.2444325808419768,0.2971153846153846,218,1637,0.2971153846153846,218
5895,81,amr475,clean,0.0,0.30655125076266015,0.37589285714285714,218,1637,0.37589285714285714,218
5895,81,amr475,clean,0.01,0.31013575350823674,0.38125,218,1637,0.38125,218
5895,81,amr475,clean,0.05,0.31856314826113485,0.40625,218,1637,0.37797619047619047,218
5895,81,amr122_g711u,clean,0.0,0.21819707138499084,0.2644230769230769,218,1637,0.2644230769230769,218
5895,81,amr122_g711u,clean,0.01,0.22235356924954242,0.2644230769230769,218,1637,0.2644230769230769,218
5895,81,amr122_g711u,clean,0.05,0.24241153142159855,0.30865384615384617,218,1637,0.30865384615384617,218
5895,81,g711u,white20,0.0,0.01776519052523172,0.043055555555555555,114,971,0.043055555555555555,114
5895,81,g711u,white20,0.01,0.025875386199794025,0.08522727272727272,114,971,0.08522727272727272,114
5895,81,g711u,white20,0.05,0.06694129763130793,0.13839285714285715,114,971,0.13839285714285715,114
5895,81,g711a,white20,0.0,0.017314624098867148,0.03365384615384615,114,971,0.03365384615384615,114
5895,81,g711a,white20,0.01,0.025424819773429454,0.08016304347826086,114,971,0.08016304347826086,114
5895,81,g711a,white20,0.05,0.06932286302780638,0.12916666666666668,114,971,0.12916666666666668,114
5895,81,opus16,white20,0.0,0.13214469618949537,0.1622340425531915,114,971,0.1622340425531915,114
5895,81,opus16,white20,0.01,0.13806642636457261,0.19318181818181818,114,971,0.19318181818181818,114
5895,81,opus16,white20,0.05,0.15763388259526262,0.21656976744186046,114,971,0.21656976744186046,114
5895,81,amr122,white20,0.0,0.2008238928939238,0.25833333333333336,114,971,0.25833333333333336,114
5895,81,amr122,white20,0.01,0.20346292481977343,0.2616279069767442,114,971,0.2616279069767442,114
5895,81,amr122,white20,0.05,0.22766477857878475,0.29276315789473684,114,971,0.29276315789473684,114
5895,81,amr475,white20,0.0,0.2909371781668383,0.35336538461538464,114,971,0.35336538461538464,114
5895,81,amr475,white20,0.01,0.2962796086508754,0.35336538461538464,114,971,0.35336538461538464,114
5895,81,amr475,white20,0.05,0.29898300720906285,0.3664772727272727,114,971,0.3664772727272727,114
5895,81,amr122_g711u,white20,0.0,0.200759526261586,0.25872093023255816,114,971,0.25872093023255816,114
5895,81,amr122_g711u,white20,0.01,0.20590885684860968,0.29447115384615385,114,971,0.29447115384615385,114
5895,81,amr122_g711u,white20,0.05,0.21916838311019568,0.3008720930232558,114,971,0.3008720930232558,114
5895,81,g711u,babble10,0.0,0.02545103092783505,0.06326219512195122,259,1940,0.06326219512195122,259
5895,81,g711u,babble10,0.01,0.0337951030927835,0.08133561643835617,259,1940,0.08133561643835617,259
5895,81,g711u,babble10,0.05,0.06733247422680412,0.17732558139534885,259,1940,0.17732558139534885,259
5895,81,g711a,babble10,0.0,0.022487113402061856,0.0586890243902439,259,1940,0.0586890243902439,259
5895,81,g711a,babble10,0.01,0.03205541237113402,0.07078313253012049,259,1940,0.07078313253012049,259
5895,81,g711a,babble10,0.05,0.06385309278350515,0.125,259,1940,0.125,259
5895,81,opus16,babble10,0.0,0.14545747422680413,0.17296511627906977,259,1940,0.17296511627906977,259
5895,81,opus16,babble10,0.01,0.15012886597938144,0.19186046511627908,259,1940,0.19186046511627908,259
5895,81,opus16,babble10,0.05,0.1773248325605358,0.21691176470588236,259,1940,0.21691176470588236,259
5895,81,amr122,babble10,0.0,0.22116623711340205,0.2746710526315789,259,1940,0.2746710526315789,259
5895,81,amr122,babble10,0.01,0.22719072164948453,0.27936746987951805,259,1940,0.27936746987951805,259
5895,81,amr122,babble10,0.05,0.2434922680412371,0.3002232142857143,259,1940,0.3002232142857143,259
5895,81,amr475,babble10,0.0,0.31558800823468863,0.3900316455696203,259,1940,0.3659539473684211,259
5895,81,amr475,babble10,0.01,0.31931935151827073,0.4074367088607595,259,1940,0.3840460526315789,259
5895,81,amr475,babble10,0.05,0.32864770972722596,0.3987341772151899,259,1940,0.38503086419753085,259
5895,81,amr122_g711u,babble10,0.0,0.22171391752577319,0.26644736842105265,259,1940,0.26644736842105265,259
5895,81,amr122_g711u,babble10,0.01,0.2286082474226804,0.26957831325301207,259,1940,0.26957831325301207,259
5895,81,amr122_g711u,babble10,0.05,0.24139819587628866,0.29505813953488375,259,1940,0.29505813953488375,259
5895,82,g711u,clean,0.0,0.025690914866581958,0.0421875,211,1574,0.0421875,211
5895,82,g711u,clean,0.01,0.03371188055908513,0.06845238095238096,211,1574,0.06845238095238096,211
5895,82,g711u,clean,0.05,0.07199015247776366,0.1483050847457627,211,1574,0.1483050847457627,211
5895,82,g711a,clean,0.0,0.027040978398983482,0.0546875,211,1574,0.0546875,211
5895,82,g711a,clean,0.01,0.03176620076238882,0.078125,211,1574,0.078125,211
5895,82,g711a,clean,0.05,0.07425349428208386,0.16715116279069767,211,1574,0.16715116279069767,211
5895,82,opus16,clean,0.0,0.1369123252858958,0.18396226415094338,211,1574,0.18396226415094338,211
5895,82,opus16,clean,0.01,0.14100222363405338,0.18396226415094338,211,1574,0.18396226415094338,211
5895,82,opus16,clean,0.05,0.16514453621346886,0.2261904761904762,211,1574,0.2261904761904762,211
5895,82,amr122,clean,0.0,0.2082142857142857,0.28399122807017546,211,1574,0.28399122807017546,211
5895,82,amr122,clean,0.01,0.21317460317460318,0.2850877192982456,211,1574,0.2850877192982456,211
5895,82,amr122,clean,0.05,0.2320352157360406,0.3048245614035088,211,1574,0.3048245614035088,211
5895,82,amr475,clean,0.0,0.30853174603174605,0.38596491228070173,211,1574,0.38596491228070173,211
5895,82,amr475,clean,0.01,0.31063492063492065,0.38596491228070173,211,1574,0.38596491228070173,211
5895,82,amr475,clean,0.05,0.3230952380952381,0.3881578947368421,211,1574,0.3881578947368421,211
5895,82,amr122_g711u,clean,0.0,0.21013341804320204,0.28399122807017546,211,1574,0.28399122807017546,211
5895,82,amr122_g711u,clean,0.01,0.2150571791613723,0.28728070175438597,211,1574,0.28728070175438597,211
5895,82,amr122_g711u,clean,0.05,0.23479193138500634,0.32894736842105265,211,1574,0.32894736842105265,211
5895,82,g711u,white20,0.0,0.01780803080308031,0.0273972602739726,109,909,0.0273972602739726,109
5895,82,g711u,white20,0.01,0.027846534653465347,0.0625,109,909,0.0625,109
5895,82,g711u,white20,0.05,0.056724422442244224,0.11887254901960784,109,909,0.11887254901960784,109
5895,82,g711a,white20,0.0,0.015126512651265127,0.026785714285714284,109,909,0.026785714285714284,109
5895,82,g711a,white20,0.01,0.026196369636963698,0.065625,109,909,0.065625,109
5895,82,g711a,white20,0.05,0.05761826182618262,0.1056547619047619,109,909,0.1056547619047619,109
5895,82,opus16,white20,0.0,0.13084433443344334,0.1703125,109,909,0.1703125,109
5895,82,opus16,white20,0.01,0.13847634763476346,0.175,109,909,0.175,109
5895,82,opus16,white20,0.05,0.16371012101210122,0.2140625,109,909,0.2140625,109
5895,82,amr122,white20,0.0,0.19863861386138615,0.2805232558139535,109,909,0.2805232558139535,109
5895,82,amr122,white20,0.01,0.20352035203520352,0.2805232558139535,109,909,0.2805232558139535,109
5895,82,amr122,white20,0.05,0.22455995599559955,0.2877906976744186,109,909,0.2877906976744186,109
5895,82,amr475,white20,0.0,0.28589108910891087,0.34625,109,909,0.34625,109
5895,82,amr475,white20,0.01,0.2876100110011001,0.3546511627906977,109,909,0.3546511627906977,109
5895,82,amr475,white20,0.05,0.30452420242024203,0.346875,109,909,0.346875,109
5895,82,amr122_g711u,white20,0.0,0.1996012101210121,0.27529761904761907,109,909,0.27529761904761907,109
5895,82,amr122_g711u,white20,0.01,0.20193894389438943,0.27529761904761907,109,909,0.27529761904761907,109
5895,82,amr122_g711u,white20,0.05,0.22751650165016502,0.30505952380952384,109,909,0.30505952380952384,109
5895,82,g711u,babble10,0.0,0.026201805758906783,0.06473214285714286,260,2049,0.06473214285714286,260
5895,82,g711u,babble10,0.01,0.0350780868716447,0.07543103448275862,260,2049,0.07543103448275862,260
5895,82,g711u,babble10,0.05,0.062011957052220595,0.12160326086956522,260,2049,0.12160326086956522,260
5895,82,g711a,babble10,0.0,0.02562225475841874,0.06686046511627906,260,2049,0.06686046511627906,260
5895,82,g711a,babble10,0.01,0.033308931185944364,0.08165322580645161,260,2049,0.08165322580645161,260
5895,82,g711a,babble10,0.05,0.07018667642752562,0.12063953488372094,260,2049,0.12063953488372094,260
5895,82,opus16,babble10,0.0,0.14757198633479746,0.20244565217391305,260,2049,0.20244565217391305,260
5895,82,opus16,babble10,0.01,0.15324548560273304,0.20535714285714285,260,2049,0.20535714285714285,260
5895,82,opus16,babble10,0.05,0.1734382625671059,0.24294354838709678,260,2049,0.24294354838709678,260
5895,82,amr122,babble10,0.0,0.22126647144948755,0.28515625,260,2049,0.28515625,260
5895,82,amr122,babble10,0.01,0.22483528550512444,0.28515625,260,2049,0.28515625,260
5895,82,amr122,babble10,0.05,0.2428623718887262,0.3138020833333333,260,2049,0.3138020833333333,260
5895,82,amr475,babble10,0.0,0.322535383113714,0.3861607142857143,260,2049,0.3861607142857143,260
5895,82,amr475,babble10,0.01,0.3270214320506576,0.39314516129032256,260,2049,0.390625,260
5895,82,amr475,babble10,0.05,0.33339433870180574,0.3939732142857143,260,2049,0.3939732142857143,260
5895,82,amr122_g711u,babble10,0.0,0.2220900439238653,0.2877604166666667,260,2049,0.2877604166666667,260
5895,82,amr122_g711u,babble10,0.01,0.22693997071742314,0.2877604166666667,260,2049,0.2877604166666667,260
5895,82,amr122_g711u,babble10,0.05,0.24469253294289897,0.3125,260,2049,0.3125,260
5895,83,g711u,clean,0.0,0.02676977989292088,0.04133064516129032,225,1681,0.04133064516129032,225
5895,83,g711u,clean,0.01,0.031900654372397384,0.09226190476190477,225,1681,0.09226190476190477,225
5895,83,g711u,clean,0.05,0.06670136823319453,0.1986111111111111,225,1681,0.1986111111111111,225
5895,83,g711a,clean,0.0,0.024427424152290305,0.04032258064516129,225,1681,0.04032258064516129,225
5895,83,g711a,clean,0.01,0.033982748364069004,0.06350806451612903,225,1681,0.06350806451612903,225
5895,83,g711a,clean,0.05,0.07417459845330161,0.16056034482758622,225,1681,0.16056034482758622,225
5895,83,opus16,clean,0.0,0.13805026769779893,0.16865079365079366,225,1681,0.16865079365079366,225
5895,83,opus16,clean,0.01,0.14470553242117787,0.19722222222222222,225,1681,0.19722222222222222,225
5895,83,opus16,clean,0.05,0.17270226055919097,0.22643442622950818,225,1681,0.22643442622950818,225
5895,83,amr122,clean,0.0,0.2151249256395003,0.276268115942029,225,1681,0.276268115942029,225
5895,83,amr122,clean,0.01,0.22003271861986912,0.27898550724637683,225,1681,0.27898550724637683,225
5895,83,amr122,clean,0.05,0.24594735276621058,0.3161764705882353,225,1681,0.3161764705882353,225
5895,83,amr475,clean,0.0,0.3047293277810827,0.3949468085106383,225,1681,0.3949468085106383,225
5895,83,amr475,clean,0.01,0.3071832242712671,0.3949468085106383,225,1681,0.3949468085106383,225
5895,83,amr475,clean,0.05,0.31893218322427125,0.44148936170212766,225,1681,0.44148936170212766,225
5895,83,amr122_g711u,clean,0.0,0.21609161213563355,0.276268115942029,225,1681,0.276268115942029,225
5895,83,amr122_g711u,clean,0.01,0.2188429506246282,0.276268115942029,225,1681,0.276268115942029,225
5895,83,amr122_g711u,clean,0.05,0.23854848304580606,0.286231884057971,225,1681,0.286231884057971,225
5895,83,g711u,white20,0.0,0.017311608961303463,0.028963414634146343,117,982,0.028963414634146343,117
5895,83,g711u,white20,0.01,0.02978615071283096,0.059722222222222225,117,982,0.059722222222222225,117
5895,83,g711u,white20,0.05,0.05556262729124236,0.15922619047619047,117,982,0.15922619047619047,117
5895,83,g711a,white20,0.0,0.015784114052953158,0.03125,117,982,0.03125,117
5895,83,g711a,white20,0.01,0.024885437881873727,0.06676136363636363,117,982,0.06676136363636363,117
5895,83,g711a,white20,0.05,0.054289714867617106,0.12361111111111112,117,982,0.12361111111111112,117
5895,83,opus16,white20,0.0,0.13060081466395113,0.16071428571428573,117,982,0.16071428571428573,117
5895,83,opus16,white20,0.01,0.1377927698574338,0.16071428571428573,117,982,0.16071428571428573,117
5895,83,opus16,white20,0.05,0.1710794297352342,0.2225609756097561,117,982,0.2225609756097561,117
5895,83,amr122,white20,0.0,0.19456466395112015,0.2627840909090909,117,982,0.2627840909090909,117
5895,83,amr122,white20,0.01,0.19991089613034624,0.2627840909090909,117,982,0.2627840909090909,117
5895,83,amr122,white20,0.05,0.22015020366598778,0.29261363636363635,117,982,0.29261363636363635,117
5895,83,amr475,white20,0.0,0.28341395112016293,0.33430232558139533,117,982,0.33430232558139533,117
5895,83,amr475,white20,0.01,0.28608706720977595,0.33430232558139533,117,982,0.33430232558139533,117
5895,83,amr475,white20,0.05,0.3063263747454175,0.36128048780487804,117,982,0.36128048780487804,117
5895,83,amr122_g711u,white20,0.0,0.19711048879837068,0.2556818181818182,117,982,0.2556818181818182,117
5895,83,amr122_g711u,white20,0.01,0.19965631364562117,0.2556818181818182,117,982,0.2556818181818182,117
5895,83,amr122_g711u,white20,0.05,0.2177316700610998,0.2784090909090909,117,982,0.2784090909090909,117
5895,83,g711u,babble10,0.0,0.03148710166919575,0.10975609756097561,251,1977,0.10975609756097561,251
5895,83,g711u,babble10,0.01,0.03755690440060698,0.10975609756097561,251,1977,0.10975609756097561,251
5895,83,g711u,babble10,0.05,0.07666287303995953,0.17708333333333334,251,1977,0.17708333333333334,251
5895,83,g711a,babble10,0.0,0.02851542741527567,0.10365853658536585,251,1977,0.10365853658536585,251
5895,83,g711a,babble10,0.01,0.035849772382397574,0.13414634146341464,251,1977,0.13414634146341464,251
5895,83,g711a,babble10,0.05,0.06604071825998989,0.12369791666666667,251,1977,0.12369791666666667,251
5895,83,opus16,babble10,0.0,0.15699291856348002,0.19558823529411765,251,1977,0.19558823529411765,251
5895,83,opus16,babble10,0.01,0.16220915528578655,0.19912790697674418,251,1977,0.19912790697674418,251
5895,83,opus16,babble10,0.05,0.17953338391502277,0.23214285714285715,251,1977,0.23214285714285715,251
5895,83,amr122,babble10,0.0,0.23735457764289328,0.31097560975609756,251,1977,0.31097560975609756,251
5895,83,amr122,babble10,0.01,0.24136949924127465,0.31097560975609756,251,1977,0.31097560975609756,251
5895,83,amr122,babble10,0.05,0.2587569549822964,0.31097560975609756,251,1977,0.31097560975609756,251
5895,83,amr475,babble10,0.0,0.33262765419615775,0.3971354166666667,251,1977,0.3971354166666667,251
5895,83,amr475,babble10,0.01,0.33487108190091003,0.4073529411764706,251,1977,0.4073529411764706,251
5895,83,amr475,babble10,0.05,0.3456774519716886,0.42578125,251,1977,0.42578125,251
5895,83,amr122_g711u,babble10,0.0,0.23830298431967628,0.3137254901960784,251,1977,0.3137254901960784,251
5895,83,amr122_g711u,babble10,0.01,0.24374051593323218,0.3137254901960784,251,1977,0.3137254901960784,251
5895,83,amr122_g711u,babble10,0.05,0.2636254425897825,0.33069620253164556,251,1977,0.33069620253164556,251
6241,84,g711u,clean,0.0,0.03950617283950617,0.08552631578947369,203,1620,0.08552631578947369,203
6241,84,g711u,clean,0.01,0.04849537037037037,0.08776595744680851,203,1620,0.08776595744680851,203
6241,84,g711u,clean,0.05,0.08186728395061728,0.16885964912280702,203,1620,0.16885964912280702,203
6241,84,g711a,clean,0.0,0.04178240740740741,0.07047872340425532,203,1620,0.07047872340425532,203
6241,84,g711a,clean,0.01,0.05115740740740741,0.09840425531914894,203,1620,0.09840425531914894,203
6241,84,g711a,clean,0.05,0.08136574074074074,0.13616071428571427,203,1620,0.13616071428571427,203
6241,84,opus16,clean,0.0,0.15555555555555556,0.18229166666666666,203,1620,0.18229166666666666,203
6241,84,opus16,clean,0.01,0.1599922839506173,0.20870535714285715,203,1620,0.20870535714285715,203
6241,84,opus16,clean,0.05,0.18530092592592592,0.23958333333333334,203,1620,0.23958333333333334,203
6241,84,amr122,clean,0.0,0.2342786683107275,0.27472527472527475,203,1620,0.27472527472527475,203
6241,84,amr122,clean,0.01,0.2406365598027127,0.2858072916666667,203,1620,0.2858072916666667,203
6241,84,amr122,clean,0.05,0.25949074074074074,0.3005514705882353,203,1620,0.3005514705882353,203
6241,84,amr475,clean,0.0,0.3471580406654344,0.41356382978723405,204,1620,0.41356382978723405,203
6241,84,amr475,clean,0.01,0.34996919285274186,0.4109042553191489,204,1620,0.4109042553191489,203
6241,84,amr475,clean,0.05,0.3574290998766954,0.45121951219512196,203,1620,0.45121951219512196,203
6241,84,amr122_g711u,clean,0.0,0.23615823565700186,0.2896341463414634,203,1620,0.2896341463414634,203
6241,84,amr122_g711u,clean,0.01,0.24016203703703703,0.28983516483516486,203,1620,0.28983516483516486,203
6241,84,amr122_g711u,clean,0.05,0.2585648148148148,0.30528846153846156,203,1620,0.30528846153846156,203
6241,84,g711u,white20,0.0,0.022345250800426895,0.0436046511627907,126,937,0.0436046511627907,126
6241,84,g711u,white20,0.01,0.03121664887940235,0.0625,126,937,0.0625,126
6241,84,g711u,white20,0.05,0.05903148345784418,0.11482558139534883,126,937,0.11482558139534883,126
6241,84,g711a,white20,0.0,0.022011739594450373,0.03720238095238095,126,937,0.03720238095238095,126
6241,84,g711a,white20,0.01,0.028281750266808965,0.05823863636363636,126,937,0.05823863636363636,126
6241,84,g711a,white20,0.05,0.0577641408751334,0.12990196078431374,126,937,0.12990196078431374,126
6241,84,opus16,white20,0.0,0.15328175026680896,0.2073170731707317,126,937,0.2073170731707317,126
6241,84,opus16,white20,0.01,0.1572171824973319,0.2073170731707317,126,937,0.2073170731707317,126
6241,84,opus16,white20,0.05,0.1941035218783351,0.23837209302325582,126,937,0.23837209302325582,126
6241,84,amr122,white20,0.0,0.2198505869797225,0.265625,126,937,0.265625,126
6241,84,amr122,white20,0.01,0.2225186766275347,0.2761627906976744,126,937,0.2761627906976744,126
6241,84,amr122,white20,0.05,0.24439701173959444,0.28343023255813954,126,937,0.28343023255813954,126
6241,84,amr475,white20,0.0,0.3265741728922092,0.37109375,126,937,0.37109375,126
6241,84,amr475,white20,0.01,0.3299759871931697,0.37222222222222223,126,937,0.37222222222222223,126
6241,84,amr475,white20,0.05,0.33918089647812166,0.3736979166666667,126,937,0.3736979166666667,126
6241,84,amr122_g711u,white20,0.0,0.22185165421558165,0.2760416666666667,126,937,0.2760416666666667,126
6241,84,amr122_g711u,white20,0.01,0.22552027748132336,0.2721354166666667,126,937,0.2721354166666667,126
6241,84,amr122_g711u,white20,0.05,0.24753201707577374,0.2877906976744186,126,937,0.2877906976744186,126
6241,84,g711u,babble10,0.0,0.03911744022503516,0.07665094339622641,269,2133,0.07665094339622641,269
6241,84,g711u,babble10,0.01,0.04591537740271918,0.09787735849056604,269,2133,0.09787735849056604,269
6241,84,g711u,babble10,0.05,0.08406586966713549,0.14329268292682926,269,2133,0.14329268292682926,269
6241,84,g711a,babble10,0.0,0.03683192686357243,0.07075471698113207,269,2133,0.07075471698113207,269
6241,84,g711a,babble10,0.01,0.04679442100328176,0.09868421052631579,269,2133,0.09868421052631579,269
6241,84,g711a,babble10,0.05,0.07712142522269104,0.20227272727272727,269,2133,0.20227272727272727,269
6241,84,opus16,babble10,0.0,0.16053921568627452,0.3090277777777778,269,2133,0.1875,269
6241,84,opus16,babble10,0.01,0.16576213818860877,0.32175925925925924,269,2133,0.19166666666666668,269
6241,84,opus16,babble10,0.05,0.19467787114845939,0.35300925925925924,269,2133,0.24795081967213115,269
6241,84,amr122,babble10,0.0,0.2483076563958917,0.3813559322033898,269,2133,0.2921686746987952,269
6241,84,amr122,babble10,0.01,0.25032096171802054,0.3813559322033898,269,2133,0.2953125,269
6241,84,amr122,babble10,0.05,0.27115429505135386,0.4163135593220339,269,2133,0.3256172839506173,269
6241,84,amr475,babble10,0.0,0.3483434437704153,0.4548611111111111,269,2133,0.40853658536585363,269
6241,84,amr475,babble10,0.01,0.35254316378908074,0.4583333333333333,269,2133,0.41310975609756095,269
6241,84,amr475,babble10,0.05,0.359593837535014,0.47685185185185186,269,2133,0.4171686746987952,269
6241,84,amr122_g711u,babble10,0.0,0.25169313404950955,0.38146551724137934,269,2133,0.30666666666666664,269
6241,84,amr122_g711u,babble10,0.01,0.2558995327102804,0.37719298245614036,269,2133,0.31583333333333335,269
6241,84,amr122_g711u,babble10,0.05,0.2730908453993461,0.3879310344827586,269,2133,0.32407407407407407,269
6241,85,g711u,clean,0.0,0.042655109489051095,0.08203125,208,1644,0.08203125,208
6241,85,g711u,clean,0.01,0.05117092457420925,0.08707865168539326,208,1644,0.08707865168539326,208
6241,85,g711u,clean,0.05,0.08610857664233576,0.15086206896551724,208,1644,0.15086206896551724,208
6241,85,g711a,clean,0.0,0.04311131386861314,0.09244791666666667,208,1644,0.09244791666666667,208
6241,85,g711a,clean,0.01,0.05425030413625304,0.1173780487804878,208,1644,0.1173780487804878,208
6241,85,g711a,clean,0.05,0.08470194647201947,0.1705357142857143,208,1644,0.1705357142857143,208
6241,85,opus16,clean,0.0,0.15617396593673966,0.2078125,208,1644,0.2078125,208
6241,85,opus16,clean,0.01,0.16647658150851583,0.2152777777777778,208,1644,0.2152777777777778,208
6241,85,opus16,clean,0.05,0.19297445255474452,0.24305555555555555,208,1644,0.24305555555555555,208
6241,85,amr122,clean,0.0,0.23332066869300913,0.29081632653061223,208,1644,0.2790492957746479,208
6241,85,amr122,clean,0.01,0.24057750759878418,0.2997448979591837,208,1644,0.2858455882352941,208
6241,85,amr122,clean,0.05,0.2529635258358663,0.34375,208,1644,0.34375,208
6241,85,amr475,clean,0.0,0.34183130699088143,0.3930084745762712,208,1644,0.3930084745762712,208
6241,85,amr475,clean,0.01,0.3427431610942249,0.3908898305084746,208,1644,0.3908898305084746,208
6241,85,amr475,clean,0.05,0.35383738601823705,0.42338709677419356,208,1644,0.42338709677419356,208
6241,85,amr122_g711u,clean,0.0,0.23533434650455928,0.28125,208,1644,0.27884615384615385,208
6241,85,amr122_g711u,clean,0.01,0.24027355623100305,0.28194444444444444,208,1644,0.28194444444444444,208
6241,85,amr122_g711u,clean,0.05,0.2541793313069909,0.31666666666666665,208,1644,0.31666666666666665,208
6241,85,g711u,white20,0.0,0.02214095744680851,0.031862745098039214,124,940,0.031862745098039214,124
6241,85,g711u,white20,0.01,0.03131648936170213,0.06385869565217392,124,940,0.06385869565217392,124
6241,85,g711u,white20,0.05,0.10699797160243407,0.5928819444444444,133,940,0.13517441860465115,124
6241,85,g711a,white20,0.0,0.02160904255319149,0.04076086956521739,124,940,0.04076086956521739,124
6241,85,g711a,white20,0.01,0.032313829787234044,0.07142857142857142,124,940,0.07142857142857142,124
6241,85,g711a,white20,0.05,0.06908244680851064,0.1203125,124,940,0.1203125,124
6241,85,opus16,white20,0.0,0.1519281914893617,0.18526785714285715,124,940,0.18526785714285715,124
6241,85,opus16,white20,0.01,0.15897606382978724,0.20535714285714285,124,940,0.20535714285714285,124
6241,85,opus16,white20,0.05,0.17287234042553193,0.2159090909090909,124,940,0.2159090909090909,124
6241,85,amr122,white20,0.0,0.21981382978723404,0.2638888888888889,124,940,0.2638888888888889,124
6241,85,amr122,white20,0.01,0.22526595744680852,0.26851851851851855,124,940,0.26851851851851855,124
6241,85,amr122,white20,0.05,0.24202127659574468,0.29651162790697677,124,940,0.29651162790697677,124
6241,85,amr475,white20,0.0,0.322406914893617,0.375,124,940,0.375,124
6241,85,amr475,white20,0.01,0.3238031914893617,0.375,124,940,0.375,124
6241,85,amr475,white20,0.05,0.3326462765957447,0.3845108695652174,124,940,0.3845108695652174,124
6241,85,amr122_g711u,white20,0.0,0.22081117021276594,0.2777777777777778,124,940,0.2777777777777778,124
6241,85,amr122_g711u,white20,0.01,0.22194148936170213,0.2777777777777778,124,940,0.2777777777777778,124
6241,85,amr122_g711u,white20,0.05,0.2440159574468085,0.30505952380952384,124,940,0.30505952380952384,124
6241,85,g711u,babble10,0.0,0.036283349802371544,0.08136792452830188,269,2024,0.08136792452830188,269
6241,85,g711u,babble10,0.01,0.043076828063241104,0.10227272727272728,269,2024,0.10227272727272728,269
6241,85,g711u,babble10,0.05,0.07482089920948616,0.1638888888888889,269,2024,0.1638888888888889,269
6241,85,g711a,babble10,0.0,0.034337944664031624,0.08018867924528301,269,2024,0.08018867924528301,269
6241,85,g711a,babble10,0.01,0.042675395256917,0.10849056603773585,269,2024,0.10849056603773585,269
6241,85,g711a,babble10,0.05,0.07769268774703557,0.14488636363636365,269,2024,0.14488636363636365,269
6241,85,opus16,babble10,0.0,0.157423418972332,0.2068661971830986,269,2024,0.2068661971830986,269
6241,85,opus16,babble10,0.01,0.16452569169960474,0.21038732394366197,269,2024,0.21038732394366197,269
6241,85,opus16,babble10,0.05,0.1837037037037037,0.2513020833333333,269,2024,0.2513020833333333,269
6241,85,amr122,babble10,0.0,0.2377838104639684,0.30259146341463417,269,2024,0.29398148148148145,269
6241,85,amr122,babble10,0.01,0.2433366238894373,0.3003048780487805,269,2024,0.2916666666666667,269
6241,85,amr122,babble10,0.05,0.2599074074074074,0.31839622641509435,269,2024,0.31839622641509435,269
6241,85,amr475,babble10,0.0,0.3444860157016683,0.4078125,270,2024,0.3759057971014493,269
6241,85,amr475,babble10,0.01,0.3534975669099757,0.5279017857142857,271,2024,0.3825,269
6241,85,amr475,babble10,0.05,0.3561089303238469,0.41583333333333333,270,2024,0.41583333333333333,269
6241,85,amr122_g711u,babble10,0.0,0.23864197530864198,0.2862654320987654,269,2024,0.2862654320987654,269
6241,85,amr122_g711u,babble10,0.01,0.24231481481481482,0.2854938271604938,269,2024,0.2854938271604938,269
6241,85,amr122_g711u,babble10,0.05,0.2587388833992095,0.3018867924528302,269,2024,0.3018867924528302,269
6241,86,g711u,clean,0.0,0.036965558194774345,0.06960227272727272,216,1684,0.06960227272727272,216
6241,86,g711u,clean,0.01,0.045724465558194774,0.10076530612244898,216,1684,0.10076530612244898,216
6241,86,g711u,clean,0.05,0.07868171021377672,0.14583333333333334,216,1684,0.14583333333333334,216
6241,86,g711a,clean,0.0,0.03655730403800475,0.0625,216,1684,0.0625,216
6241,86,g711a,clean,0.01,0.04642963182897862,0.10294117647058823,216,1684,0.10294117647058823,216
6241,86,g711a,clean,0.05,0.08710659144893111,0.15364583333333334,216,1684,0.15364583333333334,216
6241,86,opus16,clean,0.0,0.15714073634204276,0.20416666666666666,216,1684,0.20416666666666666,216
6241,86,opus16,clean,0.01,0.16370991686460806,0.20416666666666666,216,1684,0.20416666666666666,216
6241,86,opus16,clean,0.05,0.18950296735905045,0.25,216,1684,0.25,216
6241,86,amr122,clean,0.0,0.23290059347181008,0.27036516853932585,216,1684,0.27036516853932585,216
6241,86,amr122,clean,0.01,0.2382488137603796,0.27521929824561403,216,1684,0.27521929824561403,216
6241,86,amr122,clean,0.05,0.2535608308605341,0.3077651515151515,216,1684,0.3077651515151515,216
6241,86,amr475,clean,0.0,0.3425637603795967,0.40066964285714285,216,1684,0.40066964285714285,216
6241,86,amr475,clean,0.01,0.34408362989323843,0.40066964285714285,216,1684,0.40066964285714285,216
6241,86,amr475,clean,0.05,0.3534994068801898,0.421875,216,1684,0.421875,216
6241,86,amr122_g711u,clean,0.0,0.2346439169139466,0.2747395833333333,216,1684,0.2747395833333333,216
6241,86,amr122_g711u,clean,0.01,0.23846439169139466,0.2747395833333333,216,1684,0.2747395833333333,216
6241,86,amr122_g711u,clean,0.05,0.25289317507418396,0.3008474576271186,216,1684,0.3008474576271186,216
6241,86,g711u,white20,0.0,0.02147852147852148,0.03676470588235294,135,1001,0.03676470588235294,135
6241,86,g711u,white20,0.01,0.03365384615384615,0.105,135,1001,0.105,135
6241,86,g711u,white20,0.05,0.059752747252747256,0.11519607843137254,135,1001,0.11519607843137254,135
6241,86,g711a,white20,0.0,0.018606393606393608,0.03835227272727273,135,1001,0.03835227272727273,135
6241,86,g711a,white20,0.01,0.029970029970029972,0.06060606060606061,135,1001,0.06060606060606061,135
6241,86,g711a,white20,0.05,0.0653096903096903,0.14027777777777778,135,1001,0.14027777777777778,135
6241,86,opus16,white20,0.0,0.15103646353646355,0.20203488372093023,135,1001,0.20203488372093023,135
6241,86,opus16,white20,0.01,0.1555944055944056,0.20203488372093023,135,1001,0.20203488372093023,135
6241,86,opus16,white20,0.05,0.1836913086913087,0.26453488372093026,135,1001,0.26453488372093026,135
6241,86,amr122,white20,0.0,0.21953046953046954,0.2536764705882353,135,1001,0.2536764705882353,135
6241,86,amr122,white20,0.01,0.22496253746253747,0.265625,135,1001,0.265625,135
6241,86,amr122,white20,0.05,0.242007992007992,0.28863636363636364,135,1001,0.28863636363636364,135
6241,86,amr475,white20,0.0,0.3198676323676324,0.36363636363636365,135,1001,0.36363636363636365,135
6241,86,amr475,white20,0.01,0.32329091816367267,0.3888888888888889,136,1001,0.375,135
6241,86,amr475,white20,0.05,0.336476023976024,0.390625,135,1001,0.390625,135
6241,86,amr122_g711u,white20,0.0,0.21896853146853146,0.2585227272727273,135,1001,0.2585227272727273,135
6241,86,amr122_g711u,white20,0.01,0.2237137862137862,0.2585227272727273,135,1001,0.2585227272727273,135
6241,86,amr122_g711u,white20,0.05,0.24887612387612387,0.3039772727272727,135,1001,0.3039772727272727,135
6241,86,g711u,babble10,0.0,0.04418659165494609,0.08928571428571429,280,2133,0.08928571428571429,280
6241,86,g711u,babble10,0.01,0.05294772620721988,0.09283088235294118,280,2133,0.09283088235294118,280
6241,86,g711u,babble10,0.05,0.08189756211908111,0.1575,280,2133,0.1575,280
6241,86,g711a,babble10,0.0,0.04014299109235818,0.09040178571428571,280,2133,0.09040178571428571,280
6241,86,g711a,babble10,0.01,0.048171589310829814,0.10602678571428571,280,2133,0.10602678571428571,280
6241,86,g711a,babble10,0.05,0.08180965775902485,0.15446428571428572,280,2133,0.15446428571428572,280
6241,86,opus16,babble10,0.0,0.1621249413970933,0.20180722891566266,280,2133,0.20180722891566266,280
6241,86,opus16,babble10,0.01,0.16986052508204408,0.2225,280,2133,0.2225,280
6241,86,opus16,babble10,0.05,0.19081106422878574,0.24158653846153846,280,2133,0.24158653846153846,280
6241,86,amr122,babble10,0.0,0.2548933427097984,0.30625,280,2133,0.30625,280
6241,86,amr122,babble10,0.01,0.25887834036568214,0.30625,280,2133,0.30625,280
6241,86,amr122,babble10,0.05,0.26948546647913735,0.31607142857142856,280,2133,0.31607142857142856,280
6241,86,amr475,babble10,0.0,0.35306349578256796,0.4264705882352941,280,2133,0.4264705882352941,280
6241,86,amr475,babble10,0.01,0.355055060918463,0.42463235294117646,280,2133,0.42463235294117646,280
6241,86,amr475,babble10,0.05,0.365217900656045,0.44025735294117646,280,2133,0.44025735294117646,280
6241,86,amr122_g711u,babble10,0.0,0.25568448195030474,0.31354166666666666,280,2133,0.31354166666666666,280
6241,86,amr122_g711u,babble10,0.01,0.2606364275668073,0.32708333333333334,280,2133,0.32708333333333334,280
6241,86,amr122_g711u,babble10,0.05,0.27467182372245663,0.353125,280,2133,0.353125,280
6295,87,g711u,clean,0.0,0.11172147846332946,0.20463709677419356,216,1718,0.20463709677419356,216
6295,87,g711u,clean,0.01,0.12048894062863795,0.20463709677419356,216,1718,0.20463709677419356,216
6295,87,g711u,clean,0.05,0.14268044237485447,0.22125,216,1718,0.22125,216
6295,87,g711a,clean,0.0,0.11124854481955762,0.19254032258064516,216,1718,0.19254032258064516,216
6295,87,g711a,clean,0.01,0.11859720605355065,0.20262096774193547,216,1718,0.20262096774193547,216
6295,87,g711a,clean,0.05,0.14300785797438884,0.22023809523809523,216,1718,0.22023809523809523,216
6295,87,opus16,clean,0.0,0.18164630599185572,0.22253787878787878,216,1718,0.21064814814814814,216
6295,87,opus16,clean,0.01,0.18826352530541013,0.22253787878787878,216,1718,0.22106481481481483,216
6295,87,opus16,clean,0.05,0.21296565774155995,0.27847222222222223,216,1718,0.27847222222222223,216
6295,87,amr122,clean,0.0,0.29124273255813954,0.3548076923076923,216,1718,0.34058988764044945,216
6295,87,amr122,clean,0.01,0.2934229651162791,0.3548076923076923,216,1718,0.3419943820224719,216
6295,87,amr122,clean,0.05,0.30770348837209305,0.3798076923076923,216,1718,0.36585365853658536,216
6295,87,amr475,clean,0.0,0.39227642276422764,0.45242537313432835,216,1718,0.4494047619047619,216
6295,87,amr475,clean,0.01,0.39278455284552843,0.45242537313432835,216,1718,0.4494047619047619,216
6295,87,amr475,clean,0.05,0.40396871378910776,0.4811046511627907,216,1718,0.46875,216
6295,87,amr122_g711u,clean,0.0,0.29778343023255816,0.34375,216,1718,0.34375,216
6295,87,amr122_g711u,clean,0.01,0.3003633720930233,0.34421641791044777,216,1718,0.34375,216
6295,87,amr122_g711u,clean,0.05,0.31242728330424663,0.3705357142857143,216,1718,0.3705357142857143,216
6295,87,g711u,white20,0.0,0.03425196850393701,0.059593023255813955,178,1270,0.059593023255813955,178
6295,87,g711u,white20,0.01,0.04502952755905512,0.08395522388059702,178,1270,0.08395522388059702,178
6295,87,g711u,white20,0.05,0.07229330708661418,0.12635869565217392,178,1270,0.12635869565217392,178
6295,87,g711a,white20,0.0,0.03548228346456693,0.06707317073170732,178,1270,0.06707317073170732,178
6295,87,g711a,white20,0.01,0.0421751968503937,0.07528409090909091,178,1270,0.07528409090909091,178
6295,87,g711a,white20,0.05,0.08474409448818898,0.1453125,178,1270,0.1453125,178
6295,87,opus16,white20,0.0,0.17947834645669292,0.21923076923076923,178,1270,0.21923076923076923,178
6295,87,opus16,white20,0.01,0.1843996062992126,0.23768939393939395,178,1270,0.23768939393939395,178
6295,87,opus16,white20,0.05,0.21107283464566928,0.2526785714285714,178,1270,0.2526785714285714,178
6295,87,amr122,white20,0.0,0.2826771653543307,0.3313953488372093,178,1270,0.3313953488372093,178
6295,87,amr122,white20,0.01,0.28587598425196853,0.3313953488372093,178,1270,0.3313953488372093,178
6295,87,amr122,white20,0.05,0.2987204724409449,0.33881578947368424,178,1270,0.33881578947368424,178
6295,87,amr475,white20,0.0,0.39722659323367426,0.4680232558139535,178,1270,0.4680232558139535,178
6295,87,amr475,white20,0.01,0.3997836349331235,0.4680232558139535,178,1270,0.4680232558139535,178
6295,87,amr475,white20,0.05,0.4069138473642801,0.47238372093023256,178,1270,0.47238372093023256,178
6295,87,amr122_g711u,white20,0.0,0.2846456692913386,0.34011627906976744,178,1270,0.34011627906976744,178
6295,87,amr122_g711u,white20,0.01,0.28828740157480315,0.3546511627906977,178,1270,0.3546511627906977,178
6295,87,amr122_g711u,white20,0.05,0.2983759842519685,0.34593023255813954,178,1270,0.34593023255813954,178
6295,87,g711u,babble10,0.0,0.06334106728538283,0.09950657894736842,287,2155,0.09950657894736842,287
6295,87,g711u,babble10,0.01,0.07250580046403712,0.11948529411764706,287,2155,0.11948529411764706,287
6295,87,g711u,babble10,0.05,0.10121809744779582,0.16028225806451613,287,2155,0.16028225806451613,287
6295,87,g711a,babble10,0.0,0.05852668213457077,0.09292763157894737,287,2155,0.09292763157894737,287
6295,87,g711a,babble10,0.01,0.0689675174013921,0.10185185185185185,287,2155,0.10185185185185185,287
6295,87,g711a,babble10,0.05,0.09924593967517402,0.17207792207792208,287,2155,0.17207792207792208,287
6295,87,opus16,babble10,0.0,0.1741670522906062,0.2068661971830986,287,2155,0.2068661971830986,287
6295,87,opus16,babble10,0.01,0.17939439555349698,0.22359154929577466,287,2155,0.22359154929577466,287
6295,87,opus16,babble10,0.05,0.20363836186950485,0.2858606557377049,287,2155,0.2858606557377049,287
6295,87,amr122,babble10,0.0,0.274091855622397,0.3125,287,2155,0.3125,287
6295,87,amr122,babble10,0.01,0.27557344763670066,0.3125,287,2155,0.3125,287
6295,87,amr122,babble10,0.05,0.29476273148148147,0.35050675675675674,287,2155,0.3470394736842105,287
6295,87,amr475,babble10,0.0,0.381598662978331,0.46153846153846156,287,2155,0.44556451612903225,287
6295,87,amr475,babble10,0.01,0.38364453665283543,0.46314102564102566,287,2155,0.44556451612903225,287
6295,87,amr475,babble10,0.05,0.39125172890733056,0.4765625,287,2155,0.46825396825396826,287
6295,87,amr122_g711u,babble10,0.0,0.27840120314669137,0.3226102941176471,287,2155,0.3226102941176471,287
6295,87,amr122_g711u,babble10,0.01,0.28169828782970846,0.32628676470588236,287,2155,0.32628676470588236,287
6295,87,amr122_g711u,babble10,0.05,0.29621702915316983,0.34424603174603174,287,2155,0.34424603174603174,287
6295,88,g711u,clean,0.0,0.0990621720881427,0.16307471264367815,236,1906,0.16307471264367815,236
6295,88,g711u,clean,0.01,0.10693205666316893,0.16307471264367815,236,1906,0.16307471264367815,236
6295,88,g711u,clean,0.05,0.1300498426023085,0.2152777777777778,236,1906,0.2152777777777778,236
6295,88,g711a,clean,0.0,0.09611096537250786,0.15524193548387097,236,1906,0.15524193548387097,236
6295,88,g711a,clean,0.01,0.10381689401888772,0.15524193548387097,236,1906,0.15524193548387097,236
6295,88,g711a,clean,0.05,0.144248426023085,0.190625,236,1906,0.190625,236
6295,88,opus16,clean,0.0,0.1761333857442348,0.22,236,1906,0.20833333333333334,236
6295,88,opus16,clean,0.01,0.18638626834381553,0.265,236,1906,0.234375,236
6295,88,opus16,clean,0.05,0.20545073375262055,0.29,236,1906,0.2699652777777778,236
6295,88,amr122,clean,0.0,0.2793327215521762,0.3375,236,1906,0.3375,236
6295,88,amr122,clean,0.01,0.28375721027792344,0.3472222222222222,236,1906,0.3472222222222222,236
6295,88,amr122,clean,0.05,0.2959905660377358,0.35138888888888886,236,1906,0.35138888888888886,236
6295,88,amr475,clean,0.0,0.37765330188679247,0.42578125,236,1906,0.42578125,236
6295,88,amr475,clean,0.01,0.37974973794549266,0.4348958333333333,236,1906,0.4348958333333333,236
6295,88,amr475,clean,0.05,0.3862683438155136,0.4401041666666667,236,1906,0.4401041666666667,236
6295,88,amr122_g711u,clean,0.0,0.2896237545883587,0.3699127906976744,236,1906,0.3699127906976744,236
6295,88,amr122_g711u,clean,0.01,0.29208180388044047,0.3633720930232558,236,1906,0.3633720930232558,236
6295,88,amr122_g711u,clean,0.05,0.3065975865687303,0.3997093023255814,236,1906,0.3997093023255814,236
6295,88,g711u,white20,0.0,0.031517475035663337,0.045454545454545456,205,1402,0.045454545454545456,205
6295,88,g711u,white20,0.01,0.03815977175463623,0.08571428571428572,205,1402,0.08571428571428572,205
6295,88,g711u,white20,0.05,0.08501248216833096,0.14430147058823528,205,1402,0.14430147058823528,205
6295,88,g711a,white20,0.0,0.031027104136947217,0.043882978723404256,205,1402,0.043882978723404256,205
6295,88,g711a,white20,0.01,0.042662268188302425,0.09441489361702128,205,1402,0.09441489361702128,205
6295,88,g711a,white20,0.05,0.07975213980028531,0.1636904761904762,205,1402,0.1636904761904762,205
6295,88,opus16,white20,0.0,0.17524072753209702,0.22727272727272727,205,1402,0.22727272727272727,205
6295,88,opus16,white20,0.01,0.18602888730385164,0.22826086956521738,205,1402,0.22826086956521738,205
6295,88,opus16,white20,0.05,0.2083184736091298,0.27450980392156865,205,1402,0.27450980392156865,205
6295,88,amr122,white20,0.0,0.2809825249643367,0.32954545454545453,205,1402,0.32954545454545453,205
6295,88,amr122,white20,0.01,0.2837464336661912,0.3342391304347826,205,1402,0.3342391304347826,205
6295,88,amr122,white20,0.05,0.29752139800285304,0.3522727272727273,205,1402,0.3522727272727273,205
6295,88,amr475,white20,0.0,0.38596647646219684,0.43902439024390244,205,1402,0.43902439024390244,205
6295,88,amr475,white20,0.01,0.38873038516405134,0.43902439024390244,205,1402,0.43902439024390244,205
6295,88,amr475,white20,0.05,0.39292082738944367,0.4385245901639344,205,1402,0.4385245901639344,205
6295,88,amr122_g711u,white20,0.0,0.2823644793152639,0.34232954545454547,205,1402,0.34232954545454547,205
6295,88,amr122_g711u,white20,0.01,0.2859308131241084,0.34232954545454547,205,1402,0.34232954545454547,205
6295,88,amr122_g711u,white20,0.05,0.2989479315263909,0.3605072463768116,205,1402,0.3605072463768116,205
6295,88,g711u,babble10,0.0,0.045221956406166934,0.09185606060606061,250,1881,0.09185606060606061,250
6295,88,g711u,babble10,0.01,0.05123604465709729,0.10480769230769231,250,1881,0.10480769230769231,250
6295,88,g711u,babble10,0.05,0.08845029239766082,0.15767045454545456,250,1881,0.15767045454545456,250
6295,88,g711a,babble10,0.0,0.04253056884635832,0.08942307692307692,250,1881,0.08942307692307692,250
6295,88,g711a,babble10,0.01,0.05060473152578416,0.10294117647058823,250,1881,0.10294117647058823,250
6295,88,g711a,babble10,0.05,0.08545986177565125,0.14910714285714285,250,1881,0.14910714285714285,250
6295,88,opus16,babble10,0.0,0.16334396597554493,0.22076612903225806,250,1881,0.22076612903225806,250
6295,88,opus16,babble10,0.01,0.16832801701222755,0.22076612903225806,250,1881,0.22076612903225806,250
6295,88,opus16,babble10,0.05,0.18989107332624866,0.24899193548387097,252,1881,0.24899193548387097,250
6295,88,amr122,babble10,0.0,0.25844772967265045,0.39266304347826086,252,1881,0.3020833333333333,250
6295,88,amr122,babble10,0.01,0.2617806230200634,0.39266304347826086,252,1881,0.30959302325581395,250
6295,88,amr122,babble10,0.05,0.2772097625329815,0.39266304347826086,252,1881,0.3384146341463415,250
6295,88,amr475,babble10,0.0,0.3654353562005277,0.4308510638297872,252,1881,0.40703125,250
6295,88,amr475,babble10,0.01,0.36724934036939316,0.4308510638297872,252,1881,0.4071180555555556,250
6295,88,amr475,babble10,0.05,0.3765171503957784,0.44148936170212766,252,1881,0.42613636363636365,250
6295,88,amr122_g711u,babble10,0.0,0.26178684627575277,0.37083333333333335,252,1881,0.32007575757575757,250
6295,88,amr122_g711u,babble10,0.01,0.26531959852086634,0.37083333333333335,252,1881,0.32007575757575757,250
6295,88,amr122_g711u,babble10,0.05,0.28466719492868464,0.4097222222222222,252,1881,0.3314732142857143,250
6295,89,g711u,clean,0.0,0.10307311194429566,0.13194444444444445,223,1867,0.13194444444444445,223
6295,89,g711u,clean,0.01,0.11117434386716658,0.15014367816091953,223,1867,0.15014367816091953,223
6295,89,g711u,clean,0.05,0.13490894483128013,0.20170454545454544,223,1867,0.20170454545454544,223
6295,89,g711a,clean,0.0,0.09895554365291913,0.12780898876404495,223,1867,0.12780898876404495,223
6295,89,g711a,clean,0.01,0.10658810926620246,0.15658602150537634,223,1867,0.15658602150537634,223
6295,89,g711a,clean,0.05,0.140532940546331,0.2059659090909091,223,1867,0.2059659090909091,223
6295,89,opus16,clean,0.0,0.17752944325481798,0.22294776119402984,223,1867,0.22294776119402984,223
6295,89,opus16,clean,0.01,0.18241434689507494,0.22294776119402984,223,1867,0.22294776119402984,223
6295,89,opus16,clean,0.05,0.21112152034261242,0.24487704918032788,223,1867,0.24487704918032788,223
6295,89,amr122,clean,0.0,0.2854991970021413,0.3237359550561798,223,1867,0.3237359550561798,223
6295,89,amr122,clean,0.01,0.29055139186295503,0.3402777777777778,223,1867,0.3402777777777778,223
6295,89,amr122,clean,0.05,0.30483806209850106,0.3689236111111111,223,1867,0.3689236111111111,223
6295,89,amr475,clean,0.0,0.38416755888650966,0.45337301587301587,223,1867,0.45337301587301587,223
6295,89,amr475,clean,0.01,0.38664346895074947,0.45337301587301587,223,1867,0.45337301587301587,223
6295,89,amr475,clean,0.05,0.3947738222698073,0.4722222222222222,223,1867,0.4722222222222222,223
6295,89,amr122_g711u,clean,0.0,0.2949344218415418,0.3386627906976744,223,1867,0.3386627906976744,223
6295,89,amr122_g711u,clean,0.01,0.2987821199143469,0.3492063492063492,223,1867,0.3492063492063492,223
6295,89,amr122_g711u,clean,0.05,0.31253345824411133,0.36607142857142855,223,1867,0.36607142857142855,223
6295,89,g711u,white20,0.0,0.03358623242042931,0.059722222222222225,200,1351,0.059722222222222225,200
6295,89,g711u,white20,0.01,0.04098815692079941,0.0796875,200,1351,0.0796875,200
6295,89,g711u,white20,0.05,0.07952442635085122,0.1600609756097561,200,1351,0.1600609756097561,200
6295,89,g711a,white20,0.0,0.03155070318282754,0.049342105263157895,200,1351,0.049342105263157895,200
6295,89,g711a,white20,0.01,0.03876757957068838,0.07313829787234043,200,1351,0.07313829787234043,200
6295,89,g711a,white20,0.05,0.07008697261287934,0.1364795918367347,200,1351,0.1364795918367347,200
6295,89,opus16,white20,0.0,0.1869016936671576,0.3203125,202,1351,0.2390625,200
6295,89,opus16,white20,0.01,0.19293078055964655,0.3203125,202,1351,0.24375,200
6295,89,opus16,white20,0.05,0.20910095799557848,0.34175531914893614,201,1351,0.24744897959183673,200
6295,89,amr122,white20,0.0,0.28187453737971874,0.3201219512195122,200,1351,0.3201219512195122,200
6295,89,amr122,white20,0.01,0.28705588452997777,0.33405172413793105,200,1351,0.33405172413793105,200
6295,89,amr122,white20,0.05,0.2955218356772761,0.3412698412698413,200,1351,0.3412698412698413,200
6295,89,amr475,white20,0.0,0.3934283088235294,0.49702380952380953,202,1351,0.44680851063829785,200
6295,89,amr475,white20,0.01,0.39558823529411763,0.5014880952380952,202,1351,0.44680851063829785,200
6295,89,amr475,white20,0.05,0.40229779411764705,0.5104166666666666,202,1351,0.4507978723404255,200
6295,89,amr122_g711u,white20,0.0,0.2816894892672095,0.3232758620689655,200,1351,0.3232758620689655,200
6295,89,amr122_g711u,white20,0.01,0.28363249444855665,0.3232758620689655,200,1351,0.3232758620689655,200
6295,89,amr122_g711u,white20,0.05,0.30320133234641006,0.34375,200,1351,0.34375,200
6295,89,g711u,babble10,0.0,0.05788177339901478,0.09910714285714285,279,2233,0.09910714285714285,279
6295,89,g711u,babble10,0.01,0.06490707568293776,0.10505319148936171,279,2233,0.10505319148936171,279
6295,89,g711u,babble10,0.05,0.10630317957904165,0.1721698113207547,279,2233,0.1721698113207547,279
6295,89,g711a,babble10,0.0,0.05589453649798477,0.08909574468085106,279,2233,0.08909574468085106,279
6295,89,g711a,babble10,0.01,0.06479511867442903,0.10040983606557377,279,2233,0.10040983606557377,279
6295,89,g711a,babble10,0.05,0.10070532915360501,0.1640625,279,2233,0.1640625,279
6295,89,opus16,babble10,0.0,0.17179129464285714,0.2208904109589041,279,2233,0.19833333333333333,279
6295,89,opus16,babble10,0.01,0.1773716517857143,0.23214285714285715,279,2233,0.20408163265306123,279
6295,89,opus16,babble10,0.05,0.1975401606425703,0.28236607142857145,279,2233,0.24573863636363635,279
6295,89,amr122,babble10,0.0,0.2712884529647793,0.33639705882352944,279,2233,0.31958762886597936,279
6295,89,amr122,babble10,0.01,0.2753619153674833,0.33547794117647056,280,2233,0.31958762886597936,279
6295,89,amr122,babble10,0.05,0.28886039250669043,0.3498134328358209,279,2233,0.3275862068965517,279
6295,89,amr475,babble10,0.0,0.37441614768683273,0.44642857142857145,280,2233,0.41509433962264153,279
6295,89,amr475,babble10,0.01,0.3771685943060498,0.4497767857142857,280,2233,0.4186320754716981,279
6295,89,amr475,babble10,0.05,0.3856205516014235,0.45535714285714285,280,2233,0.42452830188679247,279
6295,89,amr122_g711u,babble10,0.0,0.27716785555060186,0.34191176470588236,279,2233,0.3247422680412371,279
6295,89,amr122_g711u,babble10,0.01,0.28034440481497996,0.34598214285714285,279,2233,0.33762886597938147,279
6295,89,amr122_g711u,babble10,0.05,0.2941651805617477,0.36856617647058826,279,2233,0.3535714285714286,279
6313,90,g711u,clean,0.0,0.022700983227299017,0.0390625,225,1729,0.0390625,225
6313,90,g711u,clean,0.01,0.02909919028340081,0.05113636363636364,225,1729,0.05113636363636364,225
6313,90,g711u,clean,0.05,0.07262145748987854,0.14912280701754385,225,1729,0.14912280701754385,225
6313,90,g711a,clean,0.0,0.021399652978600348,0.03587962962962963,225,1729,0.03587962962962963,225
6313,90,g711a,clean,0.01,0.03148496240601504,0.05787037037037037,225,1729,0.05787037037037037,225
6313,90,g711a,clean,0.05,0.07309138230190862,0.125,225,1729,0.125,225
6313,90,opus16,clean,0.0,0.14264025448235976,0.18346774193548387,225,1729,0.18346774193548387,225
6313,90,opus16,clean,0.01,0.14911075766338924,0.193359375,225,1729,0.193359375,225
6313,90,opus16,clean,0.05,0.17430595720069406,0.22294776119402984,225,1729,0.22294776119402984,225
6313,90,amr122,clean,0.0,0.21938259109311742,0.2855603448275862,225,1729,0.2855603448275862,225
6313,90,amr122,clean,0.01,0.22325043377674958,0.2855603448275862,225,1729,0.2855603448275862,225
6313,90,amr122,clean,0.05,0.238034991324465,0.3081896551724138,225,1729,0.3081896551724138,225
6313,90,amr475,clean,0.0,0.32616396761133604,0.388671875,225,1729,0.388671875,225
6313,90,amr475,clean,0.01,0.32826055523423947,0.388671875,225,1729,0.388671875,225
6313,90,amr475,clean,0.05,0.34116541353383456,0.40625,225,1729,0.40625,225
6313,90,amr122_g711u,clean,0.0,0.2211176980913823,0.28771551724137934,225,1729,0.28771551724137934,225
6313,90,amr122_g711u,clean,0.01,0.22513013302486987,0.28771551724137934,225,1729,0.28771551724137934,225
6313,90,amr122_g711u,clean,0.05,0.24613215731636784,0.3284313725490196,225,1729,0.3284313725490196,225
6313,90,g711u,white20,0.0,0.015963855421686747,0.026988636363636364,69,830,0.026988636363636364,69
6313,90,g711u,white20,0.01,0.02371987951807229,0.07091346153846154,69,830,0.07091346153846154,69
6313,90,g711u,white20,0.05,0.06355421686746988,0.1486111111111111,69,830,0.1486111111111111,69
6313,90,g711a,white20,0.0,0.018674698795180723,0.035,69,830,0.035,69
6313,90,g711a,white20,0.01,0.025602409638554216,0.046875,69,830,0.046875,69
6313,90,g711a,white20,0.05,0.05594879518072289,0.1278409090909091,69,830,0.1278409090909091,69
6313,90,opus16,white20,0.0,0.13599397590361445,0.1747448979591837,69,830,0.1747448979591837,69
6313,90,opus16,white20,0.01,0.1391566265060241,0.17219387755102042,69,830,0.17219387755102042,69
6313,90,opus16,white20,0.05,0.16965361445783134,0.20875,69,830,0.20875,69
6313,90,amr122,white20,0.0,0.20466867469879518,0.24404761904761904,69,830,0.24404761904761904,69
6313,90,amr122,white20,0.01,0.20466867469879518,0.24404761904761904,69,830,0.24404761904761904,69
6313,90,amr122,white20,0.05,0.2275602409638554,0.28061224489795916,69,830,0.28061224489795916,69
6313,90,amr475,white20,0.0,0.3036897590361446,0.34970238095238093,69,830,0.34970238095238093,69
6313,90,amr475,white20,0.01,0.30549698795180724,0.3617021276595745,69,830,0.3617021276595745,69
6313,90,amr475,white20,0.05,0.3104668674698795,0.3445121951219512,69,830,0.3445121951219512,69
6313,90,amr122_g711u,white20,0.0,0.2052710843373494,0.246875,69,830,0.246875,69
6313,90,amr122_g711u,white20,0.01,0.21310240963855423,0.2578125,69,830,0.2578125,69
6313,90,amr122_g711u,white20,0.05,0.23275602409638554,0.28869047619047616,69,830,0.28869047619047616,69
6313,90,g711u,babble10,0.0,0.024053224155578302,0.05357142857142857,266,1954,0.05357142857142857,266
6313,90,g711u,babble10,0.01,0.03528019447287615,0.08163265306122448,266,1954,0.08163265306122448,266
6313,90,g711u,babble10,0.05,0.06160440122824974,0.12620192307692307,266,1954,0.12620192307692307,266
6313,90,g711a,babble10,0.0,0.02229401228249744,0.05229591836734694,266,1954,0.05229591836734694,266
6313,90,g711a,babble10,0.01,0.028787103377686796,0.09216101694915255,266,1954,0.09216101694915255,266
6313,90,g711a,babble10,0.05,0.06710593654042989,0.15159574468085107,266,1954,0.15159574468085107,266
6313,90,opus16,babble10,0.0,0.1476458546571136,0.17513736263736263,266,1954,0.17513736263736263,266
6313,90,opus16,babble10,0.01,0.15337128966223132,0.18309859154929578,266,1954,0.18309859154929578,266
6313,90,opus16,babble10,0.05,0.17761642784032752,0.25637755102040816,266,1954,0.25637755102040816,266
6313,90,amr122,babble10,0.0,0.22284416581371547,0.2806818181818182,266,1954,0.2806818181818182,266
6313,90,amr122,babble10,0.01,0.22850562947799385,0.2806818181818182,266,1954,0.2806818181818182,266
6313,90,amr122,babble10,0.05,0.24357088024564996,0.2988636363636364,266,1954,0.2988636363636364,266
6313,90,amr475,babble10,0.0,0.32846084953940635,0.38006756756756754,266,1954,0.38006756756756754,266
6313,90,amr475,babble10,0.01,0.33105168884339814,0.38006756756756754,266,1954,0.38006756756756754,266
6313,90,amr475,babble10,0.05,0.33876023541453426,0.3873456790123457,266,1954,0.3873456790123457,266
6313,90,amr122_g711u,babble10,0.0,0.22265225179119755,0.28921568627450983,266,1954,0.28921568627450983,266
6313,90,amr122_g711u,babble10,0.01,0.2272901740020471,0.28921568627450983,266,1954,0.28921568627450983,266
6313,90,amr122_g711u,babble10,0.05,0.23944472876151485,0.2895408163265306,266,1954,0.2895408163265306,266
6313,91,g711u,clean,0.0,0.019756610576923076,0.04418103448275862,215,1664,0.04418103448275862,215
6313,91,g711u,clean,0.01,0.025090144230769232,0.07242063492063493,215,1664,0.07242063492063493,215
6313,91,g711u,clean,0.05,0.07354266826923077,0.13468309859154928,215,1664,0.13468309859154928,215
6313,91,g711a,clean,0.0,0.02110877403846154,0.046052631578947366,215,1664,0.046052631578947366,215
6313,91,g711a,clean,0.01,0.02989783653846154,0.0615234375,215,1664,0.0615234375,215
6313,91,g711a,clean,0.05,0.06411508413461539,0.13186813186813187,215,1664,0.13186813186813187,215
6313,91,opus16,clean,0.0,0.14618389423076922,0.18601190476190477,215,1664,0.18601190476190477,215
6313,91,opus16,clean,0.01,0.1526817908653846,0.1875,215,1664,0.1875,215
6313,91,opus16,clean,0.05,0.169921875,0.2252155172413793,215,1664,0.2252155172413793,215
6313,91,amr122,clean,0.0,0.22438401442307693,0.30319148936170215,215,1664,0.30319148936170215,215
6313,91,amr122,clean,0.01,0.2298302283653846,0.2992021276595745,215,1664,0.2992021276595745,215
6313,91,amr122,clean,0.05,0.24361478365384615,0.32180851063829785,215,1664,0.32180851063829785,215
6313,91,amr475,clean,0.0,0.32943960336538464,0.4308510638297872,215,1664,0.4308510638297872,215
6313,91,amr475,clean,0.01,0.33188100961538464,0.43617021276595747,215,1664,0.43617021276595747,215
6313,91,amr475,clean,0.05,0.3454777644230769,0.43617021276595747,215,1664,0.43617021276595747,215
6313,91,amr122_g711u,clean,0.0,0.22562349759615385,0.30851063829787234,215,1664,0.30851063829787234,215
6313,91,amr122_g711u,clean,0.01,0.22904146634615385,0.30851063829787234,215,1664,0.30851063829787234,215
6313,91,amr122_g711u,clean,0.05,0.24368990384615385,0.33111702127659576,215,1664,0.33111702127659576,215
6313,91,g711u,white20,0.0,0.016220238095238097,0.029336734693877552,85,840,0.029336734693877552,85
6313,91,g711u,white20,0.01,0.02686011904761905,0.057180851063829786,85,840,0.057180851063829786,85
6313,91,g711u,white20,0.05,0.06331845238095238,0.11890243902439024,85,840,0.11890243902439024,85
6313,91,g711a,white20,0.0,0.014136904761904762,0.025735294117647058,85,840,0.025735294117647058,85
6313,91,g711a,white20,0.01,0.022470238095238095,0.05654761904761905,85,840,0.05654761904761905,85
6313,91,g711a,white20,0.05,0.05319940476190476,0.10213414634146341,85,840,0.10213414634146341,85
6313,91,opus16,white20,0.0,0.1360863095238095,0.17317708333333334,85,840,0.17317708333333334,85
6313,91,opus16,white20,0.01,0.15119047619047618,0.21875,85,840,0.21875,85
6313,91,opus16,white20,0.05,0.16257440476190477,0.2283653846153846,85,840,0.2283653846153846,85
6313,91,amr122,white20,0.0,0.20610119047619047,0.27163461538461536,85,840,0.27163461538461536,85
6313,91,amr122,white20,0.01,0.20922619047619048,0.27884615384615385,85,840,0.27884615384615385,85
6313,91,amr122,white20,0.05,0.22991071428571427,0.2867647058823529,85,840,0.2867647058823529,85
6313,91,amr475,white20,0.0,0.3011904761904762,0.3606770833333333,85,840,0.3606770833333333,85
6313,91,amr475,white20,0.01,0.3026041666666667,0.3697916666666667,85,840,0.3697916666666667,85
6313,91,amr475,white20,0.05,0.3140625,0.3737980769230769,85,840,0.3737980769230769,85
6313,91,amr122_g711u,white20,0.0,0.20461309523809523,0.26931818181818185,85,840,0.26931818181818185,85
6313,91,amr122_g711u,white20,0.01,0.2103422619047619,0.26931818181818185,85,840,0.26931818181818185,85
6313,91,amr122_g711u,white20,0.05,0.22380952380952382,0.2897727272727273,85,840,0.2897727272727273,85
6313,91,g711u,babble10,0.0,0.033619989165763815,0.09821428571428571,247,1846,0.09821428571428571,247
6313,91,g711u,babble10,0.01,0.039070964247020584,0.10015060240963855,247,1846,0.10015060240963855,247
6313,91,g711u,babble10,0.05,0.07523022751895991,0.14949324324324326,247,1846,0.14949324324324326,247
6313,91,g711a,babble10,0.0,0.031588569880823404,0.08159722222222222,247,1846,0.08159722222222222,247
6313,91,g711a,babble10,0.01,0.037174972914409535,0.09444444444444444,247,1846,0.09444444444444444,247
6313,91,g711a,babble10,0.05,0.06659669555796316,0.16815476190476192,247,1846,0.16815476190476192,247
6313,91,opus16,babble10,0.0,0.16257440476190477,0.20608108108108109,249,1846,0.20608108108108109,247
6313,91,opus16,babble10,0.01,0.1695413961038961,0.21467391304347827,249,1846,0.21467391304347827,247
6313,91,opus16,babble10,0.05,0.19098349567099568,0.25084459459459457,249,1846,0.25084459459459457,247
6313,91,amr122,babble10,0.0,0.24642085359265262,0.3079268292682927,250,1846,0.3078125,247
6313,91,amr122,babble10,0.01,0.24983117233927607,0.31015625,250,1846,0.31015625,247
6313,91,amr122,babble10,0.05,0.26809832522960564,0.34100877192982454,250,1846,0.34100877192982454,247
6313,91,amr475,babble10,0.0,0.3510602377093463,0.41875,250,1846,0.41875,247
6313,91,amr475,babble10,0.01,0.3524783900594273,0.42578125,250,1846,0.42578125,247
6313,91,amr475,babble10,0.05,0.3610210696920583,0.428125,250,1846,0.428125,247
6313,91,amr122_g711u,babble10,0.0,0.2477377093462993,0.3246951219512195,250,1846,0.31328125,247
6313,91,amr122_g711u,babble10,0.01,0.25135062128579144,0.3246951219512195,250,1846,0.31328125,247
6313,91,amr122_g711u,babble10,0.05,0.2725216099405727,0.34100877192982454,250,1846,0.34100877192982454,247
6313,92,g711u,clean,0.0,0.023514530358069538,0.043843283582089554,245,1927,0.043843283582089554,245
6313,92,g711u,clean,0.01,0.030195900363258952,0.05965909090909091,245,1927,0.05965909090909091,245
6313,92,g711u,clean,0.05,0.07031655422937208,0.135625,245,1927,0.135625,245
6313,92,g711a,clean,0.0,0.023838868707836015,0.050724637681159424,245,1927,0.050724637681159424,245
6313,92,g711a,clean,0.01,0.03561235080435911,0.06826923076923076,245,1927,0.06826923076923076,245
6313,92,g711a,clean,0.05,0.06655422937208096,0.125,245,1927,0.125,245
6313,92,opus16,clean,0.0,0.14270887389724962,0.1721698113207547,245,1927,0.1721698113207547,245
6313,92,opus16,clean,0.01,0.14744421380384018,0.18046875,245,1927,0.18046875,245
6313,92,opus16,clean,0.05,0.17426699532952777,0.2137784090909091,245,1927,0.2137784090909091,245
6313,92,amr122,clean,0.0,0.2247340425531915,0.29503676470588236,245,1927,0.29503676470588236,245
6313,92,amr122,clean,0.01,0.22859366891541255,0.29503676470588236,245,1927,0.29503676470588236,245
6313,92,amr122,clean,0.05,0.24704852101712507,0.3086734693877551,245,1927,0.3086734693877551,245
6313,92,amr475,clean,0.0,0.3374740529320187,0.39797794117647056,245,1927,0.39797794117647056,245
6313,92,amr475,clean,0.01,0.3393876491956409,0.39797794117647056,245,1927,0.39797794117647056,245
6313,92,amr475,clean,0.05,0.3493448365334717,0.39981617647058826,245,1927,0.39981617647058826,245
6313,92,amr122_g711u,clean,0.0,0.2250908147379346,0.2867647058823529,245,1927,0.2867647058823529,245
6313,92,amr122_g711u,clean,0.01,0.22693954333160352,0.2867647058823529,245,1927,0.2867647058823529,245
6313,92,amr122_g711u,clean,0.05,0.2489945511157239,0.3278985507246377,245,1927,0.3278985507246377,245
6313,92,g711u,white20,0.0,0.016719745222929936,0.028532608695652172,94,942,0.028532608695652172,94
6313,92,g711u,white20,0.01,0.02899416135881104,0.0578125,94,942,0.0578125,94
6313,92,g711u,white20,0.05,0.0502255838641189,0.12957317073170732,94,942,0.12957317073170732,94
6313,92,g711a,white20,0.0,0.01798036093418259,0.034375,94,942,0.034375,94
6313,92,g711a,white20,0.01,0.02541135881104034,0.07469512195121951,94,942,0.07469512195121951,94
6313,92,g711a,white20,0.05,0.0660828025477707,0.1358695652173913,94,942,0.1358695652173913,94
6313,92,opus16,white20,0.0,0.14225053078556263,0.18125,94,942,0.18125,94
6313,92,opus16,white20,0.01,0.14523619957537154,0.184375,94,942,0.184375,94
6313,92,opus16,white20,0.05,0.17290339702760085,0.22916666666666666,94,942,0.22916666666666666,94
6313,92,amr122,white20,0.0,0.21098726114649682,0.27134146341463417,94,942,0.27134146341463417,94
6313,92,amr122,white20,0.01,0.21695859872611464,0.27134146341463417,94,942,0.27134146341463417,94
6313,92,amr122,white20,0.05,0.23115711252653928,0.2859375,94,942,0.2859375,94
6313,92,amr475,white20,0.0,0.3036093418259023,0.36277173913043476,94,942,0.36277173913043476,94
6313,92,amr475,white20,0.01,0.3072584925690021,0.3736413043478261,94,942,0.3736413043478261,94
6313,92,amr475,white20,0.05,0.3201963906581741,0.360054347826087,94,942,0.360054347826087,94
6313,92,amr122_g711u,white20,0.0,0.21125265392781317,0.2765625,94,942,0.2765625,94
6313,92,amr122_g711u,white20,0.01,0.21344214437367304,0.2765625,94,942,0.2765625,94
6313,92,amr122_g711u,white20,0.05,0.23347929936305734,0.3125,94,942,0.3125,94
6313,92,g711u,babble10,0.0,0.032266391326794014,0.07232142857142858,270,1937,0.07232142857142858,270
6313,92,g711u,babble10,0.01,0.041010583376355186,0.08816964285714286,270,1937,0.08816964285714286,270
6313,92,g711u,babble10,0.05,0.07172818791946309,0.15773809523809523,270,1937,0.15773809523809523,270
6313,92,g711a,babble10,0.0,0.028749354672173464,0.095,270,1937,0.095,270
6313,92,g711a,babble10,0.01,0.03849380485286526,0.10863095238095238,270,1937,0.10863095238095238,270
6313,92,g711a,babble10,0.05,0.07095379452762003,0.14732142857142858,270,1937,0.14732142857142858,270
6313,92,opus16,babble10,0.0,0.1570380854348945,0.21805555555555556,271,1937,0.18211206896551724,270
6313,92,opus16,babble10,0.01,0.16536927431806484,0.24387254901960784,271,1937,0.19661458333333334,270
6313,92,opus16,babble10,0.05,0.18003731343283583,0.2545454545454545,271,1937,0.24027777777777778,270
6313,92,amr122,babble10,0.0,0.2420869788986104,0.30833333333333335,271,1937,0.29097222222222224,270
6313,92,amr122,babble10,0.01,0.24642949047864127,0.3125,271,1937,0.29097222222222224,270
6313,92,amr122,babble10,0.05,0.2624549433573635,0.31527777777777777,271,1937,0.3104166666666667,270
6313,92,amr475,babble10,0.0,0.34604992279979413,0.4013888888888889,271,1937,0.40114795918367346,270
6313,92,amr475,babble10,0.01,0.34891276376737007,0.41440217391304346,271,1937,0.41440217391304346,270
6313,92,amr475,babble10,0.05,0.35898095728255275,0.40816326530612246,271,1937,0.40816326530612246,270
6313,92,amr122_g711u,babble10,0.0,0.2426659804426145,0.32222222222222224,271,1937,0.29285714285714287,270
6313,92,amr122_g711u,babble10,0.01,0.24700849202264538,0.34305555555555556,271,1937,0.30113636363636365,270
6313,92,amr122_g711u,babble10,0.05,0.2608080288214102,0.32894736842105265,271,1937,0.32894736842105265,270
6319,93,g711u,clean,0.0,0.07508228195282501,0.11235955056179775,228,1823,0.11235955056179775,228
6319,93,g711u,clean,0.01,0.08337904552934723,0.12962962962962962,228,1823,0.12962962962962962,228
6319,93,g711u,clean,0.05,0.11632611080636314,0.18503289473684212,228,1823,0.18503289473684212,228
6319,93,g711a,clean,0.0,0.07412232583653319,0.11657303370786516,228,1823,0.11657303370786516,228
6319,93,g711a,clean,0.01,0.08166483817882611,0.13839285714285715,228,1823,0.13839285714285715,228
6319,93,g711a,clean,0.05,0.11906884256719692,0.1911231884057971,228,1823,0.1911231884057971,228
6319,93,opus16,clean,0.0,0.14557048820625343,0.18154761904761904,228,1823,0.18154761904761904,228
6319,93,opus16,clean,0.01,0.15033598464070214,0.1953125,228,1823,0.1953125,228
6319,93,opus16,clean,0.05,0.17958036204059244,0.22734375,228,1823,0.22734375,228
6319,93,amr122,clean,0.0,0.2480115194733955,0.3056506849315068,228,1823,0.3056506849315068,228
6319,93,amr122,clean,0.01,0.25267416346681293,0.3056506849315068,228,1823,0.3056506849315068,228
6319,93,amr122,clean,0.05,0.26553071859572136,0.3229166666666667,228,1823,0.3229166666666667,228
6319,93,amr475,clean,0.0,0.33008776741634666,0.3987341772151899,228,1823,0.3987341772151899,228
6319,93,amr475,clean,0.01,0.3323162369720241,0.3987341772151899,228,1823,0.3987341772151899,228
6319,93,amr475,clean,0.05,0.34034246575342464,0.4026898734177215,228,1823,0.4026898734177215,228
6319,93,amr122_g711u,clean,0.0,0.25548546352166757,0.3244047619047619,228,1823,0.3244047619047619,228
6319,93,amr122_g711u,clean,0.01,0.25891387822270984,0.3244047619047619,228,1823,0.3244047619047619,228
6319,93,amr122_g711u,clean,0.05,0.27458173340647285,0.33242753623188404,228,1823,0.33242753623188404,228
6319,93,g711u,white20,0.0,0.03074789594491201,0.04732142857142857,199,1307,0.04732142857142857,199
6319,93,g711u,white20,0.01,0.03902065799540933,0.08196721311475409,199,1307,0.08196721311475409,199
6319,93,g711u,white20,0.05,0.07187260902830911,0.1421875,199,1307,0.1421875,199
6319,93,g711a,white20,0.0,0.029217674062739098,0.042682926829268296,199,1307,0.042682926829268296,199
6319,93,g711a,white20,0.01,0.03739479724560061,0.08844339622641509,199,1307,0.08844339622641509,199
6319,93,g711a,white20,0.05,0.06785577658760521,0.13517441860465115,199,1307,0.13517441860465115,199
6319,93,opus16,white20,0.0,0.1567999234889059,0.1875,199,1307,0.1875,199
6319,93,opus16,white20,0.01,0.16406847742922723,0.21071428571428572,199,1307,0.21071428571428572,199
6319,93,opus16,white20,0.05,0.18472647283856158,0.24609375,199,1307,0.24609375,199
6319,93,amr122,white20,0.0,0.25105202754399386,0.297554347826087,199,1307,0.297554347826087,199
6319,93,amr122,white20,0.01,0.2539211935730681,0.297554347826087,199,1307,0.297554347826087,199
6319,93,amr122,white20,0.05,0.2729533282325937,0.32971014492753625,199,1307,0.32971014492753625,199
6319,93,amr475,white20,0.0,0.3326319816373374,0.40441176470588236,199,1307,0.40441176470588236,199
6319,93,amr475,white20,0.01,0.33492731446059676,0.40441176470588236,199,1307,0.40441176470588236,199
6319,93,amr475,white20,0.05,0.3443477429227238,0.4108455882352941,199,1307,0.4108455882352941,199
6319,93,amr122_g711u,white20,0.0,0.25215187452180565,0.3,199,1307,0.3,199
6319,93,amr122_g711u,white20,0.01,0.2575076511094109,0.31375,199,1307,0.31375,199
6319,93,amr122_g711u,white20,0.05,0.27979150726855395,0.3482142857142857,199,1307,0.3482142857142857,199
6319,93,g711u,babble10,0.0,0.04431497175141243,0.0875,278,2124,0.0875,278
6319,93,g711u,babble10,0.01,0.05052377589453861,0.10089285714285715,278,2124,0.10089285714285715,278
6319,93,g711u,babble10,0.05,0.07971398305084745,0.14870689655172414,278,2124,0.14870689655172414,278
6319,93,g711a,babble10,0.0,0.042490583804143126,0.0860655737704918,278,2124,0.0860655737704918,278
6319,93,g711a,babble10,0.01,0.05534957627118644,0.12704918032786885,278,2124,0.12704918032786885,278
6319,93,g711a,babble10,0.05,0.08383356873822975,0.1570945945945946,278,2124,0.1570945945945946,278
6319,93,opus16,babble10,0.0,0.1587511770244821,0.19778481012658228,278,2124,0.19778481012658228,278
6319,93,opus16,babble10,0.01,0.16148775894538606,0.2097457627118644,278,2124,0.2097457627118644,278
6319,93,opus16,babble10,0.05,0.1891478342749529,0.2568359375,278,2124,0.2568359375,278
6319,93,amr122,babble10,0.0,0.24914705882352942,0.291044776119403,278,2124,0.291044776119403,278
6319,93,amr122,babble10,0.01,0.25458823529411767,0.2932692307692308,278,2124,0.2932692307692308,278
6319,93,amr122,babble10,0.05,0.2686470588235294,0.31125,278,2124,0.31125,278
6319,93,amr475,babble10,0.0,0.34358823529411764,0.40896739130434784,278,2124,0.4015151515151515,278
6319,93,amr475,babble10,0.01,0.3447058823529412,0.41356382978723405,278,2124,0.4067796610169492,278
6319,93,amr475,babble10,0.05,0.353,0.40896739130434784,278,2124,0.4019396551724138,278
6319,93,amr122_g711u,babble10,0.0,0.2503235294117647,0.3144230769230769,278,2124,0.3144230769230769,278
6319,93,amr122_g711u,babble10,0.01,0.2551470588235294,0.3144230769230769,278,2124,0.3144230769230769,278
6319,93,amr122_g711u,babble10,0.05,0.27,0.3263888888888889,278,2124,0.3263888888888889,278
6319,94,g711u,clean,0.0,0.07382877858337981,0.11764705882352941,234,1793,0.11764705882352941,234
6319,94,g711u,clean,0.01,0.08282208588957055,0.13173076923076923,234,1793,0.13173076923076923,234
6319,94,g711u,clean,0.05,0.11311349693251534,0.17,234,1793,0.17,234
6319,94,g711a,clean,0.0,0.07278304517568321,0.11607142857142858,234,1793,0.11607142857142858,234
6319,94,g711a,clean,0.01,0.08310094813162298,0.18218085106382978,234,1793,0.18218085106382978,234
6319,94,g711a,clean,0.05,0.11883017289459007,0.17394578313253012,234,1793,0.17394578313253012,234
6319,94,opus16,clean,0.0,0.14493865030674846,0.171875,234,1793,0.171875,234
6319,94,opus16,clean,0.01,0.150202175125488,0.18115942028985507,234,1793,0.18115942028985507,234
6319,94,opus16,clean,0.05,0.1736266034578918,0.22560975609756098,234,1793,0.22560975609756098,234
6319,94,amr122,clean,0.0,0.2547058003346347,0.3204787234042553,234,1793,0.3204787234042553,234
6319,94,amr122,clean,0.01,0.25756413831567204,0.31648936170212766,234,1793,0.31648936170212766,234
6319,94,amr122,clean,0.05,0.2776770775237033,0.33274647887323944,234,1793,0.33274647887323944,234
6319,94,amr475,clean,0.0,0.341606246514222,0.4024390243902439,234,1793,0.4024390243902439,234
6319,94,amr475,clean,0.01,0.34401143335192413,0.4024390243902439,234,1793,0.4024390243902439,234
6319,94,amr475,clean,0.05,0.3572225320691578,0.4298780487804878,234,1793,0.4298780487804878,234
6319,94,amr122_g711u,clean,0.0,0.26233965421081984,0.32978723404255317,234,1793,0.32978723404255317,234
6319,94,amr122_g711u,clean,0.01,0.26645287228109316,0.32978723404255317,234,1793,0.32978723404255317,234
6319,94,amr122_g711u,clean,0.05,0.28471834913552707,0.3723404255319149,234,1793,0.3723404255319149,234
6319,94,g711u,white20,0.0,0.031927710843373494,0.058423913043478264,199,1245,0.058423913043478264,199
6319,94,g711u,white20,0.01,0.043674698795180725,0.09375,199,1245,0.09375,199
6319,94,g711u,white20,0.05,0.08278112449799196,0.17892156862745098,199,1245,0.17892156862745098,199
6319,94,g711a,white20,0.0,0.029769076305220885,0.04567307692307692,199,1245,0.04567307692307692,199
6319,94,g711a,white20,0.01,0.03815261044176707,0.06770833333333333,199,1245,0.06770833333333333,199
6319,94,g711a,white20,0.05,0.0660140562248996,0.13241525423728814,199,1245,0.13241525423728814,199
6319,94,opus16,white20,0.0,0.15727911646586346,0.18636363636363637,199,1245,0.18636363636363637,199
6319,94,opus16,white20,0.01,0.16541164658634538,0.2034090909090909,199,1245,0.2034090909090909,199
6319,94,opus16,white20,0.05,0.1860441767068273,0.25271739130434784,199,1245,0.25271739130434784,199
6319,94,amr122,white20,0.0,0.2636044176706827,0.3125,199,1245,0.3125,199
6319,94,amr122,white20,0.01,0.26621485943775103,0.32395833333333335,199,1245,0.32395833333333335,199
6319,94,amr122,white20,0.05,0.28519076305220886,0.3392857142857143,199,1245,0.3392857142857143,199
6319,94,amr475,white20,0.0,0.3437751004016064,0.41310975609756095,199,1245,0.41310975609756095,199
6319,94,amr475,white20,0.01,0.34794176706827307,0.41310975609756095,199,1245,0.41310975609756095,199
6319,94,amr475,white20,0.05,0.35532128514056227,0.4247881355932203,199,1245,0.4247881355932203,199
6319,94,amr122_g711u,white20,0.0,0.2669176706827309,0.3177083333333333,199,1245,0.3177083333333333,199
6319,94,amr122_g711u,white20,0.01,0.2704819277108434,0.32065217391304346,199,1245,0.32065217391304346,199
6319,94,amr122_g711u,white20,0.05,0.2893574297188755,0.340625,199,1245,0.340625,199
6319,94,g711u,babble10,0.0,0.047747536367902396,0.0810546875,285,2131,0.0810546875,285
6319,94,g711u,babble10,0.01,0.05795401220084467,0.09438775510204081,285,2131,0.09438775510204081,285
6319,94,g711u,babble10,0.05,0.08863209760675739,0.16796875,285,2131,0.16796875,285
6319,94,g711a,babble10,0.0,0.04487329892069451,0.07875,285,2131,0.07875,285
6319,94,g711a,babble10,0.01,0.05299741905208822,0.10714285714285714,285,2131,0.10714285714285714,285
6319,94,g711a,babble10,0.05,0.08807484748944158,0.1686046511627907,285,2131,0.1686046511627907,285
6319,94,opus16,babble10,0.0,0.15302532833020638,0.2015625,285,2131,0.2015625,285
6319,94,opus16,babble10,0.01,0.15929878048780488,0.215625,285,2131,0.215625,285
6319,94,opus16,babble10,0.05,0.183952861163227,0.24131944444444445,285,2131,0.24131944444444445,285
6319,94,amr122,babble10,0.0,0.24844629455909945,0.28804347826086957,285,2131,0.28804347826086957,285
6319,94,amr122,babble10,0.01,0.2509087711069418,0.28804347826086957,285,2131,0.28804347826086957,285
6319,94,amr122,babble10,0.05,0.269641181988743,0.31097560975609756,285,2131,0.31097560975609756,285
6319,94,amr475,babble10,0.0,0.3418738273921201,0.39680232558139533,285,2131,0.39680232558139533,285
6319,94,amr475,babble10,0.01,0.3428705440900563,0.39680232558139533,285,2131,0.39680232558139533,285
6319,94,amr475,babble10,0.05,0.35114861697140176,0.42005813953488375,285,2131,0.42005813953488375,285
6319,94,amr122_g711u,babble10,0.0,0.2535764540337711,0.29197761194029853,285,2131,0.29197761194029853,285
6319,94,amr122_g711u,babble10,0.01,0.25685975609756095,0.2971938775510204,285,2131,0.2971938775510204,285
6319,94,amr122_g711u,babble10,0.05,0.2739798311444653,0.328125,285,2131,0.328125,285
6319,95,g711u,clean,0.0,0.07656341320864991,0.13480392156862744,215,1711,0.13480392156862744,215
6319,95,g711u,clean,0.01,0.08416130917592052,0.1381048387096774,215,1711,0.1381048387096774,215
6319,95,g711u,clean,0.05,0.10929281122150789,0.1800595238095238,215,1711,0.1800595238095238,215
6319,95,g711a,clean,0.0,0.07630771478667446,0.13112745098039216,215,1711,0.13112745098039216,215
6319,95,g711a,clean,0.01,0.08576855639976622,0.15691489361702127,215,1711,0.15691489361702127,215
6319,95,g711a,clean,0.05,0.1162697253068381,0.24867021276595744,215,1711,0.24867021276595744,215
6319,95,opus16,clean,0.0,0.14706312098188193,0.17447916666666666,215,1711,0.17447916666666666,215
6319,95,opus16,clean,0.01,0.15422267679719462,0.19455645161290322,215,1711,0.19455645161290322,215
6319,95,opus16,clean,0.05,0.1837741087083577,0.25,215,1711,0.25,215
6319,95,amr122,clean,0.0,0.25361630625365283,0.3098404255319149,215,1711,0.3098404255319149,215
6319,95,amr122,clean,0.01,0.25620981881940386,0.3098404255319149,215,1711,0.3098404255319149,215
6319,95,amr122,clean,0.05,0.27900350672121565,0.3359375,215,1711,0.3359375,215
6319,95,amr475,clean,0.0,0.3353667445938048,0.38706140350877194,215,1711,0.38706140350877194,215
6319,95,amr475,clean,0.01,0.33649912331969606,0.38706140350877194,215,1711,0.38706140350877194,215
6319,95,amr475,clean,0.05,0.3514026884862653,0.40261627906976744,215,1711,0.40261627906976744,215
6319,95,amr122_g711u,clean,0.0,0.2597895967270602,0.32193396226415094,215,1711,0.32193396226415094,215
6319,95,amr122_g711u,clean,0.01,0.26329631794272357,0.32193396226415094,215,1711,0.32193396226415094,215
6319,95,amr122_g711u,clean,0.05,0.2846654003506721,0.3882978723404255,215,1711,0.3882978723404255,215
6319,95,g711u,white20,0.0,0.03357903357903358,0.05048076923076923,180,1221,0.05048076923076923,180
6319,95,g711u,white20,0.01,0.043714168714168715,0.07692307692307693,180,1221,0.07692307692307693,180
6319,95,g711u,white20,0.05,0.07222563472563473,0.14182692307692307,180,1221,0.14182692307692307,180
6319,95,g711a,white20,0.0,0.03066134316134316,0.046875,180,1221,0.046875,180
6319,95,g711a,white20,0.01,0.03900491400491401,0.08455882352941177,180,1221,0.08455882352941177,180
6319,95,g711a,white20,0.05,0.06966625716625717,0.14130434782608695,180,1221,0.14130434782608695,180
6319,95,opus16,white20,0.0,0.15105446355446356,0.19345238095238096,180,1221,0.19345238095238096,180
6319,95,opus16,white20,0.01,0.15852784602784603,0.22321428571428573,180,1221,0.22321428571428573,180
6319,95,opus16,white20,0.05,0.17915642915642915,0.2608695652173913,180,1221,0.2608695652173913,180
6319,95,amr122,white20,0.0,0.2632063882063882,0.321875,180,1221,0.321875,180
6319,95,amr122,white20,0.01,0.2668918918918919,0.3203125,180,1221,0.3203125,180
6319,95,amr122,white20,0.05,0.2861895986895987,0.36625,180,1221,0.36625,180
6319,95,amr475,white20,0.0,0.34474815724815727,0.3893229166666667,180,1221,0.3893229166666667,180
6319,95,amr475,white20,0.01,0.34874078624078625,0.3984375,180,1221,0.3984375,180
6319,95,amr475,white20,0.05,0.35544635544635544,0.40131578947368424,180,1221,0.40131578947368424,180
6319,95,amr122_g711u,white20,0.0,0.269041769041769,0.3175,180,1221,0.3175,180
6319,95,amr122_g711u,white20,0.01,0.27267608517608516,0.3275,180,1221,0.3275,180
6319,95,amr122_g711u,white20,0.05,0.2881859131859132,0.3354591836734694,180,1221,0.3354591836734694,180
6319,95,g711u,babble10,0.0,0.04403973509933775,0.09519230769230769,290,2265,0.09519230769230769,290
6319,95,g711u,babble10,0.01,0.04969646799116998,0.09519230769230769,290,2265,0.09519230769230769,290
6319,95,g711u,babble10,0.05,0.0819812362030905,0.13157894736842105,290,2265,0.13157894736842105,290
6319,95,g711a,babble10,0.0,0.04241169977924945,0.09326923076923077,290,2265,0.09326923076923077,290
6319,95,g711a,babble10,0.01,0.05333885209713024,0.0984375,290,2265,0.0984375,290
6319,95,g711a,babble10,0.05,0.07535871964679912,0.14191176470588235,290,2265,0.14191176470588235,290
6319,95,opus16,babble10,0.0,0.15171081677704193,0.17481884057971014,290,2265,0.17481884057971014,290
6319,95,opus16,babble10,0.01,0.15847130242825608,0.19278169014084506,290,2265,0.19278169014084506,290
6319,95,opus16,babble10,0.05,0.1859823399558499,0.24281609195402298,290,2265,0.24281609195402298,290
6319,95,amr122,babble10,0.0,0.2458609271523179,0.28718354430379744,290,2265,0.28718354430379744,290
6319,95,amr122,babble10,0.01,0.2513520971302428,0.29732142857142857,290,2265,0.29732142857142857,290
6319,95,amr122,babble10,0.05,0.26404525386313465,0.31176470588235294,290,2265,0.31176470588235294,290
6319,95,amr475,babble10,0.0,0.3401766004415011,0.39087301587301587,290,2265,0.39087301587301587,290
6319,95,amr475,babble10,0.01,0.34357064017660044,0.39087301587301587,290,2265,0.39087301587301587,290
6319,95,amr475,babble10,0.05,0.3529801324503311,0.39861111111111114,290,2265,0.39861111111111114,290
6319,95,amr122_g711u,babble10,0.0,0.24914459161147903,0.29191176470588237,290,2265,0.29191176470588237,290
6319,95,amr122_g711u,babble10,0.01,0.2534492273730684,0.2977941176470588,290,2265,0.2977941176470588,290
6319,95,amr122_g711u,babble10,0.05,0.2671909492273731,0.30865384615384617,290,2265,0.30865384615384617,290
6345,96,g711u,clean,0.0,0.056264092446448706,0.10054347826086957,222,1774,0.10054347826086957,222
6345,96,g711u,clean,0.01,0.06785512965050733,0.15625,222,1774,0.15625,222
6345,96,g711u,clean,0.05,0.09427846674182638,0.16477272727272727,222,1774,0.16477272727272727,222
6345,96,g711a,clean,0.0,0.05400930101465615,0.08541666666666667,222,1774,0.08541666666666667,222
6345,96,g711a,clean,0.01,0.06288754227733935,0.109375,222,1774,0.109375,222
6345,96,g711a,clean,0.05,0.09611048478015784,0.16396103896103897,222,1774,0.16396103896103897,222
6345,96,opus16,clean,0.0,0.1506130214205186,0.1903409090909091,222,1774,0.1903409090909091,222
6345,96,opus16,clean,0.01,0.15938556933483652,0.19176136363636365,222,1774,0.19176136363636365,222
6345,96,opus16,clean,0.05,0.18686583990980835,0.2372159090909091,222,1774,0.2372159090909091,222
6345,96,amr122,clean,0.0,0.24355270574971816,0.2741477272727273,222,1774,0.2741477272727273,222
6345,96,amr122,clean,0.01,0.24961245772266066,0.2891666666666667,222,1774,0.2891666666666667,222
6345,96,amr122,clean,0.05,0.26994081172491546,0.3252840909090909,222,1774,0.3252840909090909,222
6345,96,amr475,clean,0.0,0.3502325253664036,0.39365671641791045,222,1774,0.39365671641791045,222
6345,96,amr475,clean,0.01,0.35326240135287484,0.40205223880597013,222,1774,0.40205223880597013,222
6345,96,amr475,clean,0.05,0.36295774647887324,0.40298507462686567,222,1774,0.40298507462686567,222
6345,96,amr122_g711u,clean,0.0,0.24763951521984218,0.2840909090909091,222,1774,0.2840909090909091,222
6345,96,amr122_g711u,clean,0.01,0.2515501691093574,0.29483695652173914,222,1774,0.29483695652173914,222
6345,96,amr122_g711u,clean,0.05,0.2703988162344983,0.32051282051282054,222,1774,0.32051282051282054,222
6345,96,g711u,white20,0.0,0.029943885448916407,0.04420731707317073,206,1292,0.04420731707317073,206
6345,96,g711u,white20,0.01,0.03768382352941176,0.09298780487804878,206,1292,0.09298780487804878,206
6345,96,g711u,white20,0.05,0.06433823529411764,0.15701219512195122,206,1292,0.15701219512195122,206
6345,96,g711a,white20,0.0,0.026122291021671826,0.042045454545454546,206,1292,0.042045454545454546,206
6345,96,g711a,white20,0.01,0.03836106811145511,0.08163265306122448,206,1292,0.08163265306122448,206
6345,96,g711a,white20,0.05,0.07972136222910217,0.16183035714285715,206,1292,0.16183035714285715,206
6345,96,opus16,white20,0.0,0.16597329721362228,0.19642857142857142,206,1292,0.19642857142857142,206
6345,96,opus16,white20,0.01,0.17274574303405574,0.19915254237288135,206,1292,0.19915254237288135,206
6345,96,opus16,white20,0.05,0.194562693498452,0.2601744186046512,206,1292,0.2601744186046512,206
6345,96,amr122,white20,0.0,0.25938467492260064,0.3026315789473684,206,1292,0.3026315789473684,206
6345,96,amr122,white20,0.01,0.26267414860681115,0.3026315789473684,206,1292,0.3026315789473684,206
6345,96,amr122,white20,0.05,0.2812016253869969,0.32172131147540983,206,1292,0.32172131147540983,206
6345,96,amr475,white20,0.0,0.35835913312693496,0.4203125,206,1292,0.4203125,206
6345,96,amr475,white20,0.01,0.3606327399380805,0.43125,206,1292,0.43125,206
6345,96,amr475,white20,0.05,0.36856617647058826,0.4234375,206,1292,0.4234375,206
6345,96,amr122_g711u,white20,0.0,0.26001354489164086,0.30480769230769234,206,1292,0.30480769230769234,206
6345,96,amr122_g711u,white20,0.01,0.2651896284829721,0.31153846153846154,206,1292,0.31153846153846154,206
6345,96,amr122_g711u,white20,0.05,0.2823142414860681,0.35171568627450983,206,1292,0.35171568627450983,206
6345,96,g711u,babble10,0.0,0.034768016957136126,0.0673076923076923,282,2123,0.0673076923076923,282
6345,96,g711u,babble10,0.01,0.045454545454545456,0.08139534883720931,282,2123,0.08139534883720931,282
6345,96,g711u,babble10,0.05,0.08036975977390486,0.17387820512820512,282,2123,0.17387820512820512,282
6345,96,g711a,babble10,0.0,0.033089967027790865,0.05875,282,2123,0.05875,282
6345,96,g711a,babble10,0.01,0.04342322185586434,0.08139534883720931,282,2123,0.08139534883720931,282
6345,96,g711a,babble10,0.05,0.08025200188412623,0.15625,282,2123,0.15625,282
6345,96,opus16,babble10,0.0,0.15703014601978332,0.19807692307692307,282,2123,0.19807692307692307,282
6345,96,opus16,babble10,0.01,0.16179934055581724,0.2002551020408163,282,2123,0.2002551020408163,282
6345,96,opus16,babble10,0.05,0.18620466321243523,0.23977272727272728,282,2123,0.23977272727272728,282
6345,96,amr122,babble10,0.0,0.24478921337729628,0.2883928571428571,282,2123,0.2883928571428571,282
6345,96,amr122,babble10,0.01,0.2487341026848799,0.3053977272727273,282,2123,0.3053977272727273,282
6345,96,amr122,babble10,0.05,0.2666333019312294,0.31746031746031744,282,2123,0.31746031746031744,282
6345,96,amr475,babble10,0.0,0.34915214319359394,0.3933189655172414,282,2123,0.3933189655172414,282
6345,96,amr475,babble10,0.01,0.35262600094206314,0.3969155844155844,282,2123,0.3969155844155844,282
6345,96,amr475,babble10,0.05,0.3583078191238813,0.4,282,2123,0.4,282
6345,96,amr122_g711u,babble10,0.0,0.24658502119642017,0.2902542372881356,282,2123,0.2902542372881356,282
6345,96,amr122_g711u,babble10,0.01,0.2491756947715497,0.3072033898305085,282,2123,0.3072033898305085,282
6345,96,amr122_g711u,babble10,0.05,0.2664272256241168,0.31676136363636365,282,2123,0.31676136363636365,282
6345,97,g711u,clean,0.0,0.051010762070971494,0.09566326530612244,213,1719,0.09566326530612244,213
6345,97,g711u,clean,0.01,0.057773414776032574,0.10515873015873016,213,1719,0.10515873015873016,213
6345,97,g711u,clean,0.05,0.0972585805700989,0.1534090909090909,213,1719,0.1534090909090909,213
6345,97,g711a,clean,0.0,0.05111983711460151,0.08409090909090909,213,1719,0.08409090909090909,213
6345,97,g711a,clean,0.01,0.05926410703897615,0.1056985294117647,213,1719,0.1056985294117647,213
6345,97,g711a,clean,0.05,0.09911285631180919,0.1702127659574468,213,1719,0.1702127659574468,213
6345,97,opus16,clean,0.0,0.15125072716695753,0.1951530612244898,213,1719,0.1951530612244898,213
6345,97,opus16,clean,0.01,0.15877690517742873,0.2375,213,1719,0.2375,213
6345,97,opus16,clean,0.05,0.1810282140779523,0.22321428571428573,213,1719,0.22321428571428573,213
6345,97,amr122,clean,0.0,0.24203752181500873,0.3,213,1719,0.3,213
6345,97,amr122,clean,0.01,0.24781849912739964,0.3019230769230769,213,1719,0.3019230769230769,213
6345,97,amr122,clean,0.05,0.2638525305410122,0.3269230769230769,213,1719,0.3269230769230769,213
6345,97,amr475,clean,0.0,0.3462405468295521,0.4079861111111111,213,1719,0.4079861111111111,213
6345,97,amr475,clean,0.01,0.34969458987783597,0.4115384615384615,213,1719,0.4115384615384615,213
6345,97,amr475,clean,0.05,0.35925683536940084,0.4088541666666667,213,1719,0.4088541666666667,213
6345,97,amr122_g711u,clean,0.0,0.24730948225712623,0.3137254901960784,213,1719,0.3137254901960784,213
6345,97,amr122_g711u,clean,0.01,0.2534176847004072,0.3137254901960784,213,1719,0.3137254901960784,213
6345,97,amr122_g711u,clean,0.05,0.2662158231529959,0.3346153846153846,213,1719,0.3346153846153846,213
6345,97,g711u,white20,0.0,0.029411764705882353,0.05298913043478261,178,1207,0.05298913043478261,178
6345,97,g711u,white20,0.01,0.03655758077879039,0.085,178,1207,0.085,178
6345,97,g711u,white20,0.05,0.07042253521126761,0.15306122448979592,178,1207,0.15306122448979592,178
6345,97,g711a,white20,0.0,0.027340513670256836,0.04,178,1207,0.04,178
6345,97,g711a,white20,0.01,0.03935376967688484,0.08194444444444444,178,1207,0.08194444444444444,178
6345,97,g711a,white20,0.05,0.0781897265948633,0.14174107142857142,178,1207,0.14174107142857142,178
6345,97,opus16,white20,0.0,0.1565347970173985,0.1933139534883721,178,1207,0.1933139534883721,178
6345,97,opus16,white20,0.01,0.16538939519469759,0.20436507936507936,178,1207,0.20436507936507936,178
6345,97,opus16,white20,0.05,0.18377174813587407,0.2425,178,1207,0.2425,178
6345,97,amr122,white20,0.0,0.25403893951946976,0.310546875,178,1207,0.310546875,178
6345,97,amr122,white20,0.01,0.25719759734879866,0.310546875,178,1207,0.310546875,178
6345,97,amr122,white20,0.05,0.27666735708367857,0.33430232558139533,178,1207,0.33430232558139533,178
6345,97,amr475,white20,0.0,0.34434548467274234,0.40625,178,1207,0.40625,178
6345,97,amr475,white20,0.01,0.3475559237779619,0.4076492537313433,178,1207,0.4076492537313433,178
6345,97,amr475,white20,0.05,0.35817108533554265,0.41782407407407407,178,1207,0.41782407407407407,178
6345,97,amr122_g711u,white20,0.0,0.25761184755592376,0.32848837209302323,178,1207,0.32848837209302323,178
6345,97,amr122_g711u,white20,0.01,0.2631006628003314,0.32848837209302323,178,1207,0.32848837209302323,178
6345,97,amr122_g711u,white20,0.05,0.2762013256006628,0.3595505617977528,178,1207,0.3595505617977528,178
6345,97,g711u,babble10,0.0,0.030545563549160673,0.05067567567567568,276,2085,0.05067567567567568,276
6345,97,g711u,babble10,0.01,0.038339328537170266,0.07665094339622641,276,2085,0.07665094339622641,276
6345,97,g711u,babble10,0.05,0.08165467625899281,0.1382042253521127,276,2085,0.1382042253521127,276
6345,97,g711a,babble10,0.0,0.02787769784172662,0.0515625,276,2085,0.0515625,276
6345,97,g711a,babble10,0.01,0.03579136690647482,0.0796875,276,2085,0.0796875,276
6345,97,g711a,babble10,0.05,0.07401079136690647,0.1328125,276,2085,0.1328125,276
6345,97,opus16,babble10,0.0,0.14919064748201438,0.18342391304347827,276,2085,0.18342391304347827,276
6345,97,opus16,babble10,0.01,0.15383693045563548,0.18342391304347827,276,2085,0.18342391304347827,276
6345,97,opus16,babble10,0.05,0.1792865707434053,0.2439516129032258,276,2085,0.2439516129032258,276
6345,97,amr122,babble10,0.0,0.23024580335731415,0.2953125,276,2085,0.2953125,276
6345,97,amr122,babble10,0.01,0.23513189448441246,0.2953125,276,2085,0.2953125,276
6345,97,amr122,babble10,0.05,0.254226618705036,0.30434782608695654,276,2085,0.30434782608695654,276
6345,97,amr475,babble10,0.0,0.3324640287769784,0.375,276,2085,0.375,276
6345,97,amr475,babble10,0.01,0.3348021582733813,0.38088235294117645,276,2085,0.38088235294117645,276
6345,97,amr475,babble10,0.05,0.34613309352517985,0.403125,276,2085,0.403125,276
6345,97,amr122_g711u,babble10,0.0,0.23243405275779377,0.2828125,276,2085,0.2828125,276
6345,97,amr122_g711u,babble10,0.01,0.23935851318944845,0.2845744680851064,276,2085,0.2845744680851064,276
6345,97,amr122_g711u,babble10,0.05,0.2511390887290168,0.3015625,276,2085,0.3015625,276
6345,98,g711u,clean,0.0,0.055933718371837186,0.08626760563380281,224,1818,0.08626760563380281,224
6345,98,g711u,clean,0.01,0.06720984598459846,0.11795774647887323,224,1818,0.11795774647887323,224
6345,98,g711u,clean,0.05,0.09753162816281628,0.1449652777777778,224,1818,0.1449652777777778,224
6345,98,g711a,clean,0.0,0.055074257425742575,0.11355633802816902,224,1818,0.11355633802816902,224
6345,98,g711a,clean,0.01,0.06260313531353136,0.12390350877192982,224,1818,0.12390350877192982,224
6345,98,g711a,clean,0.05,0.10151952695269527,0.16805555555555557,224,1818,0.16805555555555557,224
6345,98,opus16,clean,0.0,0.14538641364136415,0.17877906976744187,224,1818,0.17877906976744187,224
6345,98,opus16,clean,0.01,0.15126512651265125,0.19583333333333333,224,1818,0.19583333333333333,224
6345,98,opus16,clean,0.05,0.1747799779977998,0.21955128205128205,224,1818,0.21955128205128205,224
6345,98,amr122,clean,0.0,0.24474009900990099,0.2861328125,224,1818,0.2861328125,224
6345,98,amr122,clean,0.01,0.24865924092409242,0.2998046875,224,1818,0.2998046875,224
6345,98,amr122,clean,0.05,0.2684268426842684,0.3359375,224,1818,0.3359375,224
6345,98,amr475,clean,0.0,0.345503300330033,0.38392857142857145,224,1818,0.38392857142857145,224
6345,98,amr475,clean,0.01,0.3495599559955996,0.3968253968253968,224,1818,0.3968253968253968,224
6345,98,amr475,clean,0.05,0.35647002200220024,0.4028846153846154,224,1818,0.4028846153846154,224
6345,98,amr122_g711u,clean,0.0,0.24828107810781078,0.29536290322580644,224,1818,0.29536290322580644,224
6345,98,amr122_g711u,clean,0.01,0.25299092409240925,0.31149193548387094,224,1818,0.31149193548387094,224
6345,98,amr122_g711u,clean,0.05,0.2747524752475248,0.3411458333333333,224,1818,0.3411458333333333,224
6345,98,g711u,white20,0.0,0.03055783429040197,0.046511627906976744,190,1219,0.046511627906976744,190
6345,98,g711u,white20,0.01,0.03460828547990156,0.08928571428571429,190,1219,0.08928571428571429,190
6345,98,g711u,white20,0.05,0.07762510254306809,0.16158536585365854,190,1219,0.16158536585365854,190
6345,98,g711a,white20,0.0,0.02973748974569319,0.04941860465116279,190,1219,0.04941860465116279,190
6345,98,g711a,white20,0.01,0.03968416735028712,0.1002906976744186,190,1219,0.1002906976744186,190
6345,98,g711a,white20,0.05,0.06844749794913864,0.1515625,190,1219,0.1515625,190
6345,98,opus16,white20,0.0,0.154532403609516,0.19270833333333334,190,1219,0.19270833333333334,190
6345,98,opus16,white20,0.01,0.162428219852338,0.2203125,190,1219,0.2203125,190
6345,98,opus16,white20,0.05,0.18652584085315832,0.2388888888888889,190,1219,0.2388888888888889,190
6345,98,amr122,white20,0.0,0.24953855619360132,0.3094512195121951,190,1219,0.3094512195121951,190
6345,98,amr122,white20,0.01,0.2504101722723544,0.3094512195121951,190,1219,0.3094512195121951,190
6345,98,amr122,white20,0.05,0.27317473338802295,0.3567073170731707,190,1219,0.3567073170731707,190
6345,98,amr475,white20,0.0,0.35474774405250203,0.4044811320754717,190,1219,0.4044811320754717,190
6345,98,amr475,white20,0.01,0.3580803937653815,0.4044811320754717,190,1219,0.4044811320754717,190
6345,98,amr475,white20,0.05,0.36566858080393766,0.42916666666666664,190,1219,0.42916666666666664,190
6345,98,amr122_g711u,white20,0.0,0.2514868744872847,0.3094512195121951,190,1219,0.3094512195121951,190
6345,98,amr122_g711u,white20,0.01,0.2561525840853158,0.3094512195121951,190,1219,0.3094512195121951,190
6345,98,amr122_g711u,white20,0.05,0.2683039376538146,0.3445121951219512,190,1219,0.3445121951219512,190
6345,98,g711u,babble10,0.0,0.034408671113391485,0.09283088235294118,253,1949,0.09283088235294118,253
6345,98,g711u,babble10,0.01,0.04123909697280657,0.09466911764705882,253,1949,0.09466911764705882,253
6345,98,g711u,babble10,0.05,0.07577603899435607,0.16268382352941177,253,1949,0.16268382352941177,253
6345,98,g711a,babble10,0.0,0.032388404309902516,0.08731617647058823,253,1949,0.08731617647058823,253
6345,98,g711a,babble10,0.01,0.03918676244227809,0.09475806451612903,253,1949,0.09475806451612903,253
6345,98,g711a,babble10,0.05,0.06881734222678297,0.16727941176470587,253,1949,0.16727941176470587,253
6345,98,opus16,babble10,0.0,0.15754608294930875,0.20065789473684212,253,1949,0.1875,253
6345,98,opus16,babble10,0.01,0.1633704557091654,0.20065789473684212,253,1949,0.1981907894736842,253
6345,98,opus16,babble10,0.05,0.188300051203277,0.26339285714285715,253,1949,0.24558823529411763,253
6345,98,amr122,babble10,0.0,0.23180015353121802,0.28125,253,1949,0.27884615384615385,253
6345,98,amr122,babble10,0.01,0.23573439099283522,0.2847222222222222,253,1949,0.2847222222222222,253
6345,98,amr122,babble10,0.05,0.2545280612244898,0.37101063829787234,254,1949,0.3037109375,253
6345,98,amr475,babble10,0.0,0.3429544297352342,0.46075581395348836,255,1949,0.4009433962264151,253
6345,98,amr475,babble10,0.01,0.3455152671755725,0.47301136363636365,257,1949,0.4009433962264151,253
6345,98,amr475,babble10,0.05,0.35381572230729963,0.44598765432098764,254,1949,0.4233490566037736,253
6345,98,amr122_g711u,babble10,0.0,0.23376664959016394,0.2824074074074074,253,1949,0.2824074074074074,253
6345,98,amr122_g711u,babble10,0.01,0.23847926267281105,0.29796511627906974,253,1949,0.29796511627906974,253
6345,98,amr122_g711u,babble10,0.05,0.2538101946721312,0.30671296296296297,253,1949,0.30671296296296297,253
652,99,g711u,clean,0.0,0.07254799040191962,0.10416666666666667,205,1667,0.10416666666666667,205
652,99,g711u,clean,0.01,0.08334583083383323,0.1256377551020408,205,1667,0.1256377551020408,205
652,99,g711u,clean,0.05,0.10550389922015597,0.15808823529411764,205,1667,0.15808823529411764,205
652,99,g711a,clean,0.0,0.06699910017996401,0.09803921568627451,205,1667,0.09803921568627451,205
652,99,g711a,clean,0.01,0.07254799040191962,0.12268518518518519,205,1667,0.12268518518518519,205
652,99,g711a,clean,0.05,0.10362927414517097,0.17219387755102042,205,1667,0.17219387755102042,205
652,99,opus16,clean,0.0,0.16334973166368516,0.2425595238095238,207,1667,0.18504901960784315,205
652,99,opus16,clean,0.01,0.1689773404889684,0.2425595238095238,207,1667,0.2016509433962264,205
652,99,opus16,clean,0.05,0.19267113095238095,0.2786885245901639,207,1667,0.22013888888888888,205
652,99,amr122,clean,0.0,0.2830664294187426,0.3932926829268293,208,1667,0.32122093023255816,205
652,99,amr122,clean,0.01,0.28497332542975695,0.40773809523809523,208,1667,0.32122093023255816,205
652,99,amr122,clean,0.05,0.302676453143535,0.41615853658536583,208,1667,0.3411016949152542,205
652,99,amr475,clean,0.0,0.38595322676139726,0.4765625,208,1667,0.4186046511627907,205
652,99,amr475,clean,0.01,0.3886175251628182,0.475,208,1667,0.4186046511627907,205
652,99,amr475,clean,0.05,0.3919478981645944,0.4701923076923077,208,1667,0.436046511627907,205
652,99,amr122_g711u,clean,0.0,0.2849777448071217,0.3890625,208,1667,0.321875,205
652,99,amr122_g711u,clean,0.01,0.2892062314540059,0.3890625,208,1667,0.3265625,205
652,99,amr122_g711u,clean,0.05,0.30107566765578636,0.3875,208,1667,0.340625,205
652,99,g711u,white20,0.0,0.028627622377622376,0.043154761904761904,147,1144,0.043154761904761904,147
652,99,g711u,white20,0.01,0.03469187062937063,0.09551886792452831,147,1144,0.09551886792452831,147
652,99,g711u,white20,0.05,0.0808020104895105,0.15922619047619047,147,1144,0.15922619047619047,147
652,99,g711a,white20,0.0,0.026059877622377624,0.03720238095238095,147,1144,0.03720238095238095,147
652,99,g711a,white20,0.01,0.03600305944055944,0.07193396226415094,147,1144,0.07193396226415094,147
652,99,g711a,white20,0.05,0.07118662587412587,0.1234375,147,1144,0.1234375,147
652,99,opus16,white20,0.0,0.1627183406113537,0.18642241379310345,147,1144,0.18642241379310345,147
652,99,opus16,white20,0.01,0.1691593886462882,0.21875,147,1144,0.21875,147
652,99,opus16,white20,0.05,0.18897379912663756,0.2423469387755102,147,1144,0.2423469387755102,147
652,99,amr122,white20,0.0,0.27385371179039303,0.3078125,147,1144,0.3078125,147
652,99,amr122,white20,0.01,0.2774563318777293,0.3080357142857143,147,1144,0.3080357142857143,147
652,99,amr122,white20,0.05,0.29059222027972026,0.35144927536231885,147,1144,0.35144927536231885,147
652,99,amr475,white20,0.0,0.3769650655021834,0.4289772727272727,147,1144,0.4289772727272727,147
652,99,amr475,white20,0.01,0.378438864628821,0.4318181818181818,147,1144,0.4318181818181818,147
652,99,amr475,white20,0.05,0.38733624454148474,0.43323863636363635,147,1144,0.43323863636363635,147
652,99,amr122_g711u,white20,0.0,0.27666083916083917,0.315625,147,1144,0.315625,147
652,99,amr122_g711u,white20,0.01,0.28048513986013984,0.3225806451612903,147,1144,0.3225806451612903,147
652,99,amr122_g711u,white20,0.05,0.28944493006993005,0.32684426229508196,147,1144,0.32684426229508196,147
652,99,g711u,babble10,0.0,0.03999621785173979,0.09659090909090909,250,1983,0.09659090909090909,250
652,99,g711u,babble10,0.01,0.048978819969742814,0.10384615384615385,250,1983,0.10384615384615385,250
652,99,g711u,babble10,0.05,0.08317574382249117,0.13557692307692307,250,1983,0.13557692307692307,250
652,99,g711a,babble10,0.0,0.037663893091275845,0.07272727272727272,250,1983,0.07272727272727272,250
652,99,g711a,babble10,0.01,0.0473714069591528,0.08680555555555555,250,1983,0.08680555555555555,250
652,99,g711a,babble10,0.05,0.08156833081190117,0.14351851851851852,250,1983,0.14351851851851852,250
652,99,opus16,babble10,0.0,0.15713116817724068,0.18859649122807018,250,1983,0.18452380952380953,250
652,99,opus16,babble10,0.01,0.16200906344410876,0.20465686274509803,250,1983,0.20465686274509803,250
652,99,opus16,babble10,0.05,0.18778337531486147,0.24088541666666666,250,1983,0.24088541666666666,250
652,99,amr122,babble10,0.0,0.25345998993457475,0.3245967741935484,250,1983,0.3245967741935484,250
652,99,amr122,babble10,0.01,0.25824106693507803,0.3245967741935484,250,1983,0.3245967741935484,250
652,99,amr122,babble10,0.05,0.27176648213387017,0.3372093023255814,250,1983,0.3372093023255814,250
652,99,amr475,babble10,0.0,0.35827067669172935,0.4152542372881356,251,1983,0.4107142857142857,250
652,99,amr475,babble10,0.01,0.35968045112781954,0.4184322033898305,251,1983,0.4097222222222222,250
652,99,amr475,babble10,0.05,0.3692611640742599,0.4322033898305085,251,1983,0.42943548387096775,250
652,99,amr122_g711u,babble10,0.0,0.2553158027176648,0.33064516129032256,250,1983,0.33064516129032256,250
652,99,amr122_g711u,babble10,0.01,0.26177172275238575,0.33568548387096775,250,1983,0.33568548387096775,250
652,99,amr122_g711u,babble10,0.05,0.27701937594363363,0.3477822580645161,250,1983,0.3477822580645161,250
652,100,g711u,clean,0.0,0.06463762214983713,0.10904255319148937,238,1842,0.10904255319148937,238
652,100,g711u,clean,0.01,0.07098262757871879,0.10904255319148937,238,1842,0.10904255319148937,238
652,100,g711u,clean,0.05,0.1054899565689468,0.17819148936170212,238,1842,0.17819148936170212,238
652,100,g711a,clean,0.0,0.06619842562432139,0.10961538461538461,238,1842,0.10961538461538461,238
652,100,g711a,clean,0.01,0.07284880564603692,0.11764705882352941,238,1842,0.11764705882352941,238
652,100,g711a,clean,0.05,0.1136672095548317,0.19817073170731708,238,1842,0.19817073170731708,238
652,100,opus16,clean,0.0,0.16215390879478828,0.1859375,238,1842,0.1859375,238
652,100,opus16,clean,0.01,0.16931324647122692,0.2027439024390244,238,1842,0.2027439024390244,238
652,100,opus16,clean,0.05,0.19485892566467716,0.2417452830188679,239,1842,0.2417452830188679,238
652,100,amr122,clean,0.0,0.28163872363439696,0.359375,239,1842,0.3389830508474576,238
652,100,amr122,clean,0.01,0.2852217414818821,0.37771739130434784,239,1842,0.3389830508474576,238
652,100,amr122,clean,0.05,0.3004664683612764,0.3919270833333333,239,1842,0.3516949152542373,238
652,100,amr475,clean,0.0,0.3777320561252024,0.47238372093023256,240,1842,0.42083333333333334,238
652,100,amr475,clean,0.01,0.37992444684295734,0.47238372093023256,240,1842,0.428125,238
652,100,amr475,clean,0.05,0.3893348623853211,0.48546511627906974,240,1842,0.4329268292682927,238
652,100,amr122_g711u,clean,0.0,0.2818261930585683,0.3294491525423729,238,1842,0.3294491525423729,238
652,100,amr122_g711u,clean,0.01,0.2845715835140998,0.3315677966101695,238,1842,0.3315677966101695,238
652,100,amr122_g711u,clean,0.05,0.3058373917748918,0.36151960784313725,239,1842,0.36151960784313725,238
652,100,g711u,white20,0.0,0.02522467320261438,0.039540816326530615,169,1224,0.039540816326530615,169
652,100,g711u,white20,0.01,0.03364991830065359,0.06971153846153846,169,1224,0.06971153846153846,169
652,100,g711u,white20,0.05,0.06398080065359477,0.12073863636363637,169,1224,0.12073863636363637,169
652,100,g711a,white20,0.0,0.024509803921568627,0.039473684210526314,169,1224,0.039473684210526314,169
652,100,g711a,white20,0.01,0.027930964052287583,0.051470588235294115,169,1224,0.051470588235294115,169
652,100,g711a,white20,0.05,0.06607434640522876,0.1680327868852459,169,1224,0.1680327868852459,169
652,100,opus16,white20,0.0,0.16079452614379086,0.1896551724137931,169,1224,0.1896551724137931,169
652,100,opus16,white20,0.01,0.16569648692810457,0.19181034482758622,169,1224,0.19181034482758622,169
652,100,opus16,white20,0.05,0.1851000816993464,0.22727272727272727,169,1224,0.22727272727272727,169
652,100,amr122,white20,0.0,0.2682802287581699,0.3138020833333333,169,1224,0.3138020833333333,169
652,100,amr122,white20,0.01,0.27154820261437906,0.32848837209302323,169,1224,0.32848837209302323,169
652,100,amr122,white20,0.05,0.2888458401305057,0.3711734693877551,169,1224,0.3528645833333333,169
652,100,amr475,white20,0.0,0.381576264274062,0.4387755102040816,169,1224,0.4273255813953488,169
652,100,amr475,white20,0.01,0.3830546492659054,0.43239795918367346,169,1224,0.42877906976744184,169
652,100,amr475,white20,0.05,0.39528955954323003,0.4477040816326531,169,1224,0.4316860465116279,169
652,100,amr122_g711u,white20,0.0,0.27093545751633985,0.3125,169,1224,0.3125,169
652,100,amr122_g711u,white20,0.01,0.27527573529411764,0.3216145833333333,169,1224,0.3216145833333333,169
652,100,amr122_g711u,white20,0.05,0.2925857843137255,0.3390957446808511,169,1224,0.3390957446808511,169
652,100,g711u,babble10,0.0,0.03301604406130268,0.07926829268292683,269,2088,0.07926829268292683,269
652,100,g711u,babble10,0.01,0.0390625,0.10518292682926829,269,2088,0.10518292682926829,269
652,100,g711u,babble10,0.05,0.07746647509578544,0.13665254237288135,269,2088,0.13665254237288135,269
652,100,g711a,babble10,0.0,0.03127993295019157,0.08231707317073171,269,2088,0.08231707317073171,269
652,100,g711a,babble10,0.01,0.04055914750957854,0.08611111111111111,269,2088,0.08611111111111111,269
652,100,g711a,babble10,0.05,0.070102969348659,0.14423076923076922,269,2088,0.14423076923076922,269
652,100,opus16,babble10,0.0,0.1573852772466539,0.246875,271,2088,0.18857758620689655,269
652,100,opus16,babble10,0.01,0.16353967495219884,0.2617924528301887,271,2088,0.20175438596491227,269
652,100,opus16,babble10,0.05,0.1835265296367113,0.29115853658536583,271,2088,0.228125,269
652,100,amr122,babble10,0.0,0.25082899099952627,0.56625,272,2088,0.30570652173913043,269
652,100,amr122,babble10,0.01,0.254352202747513,0.56625,272,2088,0.30570652173913043,269
652,100,amr122,babble10,0.05,0.2682316491897045,0.42083333333333334,271,2088,0.3255208333333333,269
652,100,amr475,babble10,0.0,0.36577868852459017,0.6607142857142857,272,2088,0.4115853658536585,269
652,100,amr475,babble10,0.01,0.3678864168618267,0.6595982142857143,272,2088,0.4115853658536585,269
652,100,amr475,babble10,0.05,0.3718955014058107,0.6640625,272,2088,0.41310975609756095,269
652,100,amr122_g711u,babble10,0.0,0.2545594504973946,0.57875,272,2088,0.3016304347826087,269
652,100,amr122_g711u,babble10,0.01,0.25953339649455237,0.585,272,2088,0.33384146341463417,269
652,100,amr122_g711u,babble10,0.05,0.2683420676512625,0.4113372093023256,271,2088,0.31743421052631576,269
652,101,g711u,clean,0.0,0.06726860537836148,0.10340909090909091,201,1599,0.10340909090909091,201
652,101,g711u,clean,0.01,0.07621951219512195,0.125,201,1599,0.125,201
652,101,g711u,clean,0.05,0.10873983739837398,0.1735372340425532,201,1599,0.1735372340425532,201
652,101,g711a,clean,0.0,0.06570512820512821,0.10340909090909091,201,1599,0.10340909090909091,201
652,101,g711a,clean,0.01,0.07094277673545966,0.11136363636363636,201,1599,0.11136363636363636,201
652,101,g711a,clean,0.05,0.10404940587867417,0.165625,201,1599,0.165625,201
652,101,opus16,clean,0.0,0.1673662935323383,0.3241279069767442,203,1599,0.203125,201
652,101,opus16,clean,0.01,0.17327425373134328,0.3241279069767442,203,1599,0.2046875,201
652,101,opus16,clean,0.05,0.19539023631840796,0.3851744186046512,203,1599,0.23102678571428573,201
652,101,amr122,clean,0.0,0.2820463020509633,0.42296511627906974,203,1599,0.3138020833333333,201
652,101,amr122,clean,0.01,0.2858695652173913,0.42296511627906974,204,1599,0.3177083333333333,201
652,101,amr122,clean,0.05,0.2997203231821007,0.43023255813953487,203,1599,0.3375,201
652,101,amr475,clean,0.0,0.37993318831572404,0.49127906976744184,203,1599,0.4362745098039216,201
652,101,amr475,clean,0.01,0.3812538844002486,0.49127906976744184,203,1599,0.4362745098039216,201
652,101,amr475,clean,0.05,0.3906444099378882,0.49273255813953487,203,1599,0.44485294117647056,201
652,101,amr122_g711u,clean,0.0,0.2845926616915423,0.43023255813953487,203,1599,0.31828703703703703,201
652,101,amr122_g711u,clean,0.01,0.28976212686567165,0.43023255813953487,203,1599,0.327445652173913,201
652,101,amr122_g711u,clean,0.05,0.3023165422885572,0.43459302325581395,203,1599,0.35,201
652,101,g711u,white20,0.0,0.0293468667255075,0.0439453125,156,1133,0.0439453125,156
652,101,g711u,white20,0.01,0.040324360105913504,0.07313829787234043,156,1133,0.07313829787234043,156
652,101,g711u,white20,0.05,0.06647175639894086,0.10909090909090909,156,1133,0.10909090909090909,156
652,101,g711a,white20,0.0,0.02581641659311562,0.0425,156,1133,0.0425,156
652,101,g711a,white20,0.01,0.04153795233892321,0.11125,156,1133,0.11125,156
652,101,g711a,white20,0.05,0.07000220653133274,0.16517857142857142,156,1133,0.16517857142857142,156
652,101,opus16,white20,0.0,0.1603596646072374,0.19021739130434784,156,1133,0.19021739130434784,156
652,101,opus16,white20,0.01,0.1641107678729038,0.21075581395348839,156,1133,0.21075581395348839,156
652,101,opus16,white20,0.05,0.18805163283318624,0.235,156,1133,0.235,156
652,101,amr122,white20,0.0,0.27940203000882613,0.346875,156,1133,0.346875,156
652,101,amr122,white20,0.01,0.2834289496910856,0.3546875,156,1133,0.3546875,156
652,101,amr122,white20,0.05,0.29694395410414826,0.3680555555555556,156,1133,0.3680555555555556,156
652,101,amr475,white20,0.0,0.3779788172992056,0.43995098039215685,156,1133,0.43995098039215685,156
652,101,amr475,white20,0.01,0.38051632833186233,0.44362745098039214,156,1133,0.44362745098039214,156
652,101,amr475,white20,0.05,0.38755506607929513,0.4375,157,1133,0.4375,156
652,101,amr122_g711u,white20,0.0,0.2810569285083848,0.3546875,156,1133,0.3546875,156
652,101,amr122_g711u,white20,0.01,0.28828331862312445,0.3546875,156,1133,0.3546875,156
652,101,amr122_g711u,white20,0.05,0.3020741394527802,0.3921875,156,1133,0.3921875,156
652,101,g711u,babble10,0.0,0.04347523650528659,0.0875,240,1797,0.0875,240
652,101,g711u,babble10,0.01,0.053318030050083474,0.09232954545454546,240,1797,0.09232954545454546,240
652,101,g711u,babble10,0.05,0.08597662771285476,0.1875,240,1797,0.1875,240
652,101,g711a,babble10,0.0,0.03916249304396216,0.071875,240,1797,0.071875,240
652,101,g711a,babble10,0.01,0.04709237618252643,0.09693877551020408,240,1797,0.09693877551020408,240
652,101,g711a,babble10,0.05,0.08364635503617139,0.1421875,240,1797,0.1421875,240
652,101,opus16,babble10,0.0,0.16566306755260243,0.2652777777777778,241,1797,0.20212765957446807,240
652,101,opus16,babble10,0.01,0.17126937984496124,0.2652777777777778,241,1797,0.2078804347826087,240
652,101,opus16,babble10,0.05,0.19607775318206974,0.31805555555555554,241,1797,0.23863636363636365,240
652,101,amr122,babble10,0.0,0.2693106312292359,0.3541666666666667,241,1797,0.334375,240
652,101,amr122,babble10,0.01,0.2721830011074197,0.3601190476190476,241,1797,0.34375,240
652,101,amr122,babble10,0.05,0.2903516057585825,0.36755952380952384,241,1797,0.3515625,240
652,101,amr475,babble10,0.0,0.3813726826608506,0.5625,244,1797,0.416044776119403,240
652,101,amr475,babble10,0.01,0.3832470010905125,0.5625,244,1797,0.416044776119403,240
652,101,amr475,babble10,0.05,0.3918190502183406,0.5980113636363636,244,1797,0.425,240
652,101,amr122_g711u,babble10,0.0,0.267718715393134,0.36160714285714285,241,1797,0.3125,240
652,101,amr122_g711u,babble10,0.01,0.2706602990033223,0.36160714285714285,241,1797,0.315625,240
652,101,amr122_g711u,babble10,0.05,0.2919421487603306,0.5142045454545454,242,1797,0.35,240
777,102,g711u,clean,0.0,0.052986432825943085,0.0821078431372549,196,1511,0.0821078431372549,196
777,102,g711u,clean,0.01,0.06229318332230311,0.12280701754385964,196,1511,0.12280701754385964,196
777,102,g711u,clean,0.05,0.09306750496360026,0.1711065573770492,196,1511,0.1711065573770492,196
777,102,g711a,clean,0.0,0.05431005956320318,0.11890243902439024,196,1511,0.11890243902439024,196
777,102,g711a,clean,0.01,0.06274818001323627,0.11890243902439024,196,1511,0.11890243902439024,196
777,102,g711a,clean,0.05,0.09434976836532098,0.189453125,196,1511,0.189453125,196
777,102,opus16,clean,0.0,0.16441925876902713,0.21951219512195122,196,1511,0.21951219512195122,196
777,102,opus16,clean,0.01,0.17360191925876903,0.23522727272727273,196,1511,0.23522727272727273,196
777,102,opus16,clean,0.05,0.18679682329583058,0.22826086956521738,196,1511,0.22826086956521738,196
777,102,amr122,clean,0.0,0.2696889477167439,0.3213141025641026,196,1511,0.3213141025641026,196
777,102,amr122,clean,0.01,0.27155029781601586,0.32684426229508196,196,1511,0.32684426229508196,196
777,102,amr122,clean,0.05,0.2891297154202515,0.3359375,196,1511,0.3359375,196
777,102,amr475,clean,0.0,0.3808735936465917,0.4211309523809524,196,1511,0.4211309523809524,196
777,102,amr475,clean,0.01,0.3818663136995367,0.4211309523809524,196,1511,0.4211309523809524,196
777,102,amr475,clean,0.05,0.3916280608868299,0.4263392857142857,196,1511,0.4263392857142857,196
777,102,amr122_g711u,clean,0.0,0.2701853077432164,0.3260542168674699,196,1511,0.3260542168674699,196
777,102,amr122_g711u,clean,0.01,0.2765138980807412,0.3260542168674699,196,1511,0.3260542168674699,196
777,102,amr122_g711u,clean,0.05,0.28590337524818,0.3373493975903614,196,1511,0.3373493975903614,196
777,102,g711u,white20,0.0,0.02852722772277228,0.04591836734693878,141,1010,0.04591836734693878,141
777,102,g711u,white20,0.01,0.03688118811881188,0.06875,141,1010,0.06875,141
777,102,g711u,white20,0.05,0.07209158415841584,0.12719298245614036,141,1010,0.12719298245614036,141
777,102,g711a,white20,0.0,0.025185643564356437,0.042067307692307696,141,1010,0.042067307692307696,141
777,102,g711a,white20,0.01,0.03056930693069307,0.049528301886792456,141,1010,0.049528301886792456,141
777,102,g711a,white20,0.05,0.060705445544554454,0.14431818181818182,141,1010,0.14431818181818182,141
777,102,opus16,white20,0.0,0.15556930693069307,0.20625,141,1010,0.20625,141
777,102,opus16,white20,0.01,0.16163366336633664,0.20625,141,1010,0.20625,141
777,102,opus16,white20,0.05,0.18087871287128712,0.2203125,141,1010,0.2203125,141
777,102,amr122,white20,0.0,0.2614480198019802,0.3247549019607843,141,1010,0.3247549019607843,141
777,102,amr122,white20,0.01,0.2662747524752475,0.3247549019607843,141,1010,0.3247549019607843,141
777,102,amr122,white20,0.05,0.2775990099009901,0.33967391304347827,141,1010,0.33967391304347827,141
777,102,amr475,white20,0.0,0.36070544554455447,0.41225961538461536,141,1010,0.41225961538461536,141
777,102,amr475,white20,0.01,0.3640470297029703,0.41225961538461536,141,1010,0.41225961538461536,141
777,102,amr475,white20,0.05,0.37258663366336636,0.4244791666666667,141,1010,0.4244791666666667,141
777,102,amr122_g711u,white20,0.0,0.2621905940594059,0.3112745098039216,141,1010,0.3112745098039216,141
777,102,amr122_g711u,white20,0.01,0.2652846534653465,0.3112745098039216,141,1010,0.3112745098039216,141
777,102,amr122_g711u,white20,0.05,0.283230198019802,0.32845744680851063,141,1010,0.32845744680851063,141
777,102,g711u,babble10,0.0,0.04538381742738589,0.08831521739130435,261,1928,0.08831521739130435,261
777,102,g711u,babble10,0.01,0.05442816390041494,0.11820652173913043,261,1928,0.11820652173913043,261
777,102,g711u,babble10,0.05,0.08713692946058091,0.17338709677419356,261,1928,0.17338709677419356,261
777,102,g711a,babble10,0.0,0.04846343360995851,0.12797619047619047,261,1928,0.12797619047619047,261
777,102,g711a,babble10,0.01,0.05319631742738589,0.12797619047619047,261,1928,0.12797619047619047,261
777,102,g711a,babble10,0.05,0.08775285269709543,0.1806818181818182,261,1928,0.1806818181818182,261
777,102,opus16,babble10,0.0,0.16707728215767634,0.21875,261,1928,0.21875,261
777,102,opus16,babble10,0.01,0.17164808091286307,0.2296875,261,1928,0.2296875,261
777,102,opus16,babble10,0.05,0.19181146265560167,0.2453125,261,1928,0.2453125,261
777,102,amr122,babble10,0.0,0.2607624481327801,0.3470744680851064,261,1928,0.3470744680851064,261
777,102,amr122,babble10,0.01,0.2665326763485477,0.3470744680851064,261,1928,0.3470744680851064,261
777,102,amr122,babble10,0.05,0.2811527489626556,0.3502906976744186,261,1928,0.3502906976744186,261
777,102,amr475,babble10,0.0,0.37117479253112035,0.4270833333333333,261,1928,0.4270833333333333,261
777,102,amr475,babble10,0.01,0.3716286307053942,0.4226190476190476,261,1928,0.4226190476190476,261
777,102,amr475,babble10,0.05,0.3815158195020747,0.4270833333333333,261,1928,0.4270833333333333,261
777,102,amr122_g711u,babble10,0.0,0.2645228215767635,0.3671875,261,1928,0.3671875,261
777,102,amr122_g711u,babble10,0.01,0.2681859439834025,0.3671875,261,1928,0.3671875,261
777,102,amr122_g711u,babble10,0.05,0.2841026970954357,0.384375,261,1928,0.384375,261
777,103,g711u,clean,0.0,0.04943664271717831,0.08261494252873564,196,1531,0.08261494252873564,196
777,103,g711u,clean,0.01,0.05866263879817113,0.09659090909090909,196,1531,0.09659090909090909,196
777,103,g711u,clean,0.05,0.09801600261267146,0.175,196,1531,0.175,196
777,103,g711a,clean,0.0,0.050498040496407576,0.08057228915662651,196,1531,0.08057228915662651,196
777,103,g711a,clean,0.01,0.05821358589157413,0.1396103896103896,196,1531,0.1396103896103896,196
777,103,g711a,clean,0.05,0.080421293272371,0.1337890625,196,1531,0.1337890625,196
777,103,opus16,clean,0.0,0.1557805355976486,0.184375,196,1531,0.184375,196
777,103,opus16,clean,0.01,0.1590055519268452,0.1971153846153846,196,1531,0.1971153846153846,196
777,103,opus16,clean,0.05,0.19158229915088176,0.24739583333333334,196,1531,0.24739583333333334,196
777,103,amr122,clean,0.0,0.26588014369693014,0.3001760563380282,196,1531,0.3001760563380282,196
777,103,amr122,clean,0.01,0.27004408883082953,0.3001760563380282,196,1531,0.3001760563380282,196
777,103,amr122,clean,0.05,0.2805764206401045,0.3181818181818182,196,1531,0.3181818181818182,196
777,103,amr475,clean,0.0,0.36757021554539515,0.4002659574468085,196,1531,0.4002659574468085,196
777,103,amr475,clean,0.01,0.36793762246897455,0.4002659574468085,196,1531,0.4002659574468085,196
777,103,amr475,clean,0.05,0.3753265839320705,0.40476190476190477,196,1531,0.40476190476190477,196
777,103,amr122_g711u,clean,0.0,0.26824787720444154,0.30985915492957744,196,1531,0.30985915492957744,196
777,103,amr122_g711u,clean,0.01,0.2713912475506205,0.3170454545454545,196,1531,0.3170454545454545,196
777,103,amr122_g711u,clean,0.05,0.2901290006531679,0.3473557692307692,196,1531,0.3473557692307692,196
777,103,g711u,white20,0.0,0.02805023923444976,0.04716981132075472,143,1045,0.04716981132075472,143
777,103,g711u,white20,0.01,0.03744019138755981,0.078125,143,1045,0.078125,143
777,103,g711u,white20,0.05,0.08241626794258373,0.14268867924528303,143,1045,0.14268867924528303,143
777,103,g711a,white20,0.0,0.02505980861244019,0.0359375,143,1045,0.0359375,143
777,103,g711a,white20,0.01,0.029485645933014355,0.056686046511627904,143,1045,0.056686046511627904,143
777,103,g711a,white20,0.05,0.05938995215311005,0.12627551020408162,143,1045,0.12627551020408162,143
777,103,opus16,white20,0.0,0.15424641148325358,0.1875,143,1045,0.1875,143
777,103,opus16,white20,0.01,0.15998803827751196,0.196875,143,1045,0.196875,143
777,103,opus16,white20,0.05,0.18450956937799043,0.23922413793103448,143,1045,0.23922413793103448,143
777,103,amr122,white20,0.0,0.25322966507177036,0.3086734693877551,143,1045,0.3086734693877551,143
777,103,amr122,white20,0.01,0.25681818181818183,0.31382978723404253,143,1045,0.31382978723404253,143
777,103,amr122,white20,0.05,0.27266746411483256,0.3354591836734694,143,1045,0.3354591836734694,143
777,103,amr475,white20,0.0,0.36196172248803826,0.409375,143,1045,0.409375,143
777,103,amr475,white20,0.01,0.3666866028708134,0.409375,143,1045,0.409375,143
777,103,amr475,white20,0.05,0.3715909090909091,0.4075,143,1045,0.4075,143
777,103,amr122_g711u,white20,0.0,0.2550239234449761,0.30671296296296297,143,1045,0.30671296296296297,143
777,103,amr122_g711u,white20,0.01,0.2604066985645933,0.3252551020408163,143,1045,0.3252551020408163,143
777,103,amr122_g711u,white20,0.05,0.2840909090909091,0.33948863636363635,143,1045,0.33948863636363635,143
777,103,g711u,babble10,0.0,0.03575794621026895,0.06097560975609756,272,2045,0.06097560975609756,272
777,103,g711u,babble10,0.01,0.04287897310513447,0.075,272,2045,0.075,272
777,103,g711u,babble10,0.05,0.07182151589242054,0.15178571428571427,272,2045,0.15178571428571427,272
777,103,g711a,babble10,0.0,0.033312958435207825,0.075,272,2045,0.075,272
777,103,g711a,babble10,0.01,0.046179706601466995,0.11569148936170212,272,2045,0.11569148936170212,272
777,103,g711a,babble10,0.05,0.0750916870415648,0.16983695652173914,272,2045,0.16983695652173914,272
777,103,opus16,babble10,0.0,0.1590158924205379,0.1875,272,2045,0.1875,272
777,103,opus16,babble10,0.01,0.16586185819070903,0.20861486486486486,272,2045,0.20861486486486486,272
777,103,opus16,babble10,0.05,0.18753056234718826,0.24390243902439024,272,2045,0.24390243902439024,272
777,103,amr122,babble10,0.0,0.2464242053789731,0.29305555555555557,272,2045,0.29305555555555557,272
777,103,amr122,babble10,0.01,0.2501833740831296,0.29583333333333334,272,2045,0.29583333333333334,272
777,103,amr122,babble10,0.05,0.2696821515892421,0.31676136363636365,272,2045,0.31676136363636365,272
777,103,amr475,babble10,0.0,0.35430929095354524,0.40476190476190477,272,2045,0.40476190476190477,272
777,103,amr475,babble10,0.01,0.3553484107579462,0.40705128205128205,272,2045,0.40705128205128205,272
777,103,amr475,babble10,0.05,0.3642726161369193,0.4222560975609756,272,2045,0.4222560975609756,272
777,103,amr122_g711u,babble10,0.0,0.24731051344743277,0.2869318181818182,272,2045,0.2869318181818182,272
777,103,amr122_g711u,babble10,0.01,0.2516809290953545,0.2997159090909091,272,2045,0.2997159090909091,272
777,103,amr122_g711u,babble10,0.05,0.27062958435207823,0.3310810810810811,272,2045,0.3310810810810811,272
777,104,g711u,clean,0.0,0.05341269841269841,0.08266129032258064,211,1575,0.08266129032258064,211
777,104,g711u,clean,0.01,0.0605952380952381,0.09274193548387097,211,1575,0.09274193548387097,211
777,104,g711u,clean,0.05,0.08853174603174603,0.1622340425531915,211,1575,0.1622340425531915,211
777,104,g711a,clean,0.0,0.05396825396825397,0.0914179104477612,211,1575,0.0914179104477612,211
777,104,g711a,clean,0.01,0.06615079365079365,0.13303571428571428,211,1575,0.13303571428571428,211
777,104,g711a,clean,0.05,0.08956349206349207,0.17532467532467533,211,1575,0.17532467532467533,211
777,104,opus16,clean,0.0,0.16456349206349205,0.20098039215686275,211,1575,0.20098039215686275,211
777,104,opus16,clean,0.01,0.17123015873015873,0.209375,211,1575,0.209375,211
777,104,opus16,clean,0.05,0.19146825396825398,0.2701612903225806,211,1575,0.2701612903225806,211
777,104,amr122,clean,0.0,0.27345238095238095,0.3246951219512195,211,1575,0.3246951219512195,211
777,104,amr122,clean,0.01,0.27956349206349207,0.3307926829268293,211,1575,0.3307926829268293,211
777,104,amr122,clean,0.05,0.2899206349206349,0.3508522727272727,211,1575,0.3508522727272727,211
777,104,amr475,clean,0.0,0.37857142857142856,0.43990384615384615,211,1575,0.43990384615384615,211
777,104,amr475,clean,0.01,0.37956349206349205,0.43990384615384615,211,1575,0.43990384615384615,211
777,104,amr475,clean,0.05,0.38634920634920633,0.44471153846153844,211,1575,0.44471153846153844,211
777,104,amr122_g711u,clean,0.0,0.27694444444444444,0.33094262295081966,211,1575,0.33094262295081966,211
777,104,amr122_g711u,clean,0.01,0.2804761904761905,0.3360655737704918,211,1575,0.3360655737704918,211
777,104,amr122_g711u,clean,0.05,0.295,0.3502604166666667,211,1575,0.3502604166666667,211
777,104,g711u,white20,0.0,0.027328187250996016,0.04505813953488372,125,1004,0.04505813953488372,125
777,104,g711u,white20,0.01,0.03591882470119522,0.058423913043478264,125,1004,0.058423913043478264,125
777,104,g711u,white20,0.05,0.07395418326693227,0.11337209302325581,125,1004,0.11337209302325581,125
777,104,g711a,white20,0.0,0.02409113545816733,0.0398936170212766,125,1004,0.0398936170212766,125
777,104,g711a,white20,0.01,0.031997011952191234,0.0733173076923077,125,1004,0.0733173076923077,125
777,104,g711a,white20,0.05,0.07457669322709164,0.121875,125,1004,0.121875,125
777,104,opus16,white20,0.0,0.17175049800796813,0.19895833333333332,125,1004,0.19895833333333332,125
777,104,opus16,white20,0.01,0.17679282868525897,0.2125,125,1004,0.2125,125
777,104,opus16,white20,0.05,0.20636205179282868,0.24390243902439024,125,1004,0.24390243902439024,125
777,104,amr122,white20,0.0,0.27203685258964144,0.3125,125,1004,0.3125,125
777,104,amr122,white20,0.01,0.2752116533864542,0.3137254901960784,125,1004,0.3137254901960784,125
777,104,amr122,white20,0.05,0.28374003984063745,0.3351063829787234,125,1004,0.3351063829787234,125
777,104,amr475,white20,0.0,0.36871264940239046,0.4100609756097561,125,1004,0.4100609756097561,125
777,104,amr475,white20,0.01,0.37194970119521914,0.41761363636363635,125,1004,0.41761363636363635,125
777,104,amr475,white20,0.05,0.37761454183266935,0.4203125,125,1004,0.4203125,125
777,104,amr122_g711u,white20,0.0,0.2707295816733068,0.31648936170212766,125,1004,0.31648936170212766,125
777,104,amr122_g711u,white20,0.01,0.2740911354581673,0.328125,125,1004,0.328125,125
777,104,amr122_g711u,white20,0.05,0.28610557768924305,0.33796296296296297,125,1004,0.33796296296296297,125
777,104,g711u,babble10,0.0,0.04295511221945137,0.0725,262,2005,0.0725,262
777,104,g711u,babble10,0.01,0.05383416458852868,0.09337349397590361,262,2005,0.09337349397590361,262
777,104,g711u,babble10,0.05,0.08762468827930174,0.20380434782608695,262,2005,0.20380434782608695,262
777,104,g711a,babble10,0.0,0.04164588528678304,0.075,262,2005,0.075,262
777,104,g711a,babble10,0.01,0.05576683291770573,0.1099537037037037,262,2005,0.1099537037037037,262
777,104,g711a,babble10,0.05,0.08036159600997506,0.1328125,262,2005,0.1328125,262
777,104,opus16,babble10,0.0,0.1653366583541147,0.19975490196078433,262,2005,0.19975490196078433,262
777,104,opus16,babble10,0.01,0.17197630922693266,0.2129237288135593,262,2005,0.2129237288135593,262
777,104,opus16,babble10,0.05,0.19279925187032418,0.24553571428571427,262,2005,0.24553571428571427,262
777,104,amr122,babble10,0.0,0.25925810473815464,0.3201219512195122,262,2005,0.3201219512195122,262
777,104,amr122,babble10,0.01,0.2639650872817955,0.3201219512195122,262,2005,0.3201219512195122,262
777,104,amr122,babble10,0.05,0.2838216957605985,0.35511363636363635,262,2005,0.35511363636363635,262
777,104,amr475,babble10,0.0,0.3683291770573566,0.43375,262,2005,0.43375,262
777,104,amr475,babble10,0.01,0.37091645885286784,0.43365384615384617,262,2005,0.43365384615384617,262
777,104,amr475,babble10,0.05,0.3793640897755611,0.4473684210526316,262,2005,0.4473684210526316,262
777,104,amr122_g711u,babble10,0.0,0.26094139650872816,0.3170731707317073,262,2005,0.3170731707317073,262
777,104,amr122_g711u,babble10,0.01,0.26571072319201994,0.3234375,262,2005,0.3234375,262
777,104,amr122_g711u,babble10,0.05,0.2795199501246883,0.325,262,2005,0.325,262
7850,105,g711u,clean,0.0,0.05869533096926714,0.10597826086956522,210,1692,0.10597826086956522,210
7850,105,g711u,clean,0.01,0.07173463356973996,0.12907608695652173,210,1692,0.12907608695652173,210
7850,105,g711u,clean,0.05,0.10169178486997636,0.20096153846153847,210,1692,0.20096153846153847,210
7850,105,g711a,clean,0.0,0.06043144208037825,0.09918478260869565,210,1692,0.09918478260869565,210
7850,105,g711a,clean,0.01,0.06682180851063829,0.09918478260869565,210,1692,0.09918478260869565,210
7850,105,g711a,clean,0.05,0.10446217494089835,0.17387820512820512,210,1692,0.17387820512820512,210
7850,105,opus16,clean,0.0,0.14047724586288415,0.19027777777777777,210,1692,0.19027777777777777,210
7850,105,opus16,clean,0.01,0.14609190307328604,0.20416666666666666,210,1692,0.20416666666666666,210
7850,105,opus16,clean,0.05,0.17401743498817968,0.23115079365079366,210,1692,0.23115079365079366,210
7850,105,amr122,clean,0.0,0.23932476359338062,0.2866847826086957,210,1692,0.2866847826086957,210
7850,105,amr122,clean,0.01,0.24427452718676124,0.29464285714285715,210,1692,0.29464285714285715,210
7850,105,amr122,clean,0.05,0.26152482269503546,0.3168604651162791,210,1692,0.3168604651162791,210
7850,105,amr475,clean,0.0,0.34164450354609927,0.4076923076923077,210,1692,0.4076923076923077,210
7850,105,amr475,clean,0.01,0.3445995862884161,0.4076923076923077,210,1692,0.4076923076923077,210
7850,105,amr475,clean,0.05,0.3534278959810875,0.43283582089552236,210,1692,0.43283582089552236,210
7850,105,amr122_g711u,clean,0.0,0.24638002364066194,0.30357142857142855,210,1692,0.30357142857142855,210
7850,105,amr122_g711u,clean,0.01,0.249076536643026,0.30357142857142855,210,1692,0.30357142857142855,210
7850,105,amr122_g711u,clean,0.05,0.27101802600472813,0.32649253731343286,210,1692,0.32649253731343286,210
7850,105,g711u,white20,0.0,0.026892890120036934,0.044444444444444446,149,1083,0.044444444444444446,149
7850,105,g711u,white20,0.01,0.033875807940904896,0.06623134328358209,149,1083,0.06623134328358209,149
7850,105,g711u,white20,0.05,0.07132963988919667,0.1326530612244898,149,1083,0.1326530612244898,149
7850,105,g711a,white20,0.0,0.025969529085872575,0.038135593220338986,149,1083,0.038135593220338986,149
7850,105,g711a,white20,0.01,0.03751154201292706,0.0859375,149,1083,0.0859375,149
7850,105,g711a,white20,0.05,0.07651060885608855,0.15513392857142858,149,1083,0.15029761904761904,149
7850,105,opus16,white20,0.0,0.14560249307479226,0.17324561403508773,149,1083,0.17324561403508773,149
7850,105,opus16,white20,0.01,0.15045013850415512,0.19736842105263158,149,1083,0.19736842105263158,149
7850,105,opus16,white20,0.05,0.17515004616805172,0.22952586206896552,149,1083,0.22952586206896552,149
7850,105,amr122,white20,0.0,0.23430286241920592,0.2859375,149,1083,0.2859375,149
7850,105,amr122,white20,0.01,0.23747691597414589,0.2923076923076923,149,1083,0.2923076923076923,149
7850,105,amr122,white20,0.05,0.2535780240073869,0.31101190476190477,149,1083,0.31101190476190477,149
7850,105,amr475,white20,0.0,0.3290050784856879,0.39680232558139533,149,1083,0.39680232558139533,149
7850,105,amr475,white20,0.01,0.33281394275161585,0.39680232558139533,149,1083,0.39680232558139533,149
7850,105,amr475,white20,0.05,0.34481763619575256,0.4186046511627907,149,1083,0.4186046511627907,149
7850,105,amr122_g711u,white20,0.0,0.23205216989843028,0.2859375,149,1083,0.2859375,149
7850,105,amr122_g711u,white20,0.01,0.23666897506925208,0.2859375,149,1083,0.2859375,149
7850,105,amr122_g711u,white20,0.05,0.25219298245614036,0.3203125,149,1083,0.3203125,149
7850,105,g711u,babble10,0.0,0.03400981266726137,0.059895833333333336,284,2242,0.059895833333333336,284
7850,105,g711u,babble10,0.01,0.03780107047279215,0.06944444444444445,284,2242,0.06944444444444445,284
7850,105,g711u,babble10,0.05,0.07239629794826048,0.13226744186046513,284,2242,0.13226744186046513,284
7850,105,g711a,babble10,0.0,0.03289473684210526,0.05397727272727273,284,2242,0.05397727272727273,284
7850,105,g711a,babble10,0.01,0.04362734165923283,0.0830223880597015,284,2242,0.0830223880597015,284
7850,105,g711a,babble10,0.05,0.08078724353256021,0.15,284,2242,0.15,284
7850,105,opus16,babble10,0.0,0.14738514719000892,0.18882978723404256,284,2242,0.18882978723404256,284
7850,105,opus16,babble10,0.01,0.15098126672613738,0.18882978723404256,284,2242,0.18882978723404256,284
7850,105,opus16,babble10,0.05,0.17927631578947367,0.2248134328358209,284,2242,0.2248134328358209,284
7850,105,amr122,babble10,0.0,0.23458407671721676,0.2857142857142857,284,2242,0.2857142857142857,284
7850,105,amr122,babble10,0.01,0.23831958073148973,0.2916666666666667,284,2242,0.2916666666666667,284
7850,105,amr122,babble10,0.05,0.25557537912578054,0.3077651515151515,284,2242,0.3077651515151515,284
7850,105,amr475,babble10,0.0,0.3337700713648528,0.40029761904761907,284,2242,0.40029761904761907,284
7850,105,amr475,babble10,0.01,0.3356657002676182,0.40922619047619047,284,2242,0.40922619047619047,284
7850,105,amr475,babble10,0.05,0.3438336306868867,0.41517857142857145,284,2242,0.41517857142857145,284
7850,105,amr122_g711u,babble10,0.0,0.2346955842997324,0.2765151515151515,284,2242,0.2765151515151515,284
7850,105,amr122_g711u,babble10,0.01,0.23910013380909903,0.29829545454545453,284,2242,0.29829545454545453,284
7850,105,amr122_g711u,babble10,0.05,0.25554750223015166,0.2936046511627907,284,2242,0.2936046511627907,284
7850,106,g711u,clean,0.0,0.06861111111111111,0.10365853658536585,210,1575,0.10365853658536585,210
7850,106,g711u,clean,0.01,0.0742063492063492,0.11521084337349398,210,1575,0.11521084337349398,210
7850,106,g711u,clean,0.05,0.1048015873015873,0.15144230769230768,210,1575,0.15144230769230768,210
7850,106,g711a,clean,0.0,0.0676984126984127,0.10863095238095238,210,1575,0.10863095238095238,210
7850,106,g711a,clean,0.01,0.07607142857142857,0.1358695652173913,210,1575,0.1358695652173913,210
7850,106,g711a,clean,0.05,0.10321428571428572,0.1875,210,1575,0.1875,210
7850,106,opus16,clean,0.0,0.15071428571428572,0.18445121951219512,210,1575,0.18445121951219512,210
7850,106,opus16,clean,0.01,0.1553968253968254,0.19664634146341464,210,1575,0.19664634146341464,210
7850,106,opus16,clean,0.05,0.18833333333333332,0.24702380952380953,210,1575,0.24702380952380953,210
7850,106,amr122,clean,0.0,0.24888888888888888,0.3229166666666667,210,1575,0.3229166666666667,210
7850,106,amr122,clean,0.01,0.2538492063492063,0.31994047619047616,210,1575,0.31994047619047616,210
7850,106,amr122,clean,0.05,0.27015873015873015,0.34077380952380953,210,1575,0.34077380952380953,210
7850,106,amr475,clean,0.0,0.34714285714285714,0.4166666666666667,210,1575,0.4166666666666667,210
7850,106,amr475,clean,0.01,0.348531746031746,0.42857142857142855,210,1575,0.42857142857142855,210
7850,106,amr475,clean,0.05,0.3571031746031746,0.4181547619047619,210,1575,0.4181547619047619,210
7850,106,amr122_g711u,clean,0.0,0.2542857142857143,0.30654761904761907,210,1575,0.30654761904761907,210
7850,106,amr122_g711u,clean,0.01,0.2577777777777778,0.30654761904761907,210,1575,0.30654761904761907,210
7850,106,amr122_g711u,clean,0.05,0.2727777777777778,0.32845744680851063,210,1575,0.32845744680851063,210
7850,106,g711u,white20,0.0,0.029904904904904904,0.04766949152542373,143,999,0.04766949152542373,143
7850,106,g711u,white20,0.01,0.03891391391391391,0.07102272727272728,143,999,0.07102272727272728,143
7850,106,g711u,white20,0.05,0.06293793793793794,0.11438679245283019,143,999,0.11438679245283019,143
7850,106,g711a,white20,0.0,0.028903903903903905,0.041666666666666664,143,999,0.041666666666666664,143
7850,106,g711a,white20,0.01,0.0391016016016016,0.08163265306122448,143,999,0.08163265306122448,143
7850,106,g711a,white20,0.05,0.06994494494494495,0.13392857142857142,143,999,0.13392857142857142,143
7850,106,opus16,white20,0.0,0.1527777777777778,0.1875,143,999,0.1875,143
7850,106,opus16,white20,0.01,0.16116116116116116,0.19722222222222222,143,999,0.19722222222222222,143
7850,106,opus16,white20,0.05,0.1818068068068068,0.23780487804878048,143,999,0.23780487804878048,143
7850,106,amr122,white20,0.0,0.25656906906906907,0.29573170731707316,143,999,0.29573170731707316,143
7850,106,amr122,white20,0.01,0.26013513513513514,0.2997881355932203,143,999,0.2997881355932203,143
7850,106,amr122,white20,0.05,0.2738988988988989,0.31402439024390244,143,999,0.31402439024390244,143
7850,106,amr475,white20,0.0,0.34453203203203203,0.380859375,143,999,0.380859375,143
7850,106,amr475,white20,0.01,0.3474099099099099,0.380859375,143,999,0.380859375,143
7850,106,amr475,white20,0.05,0.35397897897897895,0.41032608695652173,143,999,0.41032608695652173,143
7850,106,amr122_g711u,white20,0.0,0.2586336336336336,0.30335365853658536,143,999,0.30335365853658536,143
7850,106,amr122_g711u,white20,0.01,0.26376376376376376,0.3048780487804878,143,999,0.3048780487804878,143
7850,106,amr122_g711u,white20,0.05,0.28234484484484484,0.3328125,143,999,0.3328125,143
7850,106,g711u,babble10,0.0,0.044081340956340954,0.08333333333333333,261,1924,0.08333333333333333,261
7850,106,g711u,babble10,0.01,0.04996101871101871,0.08776595744680851,261,1924,0.08776595744680851,261
7850,106,g711u,babble10,0.05,0.09004677754677755,0.16834677419354838,261,1924,0.16834677419354838,261
7850,106,g711a,babble10,0.0,0.038136694386694384,0.057065217391304345,261,1924,0.057065217391304345,261
7850,106,g711a,babble10,0.01,0.04749220374220374,0.08375,261,1924,0.08375,261
7850,106,g711a,babble10,0.05,0.08026897089397089,0.15691489361702127,261,1924,0.15691489361702127,261
7850,106,opus16,babble10,0.0,0.16434827408552294,0.3114754098360656,262,1924,0.20625,261
7850,106,opus16,babble10,0.01,0.16956465739309634,0.3114754098360656,262,1924,0.215625,261
7850,106,opus16,babble10,0.05,0.19493817619783615,0.325,262,1924,0.2515625,261
7850,106,amr122,babble10,0.0,0.25135239567233386,0.3898305084745763,262,1924,0.29732142857142857,261
7850,106,amr122,babble10,0.01,0.2550231839258114,0.39467592592592593,262,1924,0.3,261
7850,106,amr122,babble10,0.05,0.27212132921174653,0.413135593220339,262,1924,0.3333333333333333,261
7850,106,amr475,babble10,0.0,0.3475978876867594,0.44675925925925924,262,1924,0.3953488372093023,261
7850,106,amr475,babble10,0.01,0.3505280783101494,0.44675925925925924,262,1924,0.4011627906976744,261
7850,106,amr475,babble10,0.05,0.35910144181256437,0.4661885245901639,262,1924,0.4069767441860465,261
7850,106,amr122_g711u,babble10,0.0,0.25109536082474226,0.37823275862068967,262,1924,0.2942708333333333,261
7850,106,amr122_g711u,babble10,0.01,0.2536082474226804,0.37823275862068967,262,1924,0.29464285714285715,261
7850,106,amr122_g711u,babble10,0.05,0.2740136668385766,0.3892543859649123,262,1924,0.3372093023255814,261
7850,107,g711u,clean,0.0,0.059171365914786965,0.1296875,206,1596,0.1296875,206
7850,107,g711u,clean,0.01,0.06735588972431078,0.1296875,206,1596,0.1296875,206
7850,107,g711u,clean,0.05,0.10087719298245613,0.1533203125,206,1596,0.1533203125,206
7850,107,g711a,clean,0.0,0.061207706766917294,0.1296875,206,1596,0.1296875,206
7850,107,g711a,clean,0.01,0.07009711779448621,0.1296875,206,1596,0.1296875,206
7850,107,g711a,clean,0.05,0.10581140350877193,0.1546875,206,1596,0.1546875,206
7850,107,opus16,clean,0.0,0.1493969298245614,0.1984375,206,1596,0.1984375,206
7850,107,opus16,clean,0.01,0.1549185463659148,0.20880681818181818,206,1596,0.20880681818181818,206
7850,107,opus16,clean,0.05,0.17348935504070132,0.21448863636363635,206,1596,0.21448863636363635,206
7850,107,amr122,clean,0.0,0.2568139097744361,0.31529850746268656,206,1596,0.31529850746268656,206
7850,107,amr122,clean,0.01,0.2593984962406015,0.3253968253968254,206,1596,0.3253968253968254,206
7850,107,amr122,clean,0.05,0.28117167919799496,0.3582089552238806,206,1596,0.3582089552238806,206
7850,107,amr475,clean,0.0,0.3547540726817043,0.4115853658536585,206,1596,0.4115853658536585,206
7850,107,amr475,clean,0.01,0.3560855263157895,0.4115853658536585,206,1596,0.4115853658536585,206
7850,107,amr475,clean,0.05,0.36697211779448624,0.4481707317073171,206,1596,0.4481707317073171,206
7850,107,amr122_g711u,clean,0.0,0.26026002506265666,0.31097560975609756,206,1596,0.31097560975609756,206
7850,107,amr122_g711u,clean,0.01,0.2635103383458647,0.31097560975609756,206,1596,0.31097560975609756,206
7850,107,amr122_g711u,clean,0.05,0.27670739348370926,0.3178191489361702,206,1596,0.3178191489361702,206
7850,107,g711u,white20,0.0,0.027749747729566093,0.04796511627906977,121,991,0.04796511627906977,121
7850,107,g711u,white20,0.01,0.03512865792129163,0.06495098039215687,121,991,0.06495098039215687,121
7850,107,g711u,white20,0.05,0.07669021190716448,0.15406976744186046,121,991,0.15406976744186046,121
7850,107,g711a,white20,0.0,0.02711907164480323,0.04941860465116279,121,991,0.04941860465116279,121
7850,107,g711a,white20,0.01,0.03493945509586276,0.057926829268292686,121,991,0.057926829268292686,121
7850,107,g711a,white20,0.05,0.07114026236125126,0.15178571428571427,121,991,0.15178571428571427,121
7850,107,opus16,white20,0.0,0.15186680121089807,0.19767441860465115,121,991,0.19767441860465115,121
7850,107,opus16,white20,0.01,0.15817356205852673,0.20784883720930233,121,991,0.20784883720930233,121
7850,107,opus16,white20,0.05,0.1804994954591322,0.24127906976744187,121,991,0.24127906976744187,121
7850,107,amr122,white20,0.0,0.24552219979818365,0.30113636363636365,121,991,0.30113636363636365,121
7850,107,amr122,white20,0.01,0.249558526740666,0.31136363636363634,121,991,0.31136363636363634,121
7850,107,amr122,white20,0.05,0.26955095862764883,0.3409090909090909,121,991,0.3409090909090909,121
7850,107,amr475,white20,0.0,0.3416372351160444,0.4097222222222222,121,991,0.4097222222222222,121
7850,107,amr475,white20,0.01,0.34264631685166497,0.4097222222222222,121,991,0.4097222222222222,121
7850,107,amr475,white20,0.05,0.35084510595358226,0.41388888888888886,121,991,0.41388888888888886,121
7850,107,amr122_g711u,white20,0.0,0.2481079717457114,0.3034090909090909,121,991,0.3034090909090909,121
7850,107,amr122_g711u,white20,0.01,0.251324419778002,0.30454545454545456,121,991,0.30454545454545456,121
7850,107,amr122_g711u,white20,0.05,0.26444248234106965,0.3229166666666667,121,991,0.3229166666666667,121
7850,107,g711u,babble10,0.0,0.04408751205400193,0.08432539682539683,267,2074,0.08432539682539683,267
7850,107,g711u,babble10,0.01,0.05213355834136933,0.11495535714285714,267,2074,0.11495535714285714,267
7850,107,g711u,babble10,0.05,0.07940573770491803,0.16576086956521738,267,2074,0.16576086956521738,267
7850,107,g711a,babble10,0.0,0.03980834136933462,0.0744047619047619,267,2074,0.0744047619047619,267
7850,107,g711a,babble10,0.01,0.050204918032786885,0.10518292682926829,267,2074,0.10518292682926829,267
7850,107,g711a,babble10,0.05,0.0863066538090646,0.1554054054054054,267,2074,0.1554054054054054,267
7850,107,opus16,babble10,0.0,0.1592333654773385,0.19157608695652173,267,2074,0.19157608695652173,267
7850,107,opus16,babble10,0.01,0.16354267116682739,0.20069444444444445,267,2074,0.20069444444444445,267
7850,107,opus16,babble10,0.05,0.18864513018322082,0.234375,267,2074,0.234375,267
7850,107,amr122,babble10,0.0,0.24773987463837993,0.30625,267,2074,0.30625,267
7850,107,amr122,babble10,0.01,0.25138621022179364,0.309375,267,2074,0.309375,267
7850,107,amr122,babble10,0.05,0.27172733847637415,0.3269230769230769,267,2074,0.3269230769230769,267
7850,107,amr475,babble10,0.0,0.34989754098360654,0.39453125,267,2074,0.39453125,267
7850,107,amr475,babble10,0.01,0.35348360655737704,0.4017857142857143,267,2074,0.4017857142857143,267
7850,107,amr475,babble10,0.05,0.3621624879459981,0.4034090909090909,267,2074,0.4034090909090909,267
7850,107,amr122_g711u,babble10,0.0,0.2495178399228544,0.315625,267,2074,0.315625,267
7850,107,amr122_g711u,babble10,0.01,0.25247107039537126,0.315625,267,2074,0.315625,267
7850,107,amr122_g711u,babble10,0.05,0.2696781581485053,0.315625,267,2074,0.315625,267
7976,108,g711u,clean,0.0,0.05651260504201681,0.09520348837209303,221,1785,0.09520348837209303,221
7976,108,g711u,clean,0.01,0.06197478991596639,0.10526315789473684,221,1785,0.10526315789473684,221
7976,108,g711u,clean,0.05,0.11186974789915967,0.16279069767441862,221,1785,0.16279069767441862,221
7976,108,g711a,clean,0.0,0.05500700280112045,0.0872093023255814,221,1785,0.0872093023255814,221
7976,108,g711a,clean,0.01,0.06242997198879552,0.09811046511627906,221,1785,0.09811046511627906,221
7976,108,g711a,clean,0.05,0.10234593837535014,0.18617021276595744,221,1785,0.18617021276595744,221
7976,108,opus16,clean,0.0,0.13858543417366948,0.17301829268292682,221,1785,0.17301829268292682,221
7976,108,opus16,clean,0.01,0.1454481792717087,0.18216463414634146,221,1785,0.18216463414634146,221
7976,108,opus16,clean,0.05,0.1645658263305322,0.22450657894736842,221,1785,0.22450657894736842,221
7976,108,amr122,clean,0.0,0.2290266106442577,0.28125,221,1785,0.28125,221
7976,108,amr122,clean,0.01,0.23564425770308123,0.2870639534883721,221,1785,0.2870639534883721,221
7976,108,amr122,clean,0.05,0.25469187675070026,0.3180147058823529,221,1785,0.3180147058823529,221
7976,108,amr475,clean,0.0,0.3209383753501401,0.36755952380952384,221,1785,0.36755952380952384,221
7976,108,amr475,clean,0.01,0.3236344537815126,0.37797619047619047,221,1785,0.37797619047619047,221
7976,108,amr475,clean,0.05,0.33501400560224087,0.3691860465116279,221,1785,0.3691860465116279,221
7976,108,amr122_g711u,clean,0.0,0.23438375350140056,0.28851744186046513,221,1785,0.28851744186046513,221
7976,108,amr122_g711u,clean,0.01,0.2407563025210084,0.2936046511627907,221,1785,0.2936046511627907,221
7976,108,amr122_g711u,clean,0.05,0.2626750700280112,0.3081395348837209,221,1785,0.3081395348837209,221
7976,108,g711u,white20,0.0,0.02515377855887522,0.03837719298245614,153,1138,0.03837719298245614,153
7976,108,g711u,white20,0.01,0.035643673110720565,0.125,153,1138,0.125,153
7976,108,g711u,white20,0.05,0.06288444639718804,0.13541666666666666,153,1138,0.13541666666666666,153
7976,108,g711a,white20,0.0,0.023615992970123022,0.036458333333333336,153,1138,0.036458333333333336,153
7976,108,g711a,white20,0.01,0.030590949033391917,0.08536585365853659,153,1138,0.08536585365853659,153
7976,108,g711a,white20,0.05,0.07046353251318102,0.13517441860465115,153,1138,0.13517441860465115,153
7976,108,opus16,white20,0.0,0.14652899824253077,0.17083333333333334,153,1138,0.17083333333333334,153
7976,108,opus16,white20,0.01,0.15185632688927944,0.1905241935483871,153,1138,0.1905241935483871,153
7976,108,opus16,white20,0.05,0.1701999121265378,0.21656976744186046,153,1138,0.21656976744186046,153
7976,108,amr122,white20,0.0,0.23066783831282953,0.28541666666666665,153,1138,0.28541666666666665,153
7976,108,amr122,white20,0.01,0.234402460456942,0.28921568627450983,153,1138,0.28921568627450983,153
7976,108,amr122,white20,0.05,0.2492860281195079,0.30372807017543857,153,1138,0.30372807017543857,153
7976,108,amr475,white20,0.0,0.3250768892794376,0.3879310344827586,153,1138,0.3879310344827586,153
7976,108,amr475,white20,0.01,0.3270540421792619,0.3879310344827586,153,1138,0.3879310344827586,153
7976,108,amr475,white20,0.05,0.33858743409490333,0.3879310344827586,153,1138,0.3879310344827586,153
7976,108,amr122_g711u,white20,0.0,0.23066783831282953,0.28854166666666664,153,1138,0.28854166666666664,153
7976,108,amr122_g711u,white20,0.01,0.2368739015817223,0.29270833333333335,153,1138,0.29270833333333335,153
7976,108,amr122_g711u,white20,0.05,0.2557117750439367,0.325,153,1138,0.325,153
7976,108,g711u,babble10,0.0,0.04086317722681359,0.07686781609195402,276,2178,0.07686781609195402,276
7976,108,g711u,babble10,0.01,0.04861111111111111,0.09134615384615384,276,2178,0.09134615384615384,276
7976,108,g711u,babble10,0.05,0.0824724517906336,0.16576086956521738,276,2178,0.16576086956521738,276
7976,108,g711a,babble10,0.0,0.03856749311294766,0.07255747126436782,276,2178,0.07255747126436782,276
7976,108,g711a,babble10,0.01,0.04625803489439853,0.08194444444444444,276,2178,0.08194444444444444,276
7976,108,g711a,babble10,0.05,0.08456726354453627,0.16052631578947368,276,2178,0.16052631578947368,276
7976,108,opus16,babble10,0.0,0.15033861340679522,0.1832627118644068,276,2178,0.1832627118644068,276
7976,108,opus16,babble10,0.01,0.15536042240587694,0.19230769230769232,276,2178,0.19230769230769232,276
7976,108,opus16,babble10,0.05,0.1832242883379247,0.26308139534883723,276,2178,0.26308139534883723,276
7976,108,amr122,babble10,0.0,0.2432277318640955,0.30078125,276,2178,0.30078125,276
7976,108,amr122,babble10,0.01,0.2487947658402204,0.3232421875,276,2178,0.3232421875,276
7976,108,amr122,babble10,0.05,0.26509412304866853,0.341796875,276,2178,0.341796875,276
7976,108,amr475,babble10,0.0,0.3322141873278237,0.3837890625,276,2178,0.3837890625,276
7976,108,amr475,babble10,0.01,0.334452479338843,0.3869485294117647,276,2178,0.3869485294117647,276
7976,108,amr475,babble10,0.05,0.34311868686868685,0.4083333333333333,276,2178,0.4083333333333333,276
7976,108,amr122_g711u,babble10,0.0,0.24408861340679522,0.3,276,2178,0.3,276
7976,108,amr122_g711u,babble10,0.01,0.24982782369146006,0.31805555555555554,276,2178,0.31805555555555554,276
7976,108,amr122_g711u,babble10,0.05,0.26457759412304865,0.3212890625,276,2178,0.3212890625,276
7976,109,g711u,clean,0.0,0.052307347670250894,0.07712765957446809,207,1674,0.07712765957446809,207
7976,109,g711u,clean,0.01,0.05738500597371565,0.09103260869565218,207,1674,0.09103260869565218,207
7976,109,g711u,clean,0.05,0.09274193548387097,0.1597222222222222,207,1674,0.1597222222222222,207
7976,109,g711a,clean,0.0,0.05092592592592592,0.07845744680851063,207,1674,0.07845744680851063,207
7976,109,g711a,clean,0.01,0.0625,0.11403508771929824,207,1674,0.11403508771929824,207
7976,109,g711a,clean,0.05,0.08766427718040622,0.14098837209302326,207,1674,0.14098837209302326,207
7976,109,opus16,clean,0.0,0.1423611111111111,0.1796875,207,1674,0.1796875,207
7976,109,opus16,clean,0.01,0.14863351254480286,0.18597560975609756,207,1674,0.18597560975609756,207
7976,109,opus16,clean,0.05,0.17824074074074073,0.22840909090909092,207,1674,0.22840909090909092,207
7976,109,amr122,clean,0.0,0.23573775388291518,0.2862903225806452,207,1674,0.2862903225806452,207
7976,109,amr122,clean,0.01,0.24189814814814814,0.2978723404255319,207,1674,0.2978723404255319,207
7976,109,amr122,clean,0.05,0.2613127240143369,0.3034274193548387,207,1674,0.3034274193548387,207
7976,109,amr475,clean,0.0,0.3311305256869773,0.3996478873239437,207,1674,0.3996478873239437,207
7976,109,amr475,clean,0.01,0.33441606929510154,0.40757042253521125,207,1674,0.40757042253521125,207
7976,109,amr475,clean,0.05,0.3441233572281959,0.40580985915492956,207,1674,0.40580985915492956,207
7976,109,amr122_g711u,clean,0.0,0.24018070489844684,0.2913732394366197,207,1674,0.2913732394366197,207
7976,109,amr122_g711u,clean,0.01,0.2445863201911589,0.30633802816901406,207,1674,0.30633802816901406,207
7976,109,amr122_g711u,clean,0.05,0.26347819593787336,0.31161971830985913,207,1674,0.31161971830985913,207
7976,109,g711u,white20,0.0,0.024325980392156863,0.041158536585365856,134,1020,0.041158536585365856,134
7976,109,g711u,white20,0.01,0.035416666666666666,0.07164634146341463,134,1020,0.07164634146341463,134
7976,109,g711u,white20,0.05,0.07316176470588236,0.13333333333333333,134,1020,0.13333333333333333,134
7976,109,g711a,white20,0.0,0.025245098039215687,0.0375,134,1020,0.0375,134
7976,109,g711a,white20,0.01,0.0326593137254902,0.056402439024390245,134,1020,0.056402439024390245,134
7976,109,g711a,white20,0.05,0.10459905660377358,0.5785256410256411,135,1020,0.18607954545454544,134
7976,109,opus16,white20,0.0,0.14044117647058824,0.1722560975609756,134,1020,0.1722560975609756,134
7976,109,opus16,white20,0.01,0.146875,0.18597560975609756,134,1020,0.18597560975609756,134
7976,109,opus16,white20,0.05,0.17212009803921569,0.221875,134,1020,0.221875,134
7976,109,amr122,white20,0.0,0.23474264705882353,0.2896341463414634,134,1020,0.2896341463414634,134
7976,109,amr122,white20,0.01,0.23921568627450981,0.30640243902439024,134,1020,0.30640243902439024,134
7976,109,amr122,white20,0.05,0.2528799019607843,0.29573170731707316,134,1020,0.29573170731707316,134
7976,109,amr475,white20,0.0,0.3185661764705882,0.3693181818181818,134,1020,0.3693181818181818,134
7976,109,amr475,white20,0.01,0.3206495098039216,0.37613636363636366,134,1020,0.37613636363636366,134
7976,109,amr475,white20,0.05,0.3264093137254902,0.3870192307692308,134,1020,0.3870192307692308,134
7976,109,amr122_g711u,white20,0.0,0.23535539215686274,0.28924418604651164,134,1020,0.28924418604651164,134
7976,109,amr122_g711u,white20,0.01,0.23903186274509805,0.29941860465116277,134,1020,0.29941860465116277,134
7976,109,amr122_g711u,white20,0.05,0.2516544117647059,0.3277777777777778,134,1020,0.3277777777777778,134
7976,109,g711u,babble10,0.0,0.03620580808080808,0.06370192307692307,251,1980,0.06370192307692307,251
7976,109,g711u,babble10,0.01,0.04315025252525252,0.07457386363636363,251,1980,0.07457386363636363,251
7976,109,g711u,babble10,0.05,0.07932449494949495,0.14473684210526316,251,1980,0.14473684210526316,251
7976,109,g711a,babble10,0.0,0.033680555555555554,0.05846774193548387,251,1980,0.05846774193548387,251
7976,109,g711a,babble10,0.01,0.041666666666666664,0.07589285714285714,251,1980,0.07589285714285714,251
7976,109,g711a,babble10,0.05,0.07250631313131313,0.14204545454545456,251,1980,0.14204545454545456,251
7976,109,opus16,babble10,0.0,0.14750631313131313,0.1748046875,251,1980,0.1748046875,251
7976,109,opus16,babble10,0.01,0.15299873737373737,0.19140625,251,1980,0.19140625,251
7976,109,opus16,babble10,0.05,0.17932449494949496,0.23958333333333334,251,1980,0.23958333333333334,251
7976,109,amr122,babble10,0.0,0.22626262626262628,0.26339285714285715,251,1980,0.26339285714285715,251
7976,109,amr122,babble10,0.01,0.23140782828282827,0.26339285714285715,251,1980,0.26339285714285715,251
7976,109,amr122,babble10,0.05,0.2474747474747475,0.29464285714285715,251,1980,0.29464285714285715,251
7976,109,amr475,babble10,0.0,0.32323232323232326,0.376953125,251,1980,0.376953125,251
7976,109,amr475,babble10,0.01,0.32793560606060607,0.392578125,251,1980,0.392578125,251
7976,109,amr475,babble10,0.05,0.34021464646464644,0.396484375,251,1980,0.396484375,251
7976,109,amr122_g711u,babble10,0.0,0.22853535353535354,0.26785714285714285,251,1980,0.26785714285714285,251
7976,109,amr122_g711u,babble10,0.01,0.2335858585858586,0.2816666666666667,251,1980,0.2816666666666667,251
7976,109,amr122_g711u,babble10,0.05,0.24624368686868686,0.28720238095238093,251,1980,0.28720238095238093,251
7976,110,g711u,clean,0.0,0.052188287153652396,0.08641975308641975,204,1588,0.08641975308641975,204
7976,110,g711u,clean,0.01,0.06061083123425693,0.1,204,1588,0.1,204
7976,110,g711u,clean,0.05,0.09477329974811083,0.16594827586206898,204,1588,0.16594827586206898,204
7976,110,g711a,clean,0.0,0.051086272040302264,0.10047468354430379,204,1588,0.10047468354430379,204
7976,110,g711a,clean,0.01,0.058564231738035266,0.10833333333333334,204,1588,0.10833333333333334,204
7976,110,g711a,clean,0.05,0.0908375314861461,0.18931159420289856,204,1588,0.18931159420289856,204
7976,110,opus16,clean,0.0,0.14365554156171284,0.1796875,204,1588,0.1796875,204
7976,110,opus16,clean,0.01,0.14987405541561713,0.18452380952380953,204,1588,0.18452380952380953,204
7976,110,opus16,clean,0.05,0.17352802267002518,0.21310240963855423,204,1588,0.21310240963855423,204
7976,110,amr122,clean,0.0,0.23567380352644837,0.28720238095238093,204,1588,0.28720238095238093,204
7976,110,amr122,clean,0.01,0.2381926952141058,0.3125,204,1588,0.3125,204
7976,110,amr122,clean,0.05,0.2557462216624685,0.29496951219512196,204,1588,0.29496951219512196,204
7976,110,amr475,clean,0.0,0.33135232997481107,0.38839285714285715,204,1588,0.38839285714285715,204
7976,110,amr475,clean,0.01,0.3345796599496222,0.3943452380952381,204,1588,0.3943452380952381,204
7976,110,amr475,clean,0.05,0.34697732997481107,0.4014423076923077,204,1588,0.4014423076923077,204
7976,110,amr122_g711u,clean,0.0,0.2373661838790932,0.2883522727272727,204,1588,0.2883522727272727,204
7976,110,amr122_g711u,clean,0.01,0.24366341309823678,0.2883522727272727,204,1588,0.2883522727272727,204
7976,110,amr122_g711u,clean,0.05,0.26086272040302266,0.32670454545454547,204,1588,0.32670454545454547,204
7976,110,g711u,white20,0.0,0.02317134268537074,0.044642857142857144,137,998,0.044642857142857144,137
7976,110,g711u,white20,0.01,0.03400551102204409,0.08559782608695653,137,998,0.08559782608695653,137
7976,110,g711u,white20,0.05,0.06487975951903807,0.12867647058823528,137,998,0.12867647058823528,137
7976,110,g711a,white20,0.0,0.023046092184368736,0.036684782608695655,137,998,0.036684782608695655,137
7976,110,g711a,white20,0.01,0.03594689378757515,0.09311224489795919,137,998,0.09311224489795919,137
7976,110,g711a,white20,0.05,0.06688376753507014,0.14625,137,998,0.14625,137
7976,110,opus16,white20,0.0,0.14284819639278556,0.17708333333333334,137,998,0.17708333333333334,137
7976,110,opus16,white20,0.01,0.14641783567134267,0.17708333333333334,137,998,0.17708333333333334,137
7976,110,opus16,white20,0.05,0.16896292585170342,0.21467391304347827,137,998,0.21467391304347827,137
7976,110,amr122,white20,0.0,0.2275801603206413,0.27045454545454545,137,998,0.27045454545454545,137
7976,110,amr122,white20,0.01,0.23515781563126253,0.2844387755102041,137,998,0.2844387755102041,137
7976,110,amr122,white20,0.05,0.24329909819639278,0.29125,137,998,0.29125,137
7976,110,amr475,white20,0.0,0.3230210420841683,0.375,137,998,0.375,137
7976,110,amr475,white20,0.01,0.32433617234468937,0.3826530612244898,137,998,0.3826530612244898,137
7976,110,amr475,white20,0.05,0.33535821643286573,0.38858695652173914,137,998,0.38858695652173914,137
7976,110,amr122_g711u,white20,0.0,0.2280185370741483,0.2715909090909091,137,998,0.2715909090909091,137
7976,110,amr122_g711u,white20,0.01,0.2315255511022044,0.288265306122449,137,998,0.288265306122449,137
7976,110,amr122_g711u,white20,0.05,0.251127254509018,0.29127358490566035,137,998,0.29127358490566035,137
7976,110,g711u,babble10,0.0,0.03388096351730589,0.06382978723404255,274,2138,0.06382978723404255,274
7976,110,g711u,babble10,0.01,0.0419200187090739,0.08846153846153847,274,2138,0.08846153846153847,274
7976,110,g711u,babble10,0.05,0.07521632366697849,0.15148305084745764,274,2138,0.15148305084745764,274
7976,110,g711a,babble10,0.0,0.03183465855940131,0.05319148936170213,274,2138,0.05319148936170213,274
7976,110,g711a,babble10,0.01,0.03949368568755847,0.08423913043478261,274,2138,0.08423913043478261,274
7976,110,g711a,babble10,0.05,0.08185219831618334,0.16416666666666666,274,2138,0.16416666666666666,274
7976,110,opus16,babble10,0.0,0.15581150608044902,0.19847972972972974,274,2138,0.19847972972972974,274
7976,110,opus16,babble10,0.01,0.16393826005612722,0.20347222222222222,274,2138,0.20347222222222222,274
7976,110,opus16,babble10,0.05,0.1870030402245089,0.23007246376811594,274,2138,0.23007246376811594,274
7976,110,amr122,babble10,0.0,0.23532507015902712,0.2871376811594203,274,2138,0.2871376811594203,274
7976,110,amr122,babble10,0.01,0.2404115996258185,0.29438405797101447,274,2138,0.29438405797101447,274
7976,110,amr122,babble10,0.05,0.2580975210477081,0.3039772727272727,274,2138,0.3039772727272727,274
7976,110,amr475,babble10,0.0,0.33828344246959774,0.384963768115942,274,2138,0.384963768115942,274
7976,110,amr475,babble10,0.01,0.34100210477081383,0.3958333333333333,274,2138,0.3958333333333333,274
7976,110,amr475,babble10,0.05,0.3497427502338634,0.3889705882352941,274,2138,0.3889705882352941,274
7976,110,amr122_g711u,babble10,0.0,0.2378975678203929,0.28583333333333333,274,2138,0.28583333333333333,274
7976,110,amr122_g711u,babble10,0.01,0.2426333021515435,0.2991666666666667,274,2138,0.2991666666666667,274
7976,110,amr122_g711u,babble10,0.05,0.26028999064546304,0.3333333333333333,274,2138,0.3333333333333333,274
8297,111,g711u,clean,0.0,0.07977552816901408,0.11432926829268293,206,1704,0.11432926829268293,206
8297,111,g711u,clean,0.01,0.08784477699530517,0.1206896551724138,206,1704,0.1206896551724138,206
8297,111,g711u,clean,0.05,0.12030516431924883,0.1767857142857143,206,1704,0.1767857142857143,206
8297,111,g711a,clean,0.0,0.07889524647887323,0.10817307692307693,206,1704,0.10817307692307693,206
8297,111,g711a,clean,0.01,0.08993544600938967,0.1171875,206,1704,0.1171875,206
8297,111,g711a,clean,0.05,0.11755428403755869,0.21279761904761904,206,1704,0.21279761904761904,206
8297,111,opus16,clean,0.0,0.1722051056338028,0.19682835820895522,206,1704,0.19682835820895522,206
8297,111,opus16,clean,0.01,0.17818368544600938,0.24722222222222223,206,1704,0.24722222222222223,206
8297,111,opus16,clean,0.05,0.20741637323943662,0.26492537313432835,206,1704,0.26492537313432835,206
8297,111,amr122,clean,0.0,0.2807365023474178,0.3142123287671233,206,1704,0.3142123287671233,206
8297,111,amr122,clean,0.01,0.2846244131455399,0.3176470588235294,206,1704,0.3176470588235294,206
8297,111,amr122,clean,0.05,0.2987455985915493,0.3441780821917808,206,1704,0.3441780821917808,206
8297,111,amr475,clean,0.0,0.38218896713615025,0.4220890410958904,206,1704,0.4220890410958904,206
8297,111,amr475,clean,0.01,0.383656103286385,0.4212328767123288,206,1704,0.4212328767123288,206
8297,111,amr475,clean,0.05,0.3914319248826291,0.4392123287671233,206,1704,0.4392123287671233,206
8297,111,amr122_g711u,clean,0.0,0.2863849765258216,0.3313356164383562,206,1704,0.3313356164383562,206
8297,111,amr122_g711u,clean,0.01,0.2911531690140845,0.3313356164383562,206,1704,0.3313356164383562,206
8297,111,amr122_g711u,clean,0.05,0.3064113849765258,0.3476027397260274,206,1704,0.3476027397260274,206
8297,111,g711u,white20,0.0,0.036492502343017805,0.06845238095238096,147,1067,0.06845238095238096,147
8297,111,g711u,white20,0.01,0.045981724461105905,0.10518292682926829,147,1067,0.10518292682926829,147
8297,111,g711u,white20,0.05,0.08241565135895033,0.1333955223880597,147,1067,0.1333955223880597,147
8297,111,g711a,white20,0.0,0.03420805998125586,0.05823863636363636,147,1067,0.05823863636363636,147
8297,111,g711a,white20,0.01,0.043755857544517336,0.0701219512195122,147,1067,0.0701219512195122,147
8297,111,g711a,white20,0.05,0.08973758200562325,0.1828125,147,1067,0.1828125,147
8297,111,opus16,white20,0.0,0.17607778819119024,0.21428571428571427,147,1067,0.21428571428571427,147
8297,111,opus16,white20,0.01,0.17853795688847235,0.23214285714285715,147,1067,0.23214285714285715,147
8297,111,opus16,white20,0.05,0.20524835988753515,0.24342105263157895,147,1067,0.24342105263157895,147
8297,111,amr122,white20,0.0,0.28180646672914716,0.3394396551724138,147,1067,0.3394396551724138,147
8297,111,amr122,white20,0.01,0.2846180880974695,0.3426724137931034,147,1067,0.3426724137931034,147
8297,111,amr122,white20,0.05,0.3030693533270853,0.34615384615384615,147,1067,0.34615384615384615,147
8297,111,amr475,white20,0.0,0.37628865979381443,0.42939814814814814,147,1067,0.42939814814814814,147
8297,111,amr475,white20,0.01,0.3786316776007498,0.42476851851851855,147,1067,0.42476851851851855,147
8297,111,amr475,white20,0.05,0.38817947516401125,0.4398148148148148,147,1067,0.4398148148148148,147
8297,111,amr122_g711u,white20,0.0,0.28327085285848175,0.3431818181818182,147,1067,0.3431818181818182,147
8297,111,amr122_g711u,white20,0.01,0.2896555763823805,0.35384615384615387,147,1067,0.35384615384615387,147
8297,111,amr122_g711u,white20,0.05,0.30084348641049674,0.36530172413793105,147,1067,0.36530172413793105,147
8297,111,g711u,babble10,0.0,0.0390625,0.0894396551724138,288,2128,0.0894396551724138,288
8297,111,g711u,babble10,0.01,0.047315554511278196,0.095,288,2128,0.095,288
8297,111,g711u,babble10,0.05,0.07727326127819549,0.14655172413793102,288,2128,0.14655172413793102,288
8297,111,g711a,babble10,0.0,0.038386983082706765,0.08152173913043478,288,2128,0.08152173913043478,288
8297,111,g711a,babble10,0.01,0.04834351503759399,0.10586734693877552,288,2128,0.10586734693877552,288
8297,111,g711a,babble10,0.05,0.07703829887218046,0.13839285714285715,288,2128,0.13839285714285715,288
8297,111,opus16,babble10,0.0,0.15818843984962405,0.19230769230769232,288,2128,0.19230769230769232,288
8297,111,opus16,babble10,0.01,0.16415061090225563,0.20352564102564102,288,2128,0.20352564102564102,288
8297,111,opus16,babble10,0.05,0.19249295112781956,0.2583841463414634,288,2128,0.2583841463414634,288
8297,111,amr122,babble10,0.0,0.248531484962406,0.29115853658536583,288,2128,0.29115853658536583,288
8297,111,amr122,babble10,0.01,0.25458176691729323,0.3003472222222222,288,2128,0.3003472222222222,288
8297,111,amr122,babble10,0.05,0.26876762218045114,0.32756024096385544,288,2128,0.32756024096385544,288
8297,111,amr475,babble10,0.0,0.3569666353383459,0.4033203125,288,2128,0.4033203125,288
8297,111,amr475,babble10,0.01,0.35828829887218044,0.4033203125,288,2128,0.4033203125,288
8297,111,amr475,babble10,0.05,0.36827420112781956,0.427734375,288,2128,0.427734375,288
8297,111,amr122_g711u,babble10,0.0,0.25014685150375937,0.2925,288,2128,0.2925,288
8297,111,amr122_g711u,babble10,0.01,0.25343632518796994,0.2992021276595745,288,2128,0.2992021276595745,288
8297,111,amr122_g711u,babble10,0.05,0.2709703947368421,0.3269927536231884,288,2128,0.3269927536231884,288
8297,112,g711u,clean,0.0,0.09010940272028385,0.13561320754716982,211,1691,0.13561320754716982,211
8297,112,g711u,clean,0.01,0.09994086339444117,0.14976415094339623,211,1691,0.14976415094339623,211
8297,112,g711u,clean,0.05,0.12980484920165583,0.2144230769230769,211,1691,0.2144230769230769,211
8297,112,g711a,clean,0.0,0.08667208752217623,0.14625,211,1691,0.14625,211
8297,112,g711a,clean,0.01,0.0941380839739799,0.17125,211,1691,0.17125,211
8297,112,g711a,clean,0.05,0.12699586043761088,0.22125,211,1691,0.22125,211
8297,112,opus16,clean,0.0,0.17718805440567711,0.20790816326530612,211,1691,0.20790816326530612,211
8297,112,opus16,clean,0.01,0.18029272619751627,0.2151639344262295,211,1691,0.2151639344262295,211
8297,112,opus16,clean,0.05,0.20439089296274393,0.2857142857142857,211,1691,0.2857142857142857,211
8297,112,amr122,clean,0.0,0.29509166173861623,0.3527777777777778,211,1691,0.3527777777777778,211
8297,112,amr122,clean,0.01,0.29834417504435246,0.3541666666666667,211,1691,0.3541666666666667,211
8297,112,amr122,clean,0.05,0.3124630396215257,0.36096938775510207,211,1691,0.36096938775510207,211
8297,112,amr475,clean,0.0,0.393110585452395,0.43617021276595747,211,1691,0.43617021276595747,211
8297,112,amr475,clean,0.01,0.39481076286221173,0.43617021276595747,211,1691,0.43617021276595747,211
8297,112,amr475,clean,0.05,0.40020697811945594,0.45694444444444443,211,1691,0.45694444444444443,211
8297,112,amr122_g711u,clean,0.0,0.30496008279124776,0.3611111111111111,211,1691,0.3611111111111111,211
8297,112,amr122_g711u,clean,0.01,0.3091366055588409,0.3611111111111111,211,1691,0.3611111111111111,211
8297,112,amr122_g711u,clean,0.05,0.32162921348314605,0.36904761904761907,211,1691,0.36904761904761907,211
8297,112,g711u,white20,0.0,0.03565179352580927,0.061224489795918366,154,1143,0.061224489795918366,154
8297,112,g711u,white20,0.01,0.04319772528433946,0.07733050847457627,154,1143,0.07733050847457627,154
8297,112,g711u,white20,0.05,0.07890419947506562,0.17916666666666667,154,1143,0.17916666666666667,154
8297,112,g711a,white20,0.0,0.03663604549431321,0.06398809523809523,154,1143,0.06398809523809523,154
8297,112,g711a,white20,0.01,0.042049431321084865,0.08779761904761904,154,1143,0.08779761904761904,154
8297,112,g711a,white20,0.05,0.0823490813648294,0.1527777777777778,154,1143,0.1527777777777778,154
8297,112,opus16,white20,0.0,0.17186132983377078,0.20652173913043478,154,1143,0.20652173913043478,154
8297,112,opus16,white20,0.01,0.1807195975503062,0.215,154,1143,0.215,154
8297,112,opus16,white20,0.05,0.1976159230096238,0.23958333333333334,154,1143,0.23958333333333334,154
8297,112,amr122,white20,0.0,0.28565179352580927,0.3302083333333333,154,1143,0.3302083333333333,154
8297,112,amr122,white20,0.01,0.2893153980752406,0.3302083333333333,154,1143,0.3302083333333333,154
8297,112,amr122,white20,0.05,0.3039698162729659,0.3645833333333333,154,1143,0.3645833333333333,154
8297,112,amr475,white20,0.0,0.3876859142607174,0.45108695652173914,154,1143,0.45108695652173914,154
8297,112,amr475,white20,0.01,0.38719378827646544,0.45108695652173914,154,1143,0.45108695652173914,154
8297,112,amr475,white20,0.05,0.39320866141732286,0.44157608695652173,154,1143,0.44157608695652173,154
8297,112,amr122_g711u,white20,0.0,0.2885498687664042,0.33229166666666665,154,1143,0.33229166666666665,154
8297,112,amr122_g711u,white20,0.01,0.29161198600174976,0.32954545454545453,154,1143,0.32954545454545453,154
8297,112,amr122_g711u,white20,0.05,0.2986111111111111,0.35294117647058826,154,1143,0.35294117647058826,154
8297,112,g711u,babble10,0.0,0.05484764542936288,0.09027777777777778,225,1805,0.09027777777777778,225
8297,112,g711u,babble10,0.01,0.06436980609418283,0.09921875,225,1805,0.09921875,225
8297,112,g711u,babble10,0.05,0.09684903047091413,0.15416666666666667,225,1805,0.15416666666666667,225
8297,112,g711a,babble10,0.0,0.05079639889196676,0.09772727272727273,225,1805,0.09772727272727273,225
8297,112,g711a,babble10,0.01,0.05810249307479225,0.09772727272727273,225,1805,0.09772727272727273,225
8297,112,g711a,babble10,0.05,0.09875346260387811,0.15558510638297873,225,1805,0.15558510638297873,225
8297,112,opus16,babble10,0.0,0.16859418282548477,0.22023809523809523,225,1805,0.22023809523809523,225
8297,112,opus16,babble10,0.01,0.17468836565096954,0.2245762711864407,225,1805,0.2245762711864407,225
8297,112,opus16,babble10,0.05,0.20128116343490304,0.28125,225,1805,0.28125,225
8297,112,amr122,babble10,0.0,0.26170360110803326,0.32926829268292684,225,1805,0.32926829268292684,225
8297,112,amr122,babble10,0.01,0.2681786703601108,0.3445121951219512,225,1805,0.3445121951219512,225
8297,112,amr122,babble10,0.05,0.2777354570637119,0.3359375,225,1805,0.3359375,225
8297,112,amr475,babble10,0.0,0.36759822910902046,0.421875,225,1805,0.421875,225
8297,112,amr475,babble10,0.01,0.3686704482567792,0.4245689655172414,225,1805,0.4245689655172414,225
8297,112,amr475,babble10,0.05,0.3811220254565578,0.4460227272727273,225,1805,0.4460227272727273,225
8297,112,amr122_g711u,babble10,0.0,0.2672091412742382,0.3307926829268293,225,1805,0.3307926829268293,225
8297,112,amr122_g711u,babble10,0.01,0.27126038781163436,0.3307926829268293,225,1805,0.3307926829268293,225
8297,112,amr122_g711u,babble10,0.05,0.2899930747922438,0.36022727272727273,225,1805,0.36022727272727273,225
8297,113,g711u,clean,0.0,0.07732052211747643,0.16454081632653061,172,1379,0.16454081632653061,172
8297,113,g711u,clean,0.01,0.0856145757795504,0.1683673469387755,172,1379,0.1683673469387755,172
8297,113,g711u,clean,0.05,0.11797498187092095,0.196875,172,1379,0.196875,172
8297,113,g711a,clean,0.0,0.07519035532994923,0.14668367346938777,172,1379,0.14668367346938777,172
8297,113,g711a,clean,0.01,0.08615844815083394,0.14668367346938777,172,1379,0.14668367346938777,172
8297,113,g711a,clean,0.05,0.1152102973168963,0.21010638297872342,172,1379,0.21010638297872342,172
8297,113,opus16,clean,0.0,0.17041334300217548,0.21726190476190477,172,1379,0.21726190476190477,172
8297,113,opus16,clean,0.01,0.17376722262509064,0.21726190476190477,172,1379,0.21726190476190477,172
8297,113,opus16,clean,0.05,0.19896664249456128,0.24702380952380953,172,1379,0.24702380952380953,172
8297,113,amr122,clean,0.0,0.2852157360406091,0.33035714285714285,172,1379,0.33035714285714285,172
8297,113,amr122,clean,0.01,0.28906816533720087,0.3318452380952381,172,1379,0.3318452380952381,172
8297,113,amr122,clean,0.05,0.3052030456852792,0.3484042553191489,172,1379,0.3484042553191489,172
8297,113,amr475,clean,0.0,0.3869198694706309,0.42877906976744184,172,1379,0.42877906976744184,172
8297,113,amr475,clean,0.01,0.3871464829586657,0.42877906976744184,172,1379,0.42877906976744184,172
8297,113,amr475,clean,0.05,0.3967095721537346,0.4331395348837209,172,1379,0.4331395348837209,172
8297,113,amr122_g711u,clean,0.0,0.291288977519942,0.33035714285714285,172,1379,0.33035714285714285,172
8297,113,amr122_g711u,clean,0.01,0.29332849891225526,0.33035714285714285,172,1379,0.33035714285714285,172
8297,113,amr122_g711u,clean,0.05,0.30792240754169686,0.35119047619047616,172,1379,0.35119047619047616,172
8297,113,g711u,white20,0.0,0.037637362637362635,0.053125,105,910,0.053125,105
8297,113,g711u,white20,0.01,0.044162087912087915,0.08512931034482758,105,910,0.08512931034482758,105
8297,113,g711u,white20,0.05,0.07019230769230769,0.125,105,910,0.125,105
8297,113,g711a,white20,0.0,0.034684065934065936,0.052884615384615384,105,910,0.052884615384615384,105
8297,113,g711a,white20,0.01,0.04690934065934066,0.0921875,105,910,0.0921875,105
8297,113,g711a,white20,0.05,0.08207417582417582,0.14204545454545456,105,910,0.14204545454545456,105
8297,113,opus16,white20,0.0,0.17335164835164835,0.19625,105,910,0.19625,105
8297,113,opus16,white20,0.01,0.17685439560439561,0.21443965517241378,105,910,0.21443965517241378,105
8297,113,opus16,white20,0.05,0.20494505494505494,0.2576754385964912,105,910,0.2576754385964912,105
8297,113,amr122,white20,0.0,0.2804945054945055,0.3347222222222222,105,910,0.3347222222222222,105
8297,113,amr122,white20,0.01,0.28365384615384615,0.3458333333333333,105,910,0.3458333333333333,105
8297,113,amr122,white20,0.05,0.29498626373626374,0.3475609756097561,105,910,0.3475609756097561,105
8297,113,amr475,white20,0.0,0.3809065934065934,0.415625,105,910,0.415625,105
8297,113,amr475,white20,0.01,0.3837912087912088,0.434375,105,910,0.434375,105
8297,113,amr475,white20,0.05,0.3948489010989011,0.4409722222222222,105,910,0.4409722222222222,105
8297,113,amr122_g711u,white20,0.0,0.2835164835164835,0.33194444444444443,105,910,0.33194444444444443,105
8297,113,amr122_g711u,white20,0.01,0.2883928571428571,0.34305555555555556,105,910,0.34305555555555556,105
8297,113,amr122_g711u,white20,0.05,0.3057005494505495,0.3469387755102041,105,910,0.3469387755102041,105
8297,113,g711u,babble10,0.0,0.0431056373793804,0.09679878048780488,248,1969,0.09679878048780488,248
8297,113,g711u,babble10,0.01,0.05164423565261554,0.12195121951219512,248,1969,0.12195121951219512,248
8297,113,g711u,babble10,0.05,0.08611604875571356,0.14241803278688525,248,1969,0.14241803278688525,248
8297,113,g711a,babble10,0.0,0.04183595733875063,0.08307926829268293,248,1969,0.08307926829268293,248
8297,113,g711a,babble10,0.01,0.04904139156932453,0.08877840909090909,248,1969,0.08877840909090909,248
8297,113,g711a,babble10,0.05,0.07935500253936008,0.13932291666666666,248,1969,0.13932291666666666,248
8297,113,opus16,babble10,0.0,0.16194768918232605,0.19886363636363635,248,1969,0.19886363636363635,248
8297,113,opus16,babble10,0.01,0.16899441340782123,0.21484375,248,1969,0.21484375,248
8297,113,opus16,babble10,0.05,0.194197562214322,0.24923780487804878,248,1969,0.24923780487804878,248
8297,113,amr122,babble10,0.0,0.2595543423057389,0.3153409090909091,248,1969,0.3153409090909091,248
8297,113,amr122,babble10,0.01,0.26336338242762825,0.3153409090909091,248,1969,0.3153409090909091,248
8297,113,amr122,babble10,0.05,0.275298374809548,0.32831325301204817,248,1969,0.32831325301204817,248
8297,113,amr475,babble10,0.0,0.36090655154900964,0.4055397727272727,248,1969,0.4055397727272727,248
8297,113,amr475,babble10,0.01,0.36306500761808025,0.4024390243902439,248,1969,0.4024390243902439,248
8297,113,amr475,babble10,0.05,0.37296851193499236,0.4268465909090909,248,1969,0.4268465909090909,248
8297,113,amr122_g711u,babble10,0.0,0.2593321482986288,0.32240853658536583,248,1969,0.32240853658536583,248
8297,113,amr122_g711u,babble10,0.01,0.26428390045708483,0.3239329268292683,248,1969,0.3239329268292683,248
8297,113,amr122_g711u,babble10,0.05,0.27831386490604365,0.328125,248,1969,0.328125,248
84,114,g711u,clean,0.0,0.08182471264367816,0.1175,227,1740,0.1175,227
84,114,g711u,clean,0.01,0.09116379310344827,0.15489130434782608,227,1740,0.15489130434782608,227
84,114,g711u,clean,0.05,0.1247485632183908,0.17279411764705882,227,1740,0.17279411764705882,227
84,114,g711a,clean,0.0,0.07992097701149425,0.125,227,1740,0.125,227
84,114,g711a,clean,0.01,0.08915229885057471,0.14534883720930233,227,1740,0.14534883720930233,227
84,114,g711a,clean,0.05,0.12058189655172413,0.20930232558139536,227,1740,0.20930232558139536,227
84,114,opus16,clean,0.0,0.15876436781609196,0.19140625,227,1740,0.19140625,227
84,114,opus16,clean,0.01,0.16232040229885059,0.20234375,227,1740,0.20234375,227
84,114,opus16,clean,0.05,0.1879310344827586,0.2283653846153846,227,1740,0.2283653846153846,227
84,114,amr122,clean,0.0,0.2645474137931034,0.32703488372093026,227,1740,0.32703488372093026,227
84,114,amr122,clean,0.01,0.26875,0.32703488372093026,227,1740,0.32703488372093026,227
84,114,amr122,clean,0.05,0.2802442528735632,0.34011627906976744,227,1740,0.34011627906976744,227
84,114,amr475,clean,0.0,0.36070402298850573,0.4279891304347826,227,1740,0.4279891304347826,227
84,114,amr475,clean,0.01,0.36160201149425286,0.42391304347826086,227,1740,0.42391304347826086,227
84,114,amr475,clean,0.05,0.37420977011494255,0.4388586956521739,227,1740,0.4388586956521739,227
84,114,amr122_g711u,clean,0.0,0.2713721264367816,0.3444767441860465,227,1740,0.3444767441860465,227
84,114,amr122_g711u,clean,0.01,0.2751795977011494,0.3444767441860465,227,1740,0.3444767441860465,227
84,114,amr122_g711u,clean,0.05,0.2915948275862069,0.35901162790697677,227,1740,0.35901162790697677,227
84,114,g711u,white20,0.0,0.0340625,0.048295454545454544,186,1200,0.048295454545454544,186
84,114,g711u,white20,0.01,0.04390625,0.096875,186,1200,0.096875,186
84,114,g711u,white20,0.05,0.07359375,0.1800595238095238,186,1200,0.1800595238095238,186
84,114,g711a,white20,0.0,0.03505208333333333,0.059375,186,1200,0.059375,186
84,114,g711a,white20,0.01,0.043854166666666666,0.08620689655172414,186,1200,0.08620689655172414,186
84,114,g711a,white20,0.05,0.08515625,0.15,186,1200,0.15,186
84,114,opus16,white20,0.0,0.16239583333333332,0.1984375,186,1200,0.1984375,186
84,114,opus16,white20,0.01,0.16973958333333333,0.20875,186,1200,0.20875,186
84,114,opus16,white20,0.05,0.19369791666666666,0.25290697674418605,186,1200,0.25290697674418605,186
84,114,amr122,white20,0.0,0.2764583333333333,0.33375,186,1200,0.33375,186
84,114,amr122,white20,0.01,0.28260416666666666,0.33375,186,1200,0.33375,186
84,114,amr122,white20,0.05,0.29380208333333335,0.34875,186,1200,0.34875,186
84,114,amr475,white20,0.0,0.36421875,0.435,186,1200,0.435,186
84,114,amr475,white20,0.01,0.3676041666666667,0.435,186,1200,0.435,186
84,114,amr475,white20,0.05,0.37723958333333335,0.43625,186,1200,0.43625,186
84,114,amr122_g711u,white20,0.0,0.2796875,0.34875,186,1200,0.34875,186
84,114,amr122_g711u,white20,0.01,0.28390625,0.355,186,1200,0.355,186
84,114,amr122_g711u,white20,0.05,0.30114583333333333,0.375,186,1200,0.375,186
84,114,g711u,babble10,0.0,0.03916457286432161,0.1125,285,1990,0.1125,285
84,114,g711u,babble10,0.01,0.0478643216080402,0.13,285,1990,0.13,285
84,114,g711u,babble10,0.05,0.0801821608040201,0.16071428571428573,285,1990,0.16071428571428573,285
84,114,g711a,babble10,0.0,0.03762562814070352,0.10555555555555556,285,1990,0.10555555555555556,285
84,114,g711a,babble10,0.01,0.04437814070351759,0.10555555555555556,285,1990,0.10555555555555556,285
84,114,g711a,babble10,0.05,0.08819095477386935,0.15625,285,1990,0.15625,285
84,114,opus16,babble10,0.0,0.15540201005025125,0.18933823529411764,285,1990,0.18933823529411764,285
84,114,opus16,babble10,0.01,0.16074120603015074,0.20225694444444445,285,1990,0.20225694444444445,285
84,114,opus16,babble10,0.05,0.18489321608040202,0.23011363636363635,285,1990,0.23011363636363635,285
84,114,amr122,babble10,0.0,0.24758165829145728,0.2957089552238806,285,1990,0.2957089552238806,285
84,114,amr122,babble10,0.01,0.2522298994974874,0.3041044776119403,285,1990,0.3041044776119403,285
84,114,amr122,babble10,0.05,0.26630025125628143,0.3162313432835821,285,1990,0.3162313432835821,285
84,114,amr475,babble10,0.0,0.3489321608040201,0.39903846153846156,285,1990,0.39903846153846156,285
84,114,amr475,babble10,0.01,0.3516331658291457,0.4009615384615385,285,1990,0.4009615384615385,285
84,114,amr475,babble10,0.05,0.3616834170854271,0.41183035714285715,285,1990,0.41183035714285715,285
84,114,amr122_g711u,babble10,0.0,0.2492462311557789,0.2957089552238806,285,1990,0.2957089552238806,285
84,114,amr122_g711u,babble10,0.01,0.25348618090452263,0.30223880597014924,285,1990,0.30223880597014924,285
84,114,amr122_g711u,babble10,0.05,0.26884422110552764,0.3376865671641791,285,1990,0.3376865671641791,285
84,115,g711u,clean,0.0,0.07746478873239436,0.11024305555555555,207,1633,0.11024305555555555,207
84,115,g711u,clean,0.01,0.08343539497856706,0.12152777777777778,207,1633,0.12152777777777778,207
84,115,g711u,clean,0.05,0.11248469075321495,0.1846590909090909,207,1633,0.1846590909090909,207
84,115,g711a,clean,0.0,0.07991426821800367,0.12209302325581395,207,1633,0.12209302325581395,207
84,115,g711a,clean,0.01,0.08611451316595224,0.12681159420289856,207,1633,0.12681159420289856,207
84,115,g711a,clean,0.05,0.11554654011022658,0.19176136363636365,207,1633,0.19176136363636365,207
84,115,opus16,clean,0.0,0.16338793631353338,0.2125,207,1633,0.2125,207
84,115,opus16,clean,0.01,0.17154011022657686,0.25726744186046513,207,1633,0.25726744186046513,207
84,115,opus16,clean,0.05,0.19741273729332517,0.24362244897959184,207,1633,0.24362244897959184,207
84,115,amr122,clean,0.0,0.27717391304347827,0.32954545454545453,207,1633,0.32954545454545453,207
84,115,amr122,clean,0.01,0.28088640538885484,0.34011627906976744,207,1633,0.34011627906976744,207
84,115,amr122,clean,0.05,0.30178352725045926,0.36899038461538464,207,1633,0.36899038461538464,207
84,115,amr475,clean,0.0,0.36837875076546234,0.43854166666666666,207,1633,0.43854166666666666,207
84,115,amr475,clean,0.01,0.3708665033680343,0.43645833333333334,207,1633,0.43645833333333334,207
84,115,amr475,clean,0.05,0.38051132884262096,0.4427083333333333,207,1633,0.4427083333333333,207
84,115,amr122_g711u,clean,0.0,0.285517452541335,0.33675373134328357,207,1633,0.33675373134328357,207
84,115,amr122_g711u,clean,0.01,0.2899188609920392,0.33675373134328357,207,1633,0.33675373134328357,207
84,115,amr122_g711u,clean,0.05,0.30270208205756277,0.35208333333333336,207,1633,0.35208333333333336,207
84,115,g711u,white20,0.0,0.03807106598984772,0.05625,111,985,0.05625,111
84,115,g711u,white20,0.01,0.047906091370558374,0.09375,111,985,0.09375,111
84,115,g711u,white20,0.05,0.08629441624365482,0.1690340909090909,111,985,0.1690340909090909,111
84,115,g711a,white20,0.0,0.03350253807106599,0.04838709677419355,111,985,0.04838709677419355,111
84,115,g711a,white20,0.01,0.042322335025380714,0.08948863636363637,111,985,0.08948863636363637,111
84,115,g711a,white20,0.05,0.08692893401015228,0.15307971014492755,111,985,0.15307971014492755,111
84,115,opus16,white20,0.0,0.1597715736040609,0.19622093023255813,111,985,0.19622093023255813,111
84,115,opus16,white20,0.01,0.1635786802030457,0.19622093023255813,111,985,0.19622093023255813,111
84,115,opus16,white20,0.05,0.1943527918781726,0.2549019607843137,111,985,0.2549019607843137,111
84,115,amr122,white20,0.0,0.2766497461928934,0.3340909090909091,111,985,0.3340909090909091,111
84,115,amr122,white20,0.01,0.279505076142132,0.33295454545454545,111,985,0.33295454545454545,111
84,115,amr122,white20,0.05,0.29308375634517764,0.3693181818181818,111,985,0.3693181818181818,111
84,115,amr475,white20,0.0,0.36326142131979694,0.41776315789473684,111,985,0.41776315789473684,111
84,115,amr475,white20,0.01,0.36529187817258885,0.4199561403508772,111,985,0.4199561403508772,111
84,115,amr475,white20,0.05,0.37271573604060915,0.4133771929824561,111,985,0.4133771929824561,111
84,115,amr122_g711u,white20,0.0,0.28052030456852795,0.3451492537313433,111,985,0.3451492537313433,111
84,115,amr122_g711u,white20,0.01,0.28483502538071065,0.3451492537313433,111,985,0.3451492537313433,111
84,115,amr122_g711u,white20,0.05,0.2940989847715736,0.3697033898305085,111,985,0.3697033898305085,111
84,115,g711u,babble10,0.0,0.06307311776061776,0.09833333333333333,283,2072,0.09833333333333333,283
84,115,g711u,babble10,0.01,0.07163972007722008,0.1337719298245614,283,2072,0.1337719298245614,283
84,115,g711u,babble10,0.05,0.11622224903474904,0.1952054794520548,283,2072,0.1952054794520548,283
84,115,g711a,babble10,0.0,0.059966216216216214,0.105,283,2072,0.105,283
84,115,g711a,babble10,0.01,0.06669280888030887,0.12916666666666668,283,2072,0.12916666666666668,283
84,115,g711a,babble10,0.05,0.11040057915057915,0.21199324324324326,283,2072,0.21199324324324326,283
84,115,opus16,babble10,0.0,0.16744087837837837,0.20348837209302326,283,2072,0.20348837209302326,283
84,115,opus16,babble10,0.01,0.17398648648648649,0.20942982456140352,283,2072,0.20942982456140352,283
84,115,opus16,babble10,0.05,0.19308035714285715,0.23387096774193547,283,2072,0.23387096774193547,283
84,115,amr122,babble10,0.0,0.2700289575289575,0.32060185185185186,283,2072,0.32060185185185186,283
84,115,amr122,babble10,0.01,0.2753680019305019,0.3336693548387097,283,2072,0.3336693548387097,283
84,115,amr122,babble10,0.05,0.287101833976834,0.3414351851851852,283,2072,0.3414351851851852,283
84,115,amr475,babble10,0.0,0.364261583011583,0.4107142857142857,283,2072,0.4107142857142857,283
84,115,amr475,babble10,0.01,0.3658301158301158,0.42315573770491804,283,2072,0.42315573770491804,283
84,115,amr475,babble10,0.05,0.3751808972503618,0.4323630136986301,283,2072,0.42678571428571427,283
84,115,amr122_g711u,babble10,0.0,0.2750060328185328,0.3229166666666667,283,2072,0.3229166666666667,283
84,115,amr122_g711u,babble10,0.01,0.2780224420849421,0.3229166666666667,283,2072,0.3229166666666667,283
84,115,amr122_g711u,babble10,0.05,0.2905707046332046,0.36574074074074076,283,2072,0.36574074074074076,283
84,116,g711u,clean,0.0,0.07412705399061033,0.10784313725490197,221,1704,0.10784313725490197,221
84,116,g711u,clean,0.01,0.08377347417840375,0.12797619047619047,221,1704,0.12797619047619047,221
84,116,g711u,clean,0.05,0.1112455985915493,0.1658653846153846,221,1704,0.1658653846153846,221
84,116,g711a,clean,0.0,0.07423708920187794,0.11011904761904762,221,1704,0.11011904761904762,221
84,116,g711a,clean,0.01,0.08241637323943662,0.13725490196078433,221,1704,0.13725490196078433,221
84,116,g711a,clean,0.05,0.11256602112676056,0.20833333333333334,221,1704,0.20833333333333334,221
84,116,opus16,clean,0.0,0.15254548122065728,0.18253968253968253,221,1704,0.18253968253968253,221
84,116,opus16,clean,0.01,0.1607981220657277,0.19543650793650794,221,1704,0.19543650793650794,221
84,116,opus16,clean,0.05,0.18867370892018778,0.23984375,221,1704,0.23984375,221
84,116,amr122,clean,0.0,0.2618104460093897,0.3067528735632184,221,1704,0.3067528735632184,221
84,116,amr122,clean,0.01,0.2683025234741784,0.3263888888888889,221,1704,0.3263888888888889,221
84,116,amr122,clean,0.05,0.28671508215962443,0.33676470588235297,221,1704,0.33676470588235297,221
84,116,amr475,clean,0.0,0.35390991784037557,0.4005681818181818,221,1704,0.4005681818181818,221
84,116,amr475,clean,0.01,0.3562206572769953,0.4005681818181818,221,1704,0.4005681818181818,221
84,116,amr475,clean,0.05,0.3633362676056338,0.4176587301587302,221,1704,0.4176587301587302,221
84,116,amr122_g711u,clean,0.0,0.26606514084507044,0.3070652173913043,221,1704,0.3070652173913043,221
84,116,amr122_g711u,clean,0.01,0.27009976525821594,0.328804347826087,221,1704,0.328804347826087,221
84,116,amr122_g711u,clean,0.05,0.2866417253521127,0.33125,221,1704,0.33125,221
84,116,g711u,white20,0.0,0.03692941673710905,0.05759803921568627,171,1183,0.05759803921568627,171
84,116,g711u,white20,0.01,0.042265426880811495,0.08370535714285714,171,1183,0.08370535714285714,171
84,116,g711u,white20,0.05,0.08352704987320372,0.15824468085106383,171,1183,0.15824468085106383,171
84,116,g711a,white20,0.0,0.03629543533389687,0.05612244897959184,171,1183,0.05612244897959184,171
84,116,g711a,white20,0.01,0.042582417582417584,0.0744047619047619,171,1183,0.0744047619047619,171
84,116,g711a,white20,0.05,0.08252324598478444,0.13636363636363635,171,1183,0.13636363636363635,171
84,116,opus16,white20,0.0,0.16430684699915468,0.1892605633802817,171,1183,0.1892605633802817,171
84,116,opus16,white20,0.01,0.17376373626373626,0.22872340425531915,171,1183,0.22872340425531915,171
84,116,opus16,white20,0.05,0.18723584108199492,0.25271739130434784,171,1183,0.25271739130434784,171
84,116,amr122,white20,0.0,0.27588757396449703,0.34226190476190477,171,1183,0.34226190476190477,171
84,116,amr122,white20,0.01,0.2783178360101437,0.34077380952380953,171,1183,0.34077380952380953,171
84,116,amr122,white20,0.05,0.2960693153000845,0.38392857142857145,171,1183,0.38392857142857145,171
84,116,amr475,white20,0.0,0.37056213017751477,0.4068396226415094,171,1183,0.4068396226415094,171
84,116,amr475,white20,0.01,0.37188292476754015,0.4141949152542373,171,1183,0.4141949152542373,171
84,116,amr475,white20,0.05,0.37732459847844463,0.42401960784313725,171,1183,0.42401960784313725,171
84,116,amr122_g711u,white20,0.0,0.28000845308537614,0.35267857142857145,171,1183,0.35267857142857145,171
84,116,amr122_g711u,white20,0.01,0.28317836010143704,0.3601190476190476,171,1183,0.3601190476190476,171
84,116,amr122_g711u,white20,0.05,0.30071851225697377,0.36989795918367346,171,1183,0.36989795918367346,171
84,116,g711u,babble10,0.0,0.04170398566950291,0.0847457627118644,289,2233,0.0847457627118644,289
84,116,g711u,babble10,0.01,0.048337438423645324,0.10047468354430379,289,2233,0.10047468354430379,289
84,116,g711u,babble10,0.05,0.0847794446932378,0.15178571428571427,289,2233,0.15178571428571427,289
84,116,g711a,babble10,0.0,0.039632781012091355,0.0836864406779661,289,2233,0.0836864406779661,289
84,116,g711a,babble10,0.01,0.04481079265562024,0.0836864406779661,289,2233,0.0836864406779661,289
84,116,g711a,babble10,0.05,0.08184057321988357,0.17083333333333334,289,2233,0.17083333333333334,289
84,116,opus16,babble10,0.0,0.15699171518137037,0.1875,289,2233,0.1875,289
84,116,opus16,babble10,0.01,0.1658922973578146,0.20490506329113925,289,2233,0.20490506329113925,289
84,116,opus16,babble10,0.05,0.18540080609046125,0.23214285714285715,289,2233,0.23214285714285715,289
84,116,amr122,babble10,0.0,0.23592140618002688,0.28942307692307695,289,2233,0.28942307692307695,289
84,116,amr122,babble10,0.01,0.24006381549484998,0.29140625,289,2233,0.29140625,289
84,116,amr122,babble10,0.05,0.2556258396775638,0.32916666666666666,289,2233,0.32916666666666666,289
84,116,amr475,babble10,0.0,0.33651477832512317,0.39342948717948717,289,2233,0.39342948717948717,289
84,116,amr475,babble10,0.01,0.338474025974026,0.3998397435897436,289,2233,0.3998397435897436,289
84,116,amr475,babble10,0.05,0.3491659202866099,0.39609375,289,2233,0.39609375,289
84,116,amr122_g711u,babble10,0.0,0.2380206000895656,0.28720238095238093,289,2233,0.28720238095238093,289
84,116,amr122_g711u,babble10,0.01,0.24149126735333631,0.2976190476190476,289,2233,0.2976190476190476,289
84,116,amr122_g711u,babble10,0.05,0.2599641737572772,0.3385416666666667,289,2233,0.3385416666666667,289
8842,117,g711u,clean,0.0,0.04409025787965616,0.06818181818181818,219,1745,0.06818181818181818,219
8842,117,g711u,clean,0.01,0.053760744985673355,0.09296875,219,1745,0.09296875,219
8842,117,g711u,clean,0.05,0.08241404011461317,0.16279069767441862,219,1745,0.16279069767441862,219
8842,117,g711a,clean,0.0,0.0406160458452722,0.06971153846153846,219,1745,0.06971153846153846,219
8842,117,g711a,clean,0.01,0.046275071633237824,0.0732421875,219,1745,0.0732421875,219
8842,117,g711a,clean,0.05,0.0876432664756447,0.14682539682539683,219,1745,0.14682539682539683,219
8842,117,opus16,clean,0.0,0.14586912943871708,0.19597457627118645,219,1745,0.19597457627118645,219
8842,117,opus16,clean,0.01,0.15349369988545247,0.21428571428571427,219,1745,0.21428571428571427,219
8842,117,opus16,clean,0.05,0.1791285060103034,0.2330508474576271,219,1745,0.2330508474576271,219
8842,117,amr122,clean,0.0,0.2358490566037736,0.28353658536585363,220,1745,0.27403846153846156,219
8842,117,amr122,clean,0.01,0.24038736420811893,0.28353658536585363,220,1745,0.27710843373493976,219
8842,117,amr122,clean,0.05,0.2551785714285714,0.29563492063492064,220,1745,0.29563492063492064,219
8842,117,amr475,clean,0.0,0.33352370074243287,0.4036016949152542,220,1745,0.4036016949152542,219
8842,117,amr475,clean,0.01,0.33567857142857144,0.4152542372881356,220,1745,0.4152542372881356,219
8842,117,amr475,clean,0.05,0.34591194968553457,0.4110169491525424,220,1745,0.4110169491525424,219
8842,117,amr122_g711u,clean,0.0,0.23974413950829046,0.29573170731707316,220,1745,0.28365384615384615,219
8842,117,amr122_g711u,clean,0.01,0.24288879359634077,0.29573170731707316,220,1745,0.28365384615384615,219
8842,117,amr122_g711u,clean,0.05,0.26253571428571426,0.33689024390243905,220,1745,0.32142857142857145,219
8842,117,g711u,white20,0.0,0.02199166004765687,0.039634146341463415,190,1259,0.039634146341463415,190
8842,117,g711u,white20,0.01,0.032466243050039714,0.07386363636363637,190,1259,0.07386363636363637,190
8842,117,g711u,white20,0.05,0.06388999205718825,0.14434523809523808,190,1259,0.14434523809523808,190
8842,117,g711a,white20,0.0,0.020998808578236695,0.03611111111111111,190,1259,0.03611111111111111,190
8842,117,g711a,white20,0.01,0.030381254964257347,0.07175925925925926,190,1259,0.07175925925925926,190
8842,117,g711a,white20,0.05,0.06354249404289118,0.15570175438596492,190,1259,0.15570175438596492,190
8842,117,opus16,white20,0.0,0.14530381254964259,0.17780172413793102,190,1259,0.17780172413793102,190
8842,117,opus16,white20,0.01,0.1505659253375695,0.17897727272727273,190,1259,0.17897727272727273,190
8842,117,opus16,white20,0.05,0.17340150913423352,0.21164772727272727,190,1259,0.21164772727272727,190
8842,117,amr122,white20,0.0,0.23485901509134233,0.2772177419354839,190,1259,0.2772177419354839,190
8842,117,amr122,white20,0.01,0.238532565528197,0.29375,190,1259,0.29375,190
8842,117,amr122,white20,0.05,0.2551628276409849,0.2959905660377358,190,1259,0.2959905660377358,190
8842,117,amr475,white20,0.0,0.3247120730738681,0.3854166666666667,190,1259,0.3854166666666667,190
8842,117,amr475,white20,0.01,0.3261020651310564,0.38333333333333336,190,1259,0.38333333333333336,190
8842,117,amr475,white20,0.05,0.340796266878475,0.43020833333333336,190,1259,0.43020833333333336,190
8842,117,amr122_g711u,white20,0.0,0.23788721207307387,0.2825,190,1259,0.2825,190
8842,117,amr122_g711u,white20,0.01,0.2459789515488483,0.2951388888888889,190,1259,0.2951388888888889,190
8842,117,amr122_g711u,white20,0.05,0.26107029388403497,0.3226744186046512,190,1259,0.3226744186046512,190
8842,117,g711u,babble10,0.0,0.02819631363370392,0.0625,253,1709,0.0625,253
8842,117,g711u,babble10,0.01,0.03777794031597426,0.08375,253,1709,0.08375,253
8842,117,g711u,babble10,0.05,0.0695947922761849,0.14393939393939395,253,1709,0.14393939393939395,253
8842,117,g711a,babble10,0.0,0.027830602691632532,0.05694444444444444,253,1709,0.05694444444444444,253
8842,117,g711a,babble10,0.01,0.0348888238736103,0.07552083333333333,253,1709,0.07552083333333333,253
8842,117,g711a,babble10,0.05,0.06765652428320655,0.125,253,1709,0.125,253
8842,117,opus16,babble10,0.0,0.1504008746355685,0.24305555555555555,253,1709,0.18861607142857142,253
8842,117,opus16,babble10,0.01,0.1551384839650146,0.2673611111111111,253,1709,0.2002840909090909,253
8842,117,opus16,babble10,0.05,0.17740524781341108,0.2789351851851852,253,1709,0.24390243902439024,253
8842,117,amr122,babble10,0.0,0.2269045534150613,0.28125,253,1709,0.2708333333333333,253
8842,117,amr122,babble10,0.01,0.2312098657326328,0.2845982142857143,253,1709,0.27972560975609756,253
8842,117,amr122,babble10,0.05,0.2469352014010508,0.3019230769230769,253,1709,0.3019230769230769,253
8842,117,amr475,babble10,0.0,0.3231955762514552,0.3911637931034483,253,1709,0.3759057971014493,253
8842,117,amr475,babble10,0.01,0.3240323050058207,0.3911637931034483,253,1709,0.3822463768115942,253
8842,117,amr475,babble10,0.05,0.3360375436554133,0.39978448275862066,253,1709,0.3938953488372093,253
8842,117,amr122_g711u,babble10,0.0,0.22923963806187975,0.2857142857142857,253,1709,0.2747395833333333,253
8842,117,amr122_g711u,babble10,0.01,0.2324503794512551,0.296875,253,1709,0.296875,253
8842,117,amr122_g711u,babble10,0.05,0.25167834208990075,0.30357142857142855,253,1709,0.2900641025641026,253
8842,118,g711u,clean,0.0,0.03989602169981917,0.08608490566037735,210,1659,0.08608490566037735,210
8842,118,g711u,clean,0.01,0.04848553345388788,0.09722222222222222,210,1659,0.09722222222222222,210
8842,118,g711u,clean,0.05,0.0877411091018686,0.16233766233766234,210,1659,0.16233766233766234,210
8842,118,g711a,clean,0.0,0.040988547317661245,0.09143518518518519,210,1659,0.09143518518518519,210
8842,118,g711a,clean,0.01,0.049389692585895116,0.09745762711864407,210,1659,0.09745762711864407,210
8842,118,g711a,clean,0.05,0.0886829415310428,0.15234375,210,1659,0.15234375,210
8842,118,opus16,clean,0.0,0.15011295180722892,0.18902439024390244,210,1659,0.18902439024390244,210
8842,118,opus16,clean,0.01,0.1556475903614458,0.2044491525423729,210,1659,0.2044491525423729,210
8842,118,opus16,clean,0.05,0.18136295180722892,0.23161764705882354,210,1659,0.23161764705882354,210
8842,118,amr122,clean,0.0,0.23565204326923078,0.32142857142857145,210,1659,0.2755102040816326,210
8842,118,amr122,clean,0.01,0.24196213942307693,0.33035714285714285,210,1659,0.2796610169491525,210
8842,118,amr122,clean,0.05,0.2592925659472422,0.4273255813953488,212,1659,0.3290094339622642,210
8842,118,amr475,clean,0.0,0.33312049278846156,0.42857142857142855,210,1659,0.39467592592592593,210
8842,118,amr475,clean,0.01,0.3342848557692308,0.42857142857142855,210,1659,0.3958333333333333,210
8842,118,amr475,clean,0.05,0.34619140625,0.44642857142857145,210,1659,0.41424418604651164,210
8842,118,amr122_g711u,clean,0.0,0.23824368990384615,0.33035714285714285,210,1659,0.28618421052631576,210
8842,118,amr122_g711u,clean,0.01,0.24128605769230768,0.33881578947368424,210,1659,0.2905701754385965,210
8842,118,amr122_g711u,clean,0.05,0.25987830528846156,0.3354591836734694,210,1659,0.3354591836734694,210
8842,118,g711u,white20,0.0,0.025289661319073085,0.036931818181818184,162,1122,0.036931818181818184,162
8842,118,g711u,white20,0.01,0.035483511586452764,0.08125,162,1122,0.08125,162
8842,118,g711u,white20,0.05,0.06294563279857397,0.13125,162,1122,0.13125,162
8842,118,g711a,white20,0.0,0.022393048128342245,0.03553921568627451,162,1122,0.03553921568627451,162
8842,118,g711a,white20,0.01,0.030581550802139038,0.06395348837209303,162,1122,0.06395348837209303,162
8842,118,g711a,white20,0.05,0.06779188948306596,0.13043478260869565,162,1122,0.13043478260869565,162
8842,118,opus16,white20,0.0,0.14928698752228164,0.1801470588235294,162,1122,0.1801470588235294,162
8842,118,opus16,white20,0.01,0.15580436720142601,0.19125,162,1122,0.19125,162
8842,118,opus16,white20,0.05,0.1810940285204991,0.2347560975609756,162,1122,0.2347560975609756,162
8842,118,amr122,white20,0.0,0.22665998217468805,0.2925531914893617,162,1122,0.2925531914893617,162
8842,118,amr122,white20,0.01,0.22732843137254902,0.2925531914893617,162,1122,0.2925531914893617,162
8842,118,amr122,white20,0.05,0.24793894830659535,0.31402439024390244,162,1122,0.31402439024390244,162
8842,118,amr475,white20,0.0,0.32569011576135354,0.3871951219512195,162,1122,0.3871951219512195,162
8842,118,amr475,white20,0.01,0.32836153161175424,0.38871951219512196,162,1122,0.38871951219512196,162
8842,118,amr475,white20,0.05,0.33682101513802315,0.39098837209302323,162,1122,0.39098837209302323,162
8842,118,amr122_g711u,white20,0.0,0.2295565953654189,0.2859042553191489,162,1122,0.2859042553191489,162
8842,118,amr122_g711u,white20,0.01,0.23256461675579324,0.2859042553191489,162,1122,0.2859042553191489,162
8842,118,amr122_g711u,white20,0.05,0.2547905525846702,0.29610655737704916,162,1122,0.29610655737704916,162
8842,118,g711u,babble10,0.0,0.029221222040370975,0.07954545454545454,241,1833,0.07954545454545454,241
8842,118,g711u,babble10,0.01,0.03887070376432079,0.10733695652173914,241,1833,0.10733695652173914,241
8842,118,g711u,babble10,0.05,0.0684328968903437,0.1281779661016949,241,1833,0.1281779661016949,241
8842,118,g711a,babble10,0.0,0.02720949263502455,0.075,241,1833,0.075,241
8842,118,g711a,babble10,0.01,0.03706355701036552,0.075,241,1833,0.075,241
8842,118,g711a,babble10,0.05,0.07313829787234043,0.14923469387755103,241,1833,0.14923469387755103,241
8842,118,opus16,babble10,0.0,0.155977965179543,0.22337962962962962,244,1833,0.20880681818181818,241
8842,118,opus16,babble10,0.01,0.16298286180631122,0.2528409090909091,244,1833,0.2528409090909091,241
8842,118,opus16,babble10,0.05,0.18681991294885744,0.24573863636363635,244,1833,0.24573863636363635,241
8842,118,amr122,babble10,0.0,0.23596383904295812,0.3014705882352941,242,1833,0.273972602739726,241
8842,118,amr122,babble10,0.01,0.2404499728113105,0.31004901960784315,242,1833,0.28188775510204084,241
8842,118,amr122,babble10,0.05,0.2557436106579663,0.32965686274509803,242,1833,0.30520833333333336,241
8842,118,amr475,babble10,0.0,0.331954989154013,0.399234693877551,245,1833,0.37584459459459457,241
8842,118,amr475,babble10,0.01,0.3348698481561822,0.399234693877551,245,1833,0.3806818181818182,241
8842,118,amr475,babble10,0.05,0.3459349593495935,0.42034313725490197,245,1833,0.4013671875,241
8842,118,amr122_g711u,babble10,0.0,0.2378330614464383,0.3088235294117647,242,1833,0.28061224489795916,241
8842,118,amr122_g711u,babble10,0.01,0.242047308319739,0.3190789473684211,242,1833,0.2943181818181818,241
8842,118,amr122_g711u,babble10,0.05,0.2565592713431213,0.33700980392156865,242,1833,0.31589673913043476,241
8842,119,g711u,clean,0.0,0.03038769315673289,0.049841772151898736,223,1812,0.049841772151898736,223
8842,119,g711u,clean,0.01,0.042459988962472404,0.07734375,223,1812,0.07734375,223
8842,119,g711u,clean,0.05,0.07905629139072848,0.1400862068965517,223,1812,0.1400862068965517,223
8842,119,g711a,clean,0.0,0.02711092715231788,0.048259493670886076,223,1812,0.048259493670886076,223
8842,119,g711a,clean,0.01,0.03532008830022075,0.07386363636363637,223,1812,0.07386363636363637,223
8842,119,g711a,clean,0.05,0.07377897350993377,0.12974683544303797,223,1812,0.12974683544303797,223
8842,119,opus16,clean,0.0,0.14262555187637968,0.16796875,223,1812,0.16796875,223
8842,119,opus16,clean,0.01,0.1478683774834437,0.19412878787878787,223,1812,0.19412878787878787,223
8842,119,opus16,clean,0.05,0.18032560706401765,0.246875,223,1812,0.246875,223
8842,119,amr122,clean,0.0,0.21436948123620309,0.2535112359550562,223,1812,0.2535112359550562,223
8842,119,amr122,clean,0.01,0.21875,0.2662037037037037,223,1812,0.2662037037037037,223
8842,119,amr122,clean,0.05,0.23661699779249448,0.27896341463414637,223,1812,0.27896341463414637,223
8842,119,amr475,clean,0.0,0.3226407284768212,0.3573943661971831,223,1812,0.3573943661971831,223
8842,119,amr475,clean,0.01,0.32629690949227375,0.3619791666666667,223,1812,0.3619791666666667,223
8842,119,amr475,clean,0.05,0.3371828461114175,0.3802083333333333,224,1812,0.3802083333333333,223
8842,119,amr122_g711u,clean,0.0,0.21671495584988962,0.25462962962962965,223,1812,0.25462962962962965,223
8842,119,amr122_g711u,clean,0.01,0.22023316777041943,0.27237654320987653,223,1812,0.27237654320987653,223
8842,119,amr122_g711u,clean,0.05,0.24065259381898454,0.28618421052631576,223,1812,0.28618421052631576,223
8842,119,g711u,white20,0.0,0.018195413758723827,0.033482142857142856,133,1003,0.033482142857142856,133
8842,119,g711u,white20,0.01,0.030346460618145565,0.08536585365853659,133,1003,0.08536585365853659,133
8842,119,g711u,white20,0.05,0.06997756729810568,0.16615853658536586,133,1003,0.16615853658536586,133
8842,119,g711a,white20,0.0,0.01794616151545364,0.03201219512195122,133,1003,0.03201219512195122,133
8842,119,g711a,white20,0.01,0.025548354935194417,0.04878048780487805,133,1003,0.04878048780487805,133
8842,119,g711a,white20,0.05,0.05963359920239282,0.1130952380952381,133,1003,0.1130952380952381,133
8842,119,opus16,white20,0.0,0.1408898305084746,0.17729591836734693,133,1003,0.17729591836734693,133
8842,119,opus16,white20,0.01,0.1474950149551346,0.18494897959183673,133,1003,0.18494897959183673,133
8842,119,opus16,white20,0.05,0.17422731804586242,0.2328125,133,1003,0.2328125,133
8842,119,amr122,white20,0.0,0.20357676969092722,0.24048913043478262,133,1003,0.24048913043478262,133
8842,119,amr122,white20,0.01,0.2099950149551346,0.25679347826086957,133,1003,0.25679347826086957,133
8842,119,amr122,white20,0.05,0.22962362911266201,0.26766304347826086,133,1003,0.26766304347826086,133
8842,119,amr475,white20,0.0,0.3020937188434696,0.3425925925925926,133,1003,0.3425925925925926,133
8842,119,amr475,white20,0.01,0.3039007976071785,0.34782608695652173,133,1003,0.34782608695652173,133
8842,119,amr475,white20,0.05,0.3131231306081755,0.375,133,1003,0.375,133
8842,119,amr122_g711u,white20,0.0,0.20438683948155534,0.24421296296296297,133,1003,0.24421296296296297,133
8842,119,amr122_g711u,white20,0.01,0.20918494516450648,0.24872448979591838,133,1003,0.24872448979591838,133
8842,119,amr122_g711u,white20,0.05,0.22968594217347957,0.28869047619047616,133,1003,0.28869047619047616,133
8842,119,g711u,babble10,0.0,0.025066844919786096,0.04741379310344827,276,2057,0.04741379310344827,276
8842,119,g711u,babble10,0.01,0.03266285853184249,0.078125,276,2057,0.078125,276
8842,119,g711u,babble10,0.05,0.06799951385512883,0.16622340425531915,276,2057,0.16622340425531915,276
8842,119,g711a,babble10,0.0,0.02345649003403014,0.05654761904761905,276,2057,0.05654761904761905,276
8842,119,g711a,babble10,0.01,0.02874331550802139,0.06554878048780488,276,2057,0.06554878048780488,276
8842,119,g711a,babble10,0.05,0.07987967914438503,0.15878378378378377,276,2057,0.15878378378378377,276
8842,119,opus16,babble10,0.0,0.15070491006319883,0.19435975609756098,276,2057,0.19435975609756098,276
8842,119,opus16,babble10,0.01,0.15617403986387943,0.20426829268292682,276,2057,0.20426829268292682,276
8842,119,opus16,babble10,0.05,0.1798736023334954,0.22517123287671234,276,2057,0.22517123287671234,276
8842,119,amr122,babble10,0.0,0.22128706854642682,0.28075396825396826,276,2057,0.28075396825396826,276
8842,119,amr122,babble10,0.01,0.22657389402041808,0.28075396825396826,276,2057,0.28075396825396826,276
8842,119,amr122,babble10,0.05,0.24140131259115216,0.2963709677419355,276,2057,0.2963709677419355,276
8842,119,amr475,babble10,0.0,0.3285123966942149,0.37600806451612906,276,2057,0.37600806451612906,276
8842,119,amr475,babble10,0.01,0.3303354399611084,0.3816489361702128,276,2057,0.3816489361702128,276
8842,119,amr475,babble10,0.05,0.34412980068060284,0.3971774193548387,276,2057,0.3971774193548387,276
8842,119,amr122_g711u,babble10,0.0,0.2241127856101118,0.28869047619047616,276,2057,0.28869047619047616,276
8842,119,amr122_g711u,babble10,0.01,0.22879192999513856,0.28869047619047616,276,2057,0.28869047619047616,276
8842,119,amr122_g711u,babble10,0.05,0.24598930481283424,0.33365384615384613,276,2057,0.33365384615384613,276
